timestamp,date,shift,tph,power_kw,specific_energy_kwh_t,util,mill_fill_pct,mill_speed_pct,f80_mm,pattern_id,notes
2026-04-02T00:00:00,2026-04-02,N,3022.3,24271.1,8.031,95.9,24.2,73.7,97.9,A185-001-18,"A-185-08-18 hourly synthetic SAG Mill dataset; Bozshakol avg 3000-3300tph, ~25MW operating draw"
2026-04-02T01:00:00,2026-04-02,N,3128.8,24772.6,7.918,90.1,24.9,73.8,106.7,A185-001-18,"A-185-08-18 hourly synthetic SAG Mill dataset; Bozshakol avg 3000-3300tph, ~25MW operating draw"
2026-04-02T02:00:00,2026-04-02,N,3033.8,24339.0,8.023,98.6,24.3,73.7,99.2,A185-001-18,"A-185-08-18 hourly synthetic SAG Mill dataset; Bozshakol avg 3000-3300tph, ~25MW operating draw"
2026-04-02T03:00:00,2026-04-02,N,2947.9,24548.2,8.327,92.1,25.5,73.2,106.2,A185-001-18,"A-185-08-18 hourly synthetic SAG Mill dataset; Bozshakol avg 3000-3300tph, ~25MW operating draw"
2026-04-02T04:00:00,2026-04-02,N,3116.4,24373.2,7.821,92.2,23.8,74.0,98.0,A185-001-18,"A-185-08-18 hourly synthetic SAG Mill dataset; Bozshakol avg 3000-3300tph, ~25MW operating draw"
2026-04-02T05:00:00,2026-04-02,N,3055.9,24631.0,8.06,90.6,25.0,73.6,105.3,A185-001-18,"A-185-08-18 hourly synthetic SAG Mill dataset; Bozshakol avg 3000-3300tph, ~25MW operating draw"
2026-04-02T06:00:00,2026-04-02,D,2894.7,24161.3,8.347,95.5,24.7,73.2,98.6,A185-001-18,"A-185-08-18 hourly synthetic SAG Mill dataset; Bozshakol avg 3000-3300tph, ~25MW operating draw"
2026-04-02T07:00:00,2026-04-02,D,3064.1,24342.7,7.944,90.5,24.1,73.8,98.5,A185-001-18,"A-185-08-18 hourly synthetic SAG Mill dataset; Bozshakol avg 3000-3300tph, ~25MW operating draw"
2026-04-02T08:00:00,2026-04-02,D,2836.6,24239.5,8.545,95.9,25.4,72.9,101.9,A185-001-18,"A-185-08-18 hourly synthetic SAG Mill dataset; Bozshakol avg 3000-3300tph, ~25MW operating draw"
2026-04-02T09:00:00,2026-04-02,D,3079.9,24694.4,8.018,89.7,25.0,73.7,106.1,A185-001-18,"A-185-08-18 hourly synthetic SAG Mill dataset; Bozshakol avg 3000-3300tph, ~25MW operating draw"
2026-04-02T10:00:00,2026-04-02,D,3277.6,24779.7,7.56,89.0,23.9,74.5,103.2,A185-001-18,"A-185-08-18 hourly synthetic SAG Mill dataset; Bozshakol avg 3000-3300tph, ~25MW operating draw"
2026-04-02T11:00:00,2026-04-02,D,2908.1,24208.1,8.324,93.3,24.8,73.2,99.3,A185-001-18,"A-185-08-18 hourly synthetic SAG Mill dataset; Bozshakol avg 3000-3300tph, ~25MW operating draw"
2026-04-02T12:00:00,2026-04-02,D,3446.0,25185.9,7.309,90.3,23.8,75.0,108.2,A185-001-18,"A-185-08-18 hourly synthetic SAG Mill dataset; Bozshakol avg 3000-3300tph, ~25MW operating draw"
2026-04-02T13:00:00,2026-04-02,D,3272.8,24889.4,7.605,96.9,24.2,74.4,105.7,A185-001-18,"A-185-08-18 hourly synthetic SAG Mill dataset; Bozshakol avg 3000-3300tph, ~25MW operating draw"
2026-04-02T14:00:00,2026-04-02,D,3470.5,25449.0,7.333,94.4,24.4,74.9,113.2,A185-001-18,"A-185-08-18 hourly synthetic SAG Mill dataset; Bozshakol avg 3000-3300tph, ~25MW operating draw"
2026-04-02T15:00:00,2026-04-02,D,3326.1,24948.1,7.501,91.5,24.0,74.6,105.8,A185-001-18,"A-185-08-18 hourly synthetic SAG Mill dataset; Bozshakol avg 3000-3300tph, ~25MW operating draw"
2026-04-02T16:00:00,2026-04-02,D,3476.8,25017.9,7.196,91.3,23.2,75.2,103.9,A185-001-18,"A-185-08-18 hourly synthetic SAG Mill dataset; Bozshakol avg 3000-3300tph, ~25MW operating draw"
2026-04-02T17:00:00,2026-04-02,D,3418.7,24802.3,7.255,86.9,23.0,75.1,100.5,A185-001-18,"A-185-08-18 hourly synthetic SAG Mill dataset; Bozshakol avg 3000-3300tph, ~25MW operating draw"
2026-04-02T18:00:00,2026-04-02,N,3466.2,25090.1,7.239,90.3,23.4,75.1,105.6,A185-001-18,"A-185-08-18 hourly synthetic SAG Mill dataset; Bozshakol avg 3000-3300tph, ~25MW operating draw"
2026-04-02T19:00:00,2026-04-02,N,3591.4,24968.9,6.952,86.9,22.3,75.7,100.3,A185-001-18,"A-185-08-18 hourly synthetic SAG Mill dataset; Bozshakol avg 3000-3300tph, ~25MW operating draw"
2026-04-02T20:00:00,2026-04-02,N,3525.2,25150.9,7.135,92.1,23.2,75.3,105.6,A185-001-18,"A-185-08-18 hourly synthetic SAG Mill dataset; Bozshakol avg 3000-3300tph, ~25MW operating draw"
2026-04-02T21:00:00,2026-04-02,N,3392.3,24701.3,7.282,90.2,22.9,75.0,98.9,A185-001-18,"A-185-08-18 hourly synthetic SAG Mill dataset; Bozshakol avg 3000-3300tph, ~25MW operating draw"
2026-04-02T22:00:00,2026-04-02,N,3286.2,24648.3,7.501,91.5,23.4,74.6,100.1,A185-001-18,"A-185-08-18 hourly synthetic SAG Mill dataset; Bozshakol avg 3000-3300tph, ~25MW operating draw"
2026-04-02T23:00:00,2026-04-02,N,2981.5,24073.1,8.074,91.2,23.9,73.6,94.4,A185-001-18,"A-185-08-18 hourly synthetic SAG Mill dataset; Bozshakol avg 3000-3300tph, ~25MW operating draw"
2026-04-03T00:00:00,2026-04-03,N,3385.1,25266.3,7.464,87.0,24.4,74.7,111.3,A185-001-18,"A-185-08-18 hourly synthetic SAG Mill dataset; Bozshakol avg 3000-3300tph, ~25MW operating draw"
2026-04-03T01:00:00,2026-04-03,N,3176.8,25059.2,7.888,90.9,25.3,73.9,111.9,A185-001-18,"A-185-08-18 hourly synthetic SAG Mill dataset; Bozshakol avg 3000-3300tph, ~25MW operating draw"
2026-04-03T02:00:00,2026-04-03,N,3048.7,24665.3,8.09,97.9,25.1,73.5,106.2,A185-001-18,"A-185-08-18 hourly synthetic SAG Mill dataset; Bozshakol avg 3000-3300tph, ~25MW operating draw"
2026-04-03T03:00:00,2026-04-03,N,3138.4,24293.6,7.741,87.0,23.4,74.2,95.7,A185-001-18,"A-185-08-18 hourly synthetic SAG Mill dataset; Bozshakol avg 3000-3300tph, ~25MW operating draw"
2026-04-03T04:00:00,2026-04-03,N,3137.0,24809.1,7.909,93.5,24.9,73.8,107.3,A185-001-18,"A-185-08-18 hourly synthetic SAG Mill dataset; Bozshakol avg 3000-3300tph, ~25MW operating draw"
2026-04-03T05:00:00,2026-04-03,N,3295.8,24957.6,7.573,88.2,24.2,74.5,106.7,A185-001-18,"A-185-08-18 hourly synthetic SAG Mill dataset; Bozshakol avg 3000-3300tph, ~25MW operating draw"
2026-04-03T06:00:00,2026-04-03,D,3218.6,25115.8,7.803,94.3,25.2,74.0,112.1,A185-001-18,"A-185-08-18 hourly synthetic SAG Mill dataset; Bozshakol avg 3000-3300tph, ~25MW operating draw"
2026-04-03T07:00:00,2026-04-03,D,3386.1,24486.7,7.232,97.5,22.4,75.1,94.4,A185-001-18,"A-185-08-18 hourly synthetic SAG Mill dataset; Bozshakol avg 3000-3300tph, ~25MW operating draw"
2026-04-03T08:00:00,2026-04-03,D,3652.4,25102.5,6.873,96.3,22.3,75.9,101.9,A185-001-18,"A-185-08-18 hourly synthetic SAG Mill dataset; Bozshakol avg 3000-3300tph, ~25MW operating draw"
2026-04-03T09:00:00,2026-04-03,D,3286.7,24756.0,7.532,88.6,23.7,74.5,102.5,A185-001-18,"A-185-08-18 hourly synthetic SAG Mill dataset; Bozshakol avg 3000-3300tph, ~25MW operating draw"
2026-04-03T10:00:00,2026-04-03,D,3270.4,24965.3,7.634,87.2,24.4,74.3,107.5,A185-001-18,"A-185-08-18 hourly synthetic SAG Mill dataset; Bozshakol avg 3000-3300tph, ~25MW operating draw"
2026-04-03T11:00:00,2026-04-03,D,3228.7,24865.8,7.701,97.0,24.4,74.2,106.3,A185-001-18,"A-185-08-18 hourly synthetic SAG Mill dataset; Bozshakol avg 3000-3300tph, ~25MW operating draw"
2026-04-03T12:00:00,2026-04-03,D,3620.7,25326.9,6.995,91.1,23.1,75.7,107.2,A185-001-18,"A-185-08-18 hourly synthetic SAG Mill dataset; Bozshakol avg 3000-3300tph, ~25MW operating draw"
2026-04-03T13:00:00,2026-04-03,D,3338.1,24910.2,7.462,97.3,23.8,74.7,104.7,A185-001-18,"A-185-08-18 hourly synthetic SAG Mill dataset; Bozshakol avg 3000-3300tph, ~25MW operating draw"
2026-04-03T14:00:00,2026-04-03,D,3609.7,25410.5,7.04,96.6,23.3,75.6,109.2,A185-001-18,"A-185-08-18 hourly synthetic SAG Mill dataset; Bozshakol avg 3000-3300tph, ~25MW operating draw"
2026-04-03T15:00:00,2026-04-03,D,3435.5,24764.1,7.208,89.3,22.8,75.2,99.3,A185-001-18,"A-185-08-18 hourly synthetic SAG Mill dataset; Bozshakol avg 3000-3300tph, ~25MW operating draw"
2026-04-03T16:00:00,2026-04-03,D,3194.6,24379.3,7.631,85.2,23.3,74.4,96.3,A185-001-18,"A-185-08-18 hourly synthetic SAG Mill dataset; Bozshakol avg 3000-3300tph, ~25MW operating draw"
2026-04-03T17:00:00,2026-04-03,D,3269.0,24676.3,7.549,97.8,23.6,74.5,101.1,A185-001-18,"A-185-08-18 hourly synthetic SAG Mill dataset; Bozshakol avg 3000-3300tph, ~25MW operating draw"
2026-04-03T18:00:00,2026-04-03,N,3206.1,24596.5,7.672,86.4,23.8,74.3,100.8,A185-001-18,"A-185-08-18 hourly synthetic SAG Mill dataset; Bozshakol avg 3000-3300tph, ~25MW operating draw"
2026-04-03T19:00:00,2026-04-03,N,3308.3,24834.8,7.507,85.2,23.8,74.6,103.7,A185-001-18,"A-185-08-18 hourly synthetic SAG Mill dataset; Bozshakol avg 3000-3300tph, ~25MW operating draw"
2026-04-03T20:00:00,2026-04-03,N,3275.2,24267.9,7.41,89.2,22.5,74.8,92.0,A185-001-18,"A-185-08-18 hourly synthetic SAG Mill dataset; Bozshakol avg 3000-3300tph, ~25MW operating draw"
2026-04-03T21:00:00,2026-04-03,N,3231.5,24331.1,7.529,84.0,22.9,74.6,94.4,A185-001-18,"A-185-08-18 hourly synthetic SAG Mill dataset; Bozshakol avg 3000-3300tph, ~25MW operating draw"
2026-04-03T22:00:00,2026-04-03,N,3288.6,24989.4,7.599,94.5,24.4,74.4,107.6,A185-001-18,"A-185-08-18 hourly synthetic SAG Mill dataset; Bozshakol avg 3000-3300tph, ~25MW operating draw"
2026-04-03T23:00:00,2026-04-03,N,2924.9,23840.5,8.151,95.6,23.6,73.5,90.4,A185-001-18,"A-185-08-18 hourly synthetic SAG Mill dataset; Bozshakol avg 3000-3300tph, ~25MW operating draw"
2026-04-04T00:00:00,2026-04-04,N,3128.8,24321.6,7.773,88.5,23.6,74.1,96.5,A185-001-18,"A-185-08-18 hourly synthetic SAG Mill dataset; Bozshakol avg 3000-3300tph, ~25MW operating draw"
2026-04-04T01:00:00,2026-04-04,N,3349.6,24379.5,7.278,85.4,22.3,75.0,92.8,A185-001-18,"A-185-08-18 hourly synthetic SAG Mill dataset; Bozshakol avg 3000-3300tph, ~25MW operating draw"
2026-04-04T02:00:00,2026-04-04,N,3421.6,25338.3,7.405,96.5,24.4,74.8,112.0,A185-001-18,"A-185-08-18 hourly synthetic SAG Mill dataset; Bozshakol avg 3000-3300tph, ~25MW operating draw"
2026-04-04T03:00:00,2026-04-04,N,3231.1,24333.0,7.531,92.7,22.9,74.5,94.4,A185-001-18,"A-185-08-18 hourly synthetic SAG Mill dataset; Bozshakol avg 3000-3300tph, ~25MW operating draw"
2026-04-04T04:00:00,2026-04-04,N,3571.3,25204.8,7.058,90.8,23.1,75.5,105.7,A185-001-18,"A-185-08-18 hourly synthetic SAG Mill dataset; Bozshakol avg 3000-3300tph, ~25MW operating draw"
2026-04-04T05:00:00,2026-04-04,N,3601.0,24900.1,6.915,82.5,22.1,75.8,98.7,A185-001-18,"A-185-08-18 hourly synthetic SAG Mill dataset; Bozshakol avg 3000-3300tph, ~25MW operating draw"
2026-04-04T06:00:00,2026-04-04,D,3765.6,25314.0,6.722,86.2,22.1,76.3,103.9,A185-001-18,"A-185-08-18 hourly synthetic SAG Mill dataset; Bozshakol avg 3000-3300tph, ~25MW operating draw"
2026-04-04T07:00:00,2026-04-04,D,3765.6,25890.7,6.876,93.8,23.5,76.0,115.8,A185-001-18,"A-185-08-18 hourly synthetic SAG Mill dataset; Bozshakol avg 3000-3300tph, ~25MW operating draw"
2026-04-04T08:00:00,2026-04-04,D,3646.6,25044.0,6.868,88.2,22.2,75.9,100.8,A185-001-18,"A-185-08-18 hourly synthetic SAG Mill dataset; Bozshakol avg 3000-3300tph, ~25MW operating draw"
2026-04-04T09:00:00,2026-04-04,D,3708.5,25720.3,6.935,92.2,23.5,75.8,113.6,A185-001-18,"A-185-08-18 hourly synthetic SAG Mill dataset; Bozshakol avg 3000-3300tph, ~25MW operating draw"
2026-04-04T10:00:00,2026-04-04,D,3923.0,25955.3,6.616,91.3,22.7,76.6,113.8,A185-001-18,"A-185-08-18 hourly synthetic SAG Mill dataset; Bozshakol avg 3000-3300tph, ~25MW operating draw"
2026-04-04T11:00:00,2026-04-04,D,3623.6,25342.7,6.994,88.7,23.1,75.7,107.5,A185-001-18,"A-185-08-18 hourly synthetic SAG Mill dataset; Bozshakol avg 3000-3300tph, ~25MW operating draw"
2026-04-04T12:00:00,2026-04-04,D,3604.4,25281.7,7.014,92.5,23.0,75.6,106.7,A185-001-18,"A-185-08-18 hourly synthetic SAG Mill dataset; Bozshakol avg 3000-3300tph, ~25MW operating draw"
2026-04-04T13:00:00,2026-04-04,D,3558.3,24785.1,6.965,86.2,22.1,75.7,97.1,A185-001-18,"A-185-08-18 hourly synthetic SAG Mill dataset; Bozshakol avg 3000-3300tph, ~25MW operating draw"
2026-04-04T14:00:00,2026-04-04,D,3614.5,25003.7,6.918,87.6,22.3,75.8,100.6,A185-001-18,"A-185-08-18 hourly synthetic SAG Mill dataset; Bozshakol avg 3000-3300tph, ~25MW operating draw"
2026-04-04T15:00:00,2026-04-04,D,3618.8,25005.6,6.91,88.3,22.2,75.8,100.5,A185-001-18,"A-185-08-18 hourly synthetic SAG Mill dataset; Bozshakol avg 3000-3300tph, ~25MW operating draw"
2026-04-04T16:00:00,2026-04-04,D,3317.0,24566.0,7.406,85.7,23.0,74.8,97.6,A185-001-18,"A-185-08-18 hourly synthetic SAG Mill dataset; Bozshakol avg 3000-3300tph, ~25MW operating draw"
2026-04-04T17:00:00,2026-04-04,D,3532.4,25433.8,7.2,92.3,23.9,75.2,111.5,A185-001-18,"A-185-08-18 hourly synthetic SAG Mill dataset; Bozshakol avg 3000-3300tph, ~25MW operating draw"
2026-04-04T18:00:00,2026-04-04,N,3147.6,24402.1,7.753,84.8,23.7,74.1,97.9,A185-001-18,"A-185-08-18 hourly synthetic SAG Mill dataset; Bozshakol avg 3000-3300tph, ~25MW operating draw"
2026-04-04T19:00:00,2026-04-04,N,3214.7,24936.6,7.757,93.3,24.7,74.1,108.2,A185-001-18,"A-185-08-18 hourly synthetic SAG Mill dataset; Bozshakol avg 3000-3300tph, ~25MW operating draw"
2026-04-04T20:00:00,2026-04-04,N,3048.7,23741.1,7.787,77.2,22.5,74.1,85.2,A185-001-18,"A-185-08-18 hourly synthetic SAG Mill dataset; Bozshakol avg 3000-3300tph, ~25MW operating draw"
2026-04-04T21:00:00,2026-04-04,N,3273.8,25190.6,7.695,89.9,25.0,74.2,112.4,A185-001-18,"A-185-08-18 hourly synthetic SAG Mill dataset; Bozshakol avg 3000-3300tph, ~25MW operating draw"
2026-04-04T22:00:00,2026-04-04,N,3105.8,24828.5,7.994,93.4,25.2,73.7,108.5,A185-001-18,"A-185-08-18 hourly synthetic SAG Mill dataset; Bozshakol avg 3000-3300tph, ~25MW operating draw"
2026-04-04T23:00:00,2026-04-04,N,3111.6,24473.8,7.865,85.0,24.1,73.9,100.4,A185-001-18,"A-185-08-18 hourly synthetic SAG Mill dataset; Bozshakol avg 3000-3300tph, ~25MW operating draw"
2026-04-05T00:00:00,2026-04-05,N,3258.9,24830.0,7.619,93.1,24.1,74.4,104.8,A185-001-18,"A-185-08-18 hourly synthetic SAG Mill dataset; Bozshakol avg 3000-3300tph, ~25MW operating draw"
2026-04-05T01:00:00,2026-04-05,N,3471.0,24886.9,7.17,84.6,22.9,75.3,101.2,A185-001-18,"A-185-08-18 hourly synthetic SAG Mill dataset; Bozshakol avg 3000-3300tph, ~25MW operating draw"
2026-04-05T02:00:00,2026-04-05,N,3105.3,24228.8,7.802,93.6,23.5,74.1,95.0,A185-001-18,"A-185-08-18 hourly synthetic SAG Mill dataset; Bozshakol avg 3000-3300tph, ~25MW operating draw"
2026-04-05T03:00:00,2026-04-05,N,3303.0,24592.6,7.446,85.8,23.2,74.7,98.5,A185-001-18,"A-185-08-18 hourly synthetic SAG Mill dataset; Bozshakol avg 3000-3300tph, ~25MW operating draw"
2026-04-05T04:00:00,2026-04-05,N,3311.7,24889.7,7.516,85.6,23.9,74.6,104.8,A185-001-18,"A-185-08-18 hourly synthetic SAG Mill dataset; Bozshakol avg 3000-3300tph, ~25MW operating draw"
2026-04-05T05:00:00,2026-04-05,N,3406.7,25130.4,7.377,89.4,23.9,74.8,107.9,A185-001-18,"A-185-08-18 hourly synthetic SAG Mill dataset; Bozshakol avg 3000-3300tph, ~25MW operating draw"
2026-04-05T06:00:00,2026-04-05,D,3486.4,25136.8,7.21,92.7,23.4,75.2,106.2,A185-001-18,"A-185-08-18 hourly synthetic SAG Mill dataset; Bozshakol avg 3000-3300tph, ~25MW operating draw"
2026-04-05T07:00:00,2026-04-05,D,3400.9,25079.9,7.374,85.9,23.8,74.8,106.9,A185-001-18,"A-185-08-18 hourly synthetic SAG Mill dataset; Bozshakol avg 3000-3300tph, ~25MW operating draw"
2026-04-05T08:00:00,2026-04-05,D,3560.3,25310.7,7.109,92.7,23.4,75.4,108.2,A185-001-18,"A-185-08-18 hourly synthetic SAG Mill dataset; Bozshakol avg 3000-3300tph, ~25MW operating draw"
2026-04-05T09:00:00,2026-04-05,D,2986.8,24285.6,8.131,92.6,24.5,73.5,99.1,A185-001-18,"A-185-08-18 hourly synthetic SAG Mill dataset; Bozshakol avg 3000-3300tph, ~25MW operating draw"
2026-04-05T10:00:00,2026-04-05,D,3522.3,24930.7,7.078,100.0,22.7,75.5,101.0,A185-001-18,"A-185-08-18 hourly synthetic SAG Mill dataset; Bozshakol avg 3000-3300tph, ~25MW operating draw"
2026-04-05T11:00:00,2026-04-05,D,3517.5,25433.5,7.231,90.1,24.0,75.1,111.8,A185-001-18,"A-185-08-18 hourly synthetic SAG Mill dataset; Bozshakol avg 3000-3300tph, ~25MW operating draw"
2026-04-05T12:00:00,2026-04-05,D,3699.9,25450.0,6.879,100.0,22.9,75.9,108.1,A185-001-18,"A-185-08-18 hourly synthetic SAG Mill dataset; Bozshakol avg 3000-3300tph, ~25MW operating draw"
2026-04-05T13:00:00,2026-04-05,D,3817.0,25901.3,6.786,94.2,23.2,76.2,114.9,A185-001-18,"A-185-08-18 hourly synthetic SAG Mill dataset; Bozshakol avg 3000-3300tph, ~25MW operating draw"
2026-04-05T14:00:00,2026-04-05,D,3263.7,24291.8,7.443,86.3,22.6,74.7,92.8,A185-001-18,"A-185-08-18 hourly synthetic SAG Mill dataset; Bozshakol avg 3000-3300tph, ~25MW operating draw"
2026-04-05T15:00:00,2026-04-05,D,3674.9,25458.5,6.928,93.8,23.0,75.8,108.8,A185-001-18,"A-185-08-18 hourly synthetic SAG Mill dataset; Bozshakol avg 3000-3300tph, ~25MW operating draw"
2026-04-05T16:00:00,2026-04-05,D,3193.1,24920.8,7.805,91.4,24.8,74.0,108.4,A185-001-18,"A-185-08-18 hourly synthetic SAG Mill dataset; Bozshakol avg 3000-3300tph, ~25MW operating draw"
2026-04-05T17:00:00,2026-04-05,D,3312.2,25167.8,7.599,93.4,24.7,74.4,110.9,A185-001-18,"A-185-08-18 hourly synthetic SAG Mill dataset; Bozshakol avg 3000-3300tph, ~25MW operating draw"
2026-04-05T18:00:00,2026-04-05,N,3090.9,24285.5,7.857,95.4,23.7,74.0,96.6,A185-001-18,"A-185-08-18 hourly synthetic SAG Mill dataset; Bozshakol avg 3000-3300tph, ~25MW operating draw"
2026-04-05T19:00:00,2026-04-05,N,2940.7,23892.7,8.125,77.0,23.6,73.5,91.2,A185-001-18,"A-185-08-18 hourly synthetic SAG Mill dataset; Bozshakol avg 3000-3300tph, ~25MW operating draw"
2026-04-05T20:00:00,2026-04-05,N,2998.3,24277.8,8.097,90.3,24.4,73.6,98.7,A185-001-18,"A-185-08-18 hourly synthetic SAG Mill dataset; Bozshakol avg 3000-3300tph, ~25MW operating draw"
2026-04-05T21:00:00,2026-04-05,N,3270.9,24855.8,7.599,89.4,24.1,74.4,105.1,A185-001-18,"A-185-08-18 hourly synthetic SAG Mill dataset; Bozshakol avg 3000-3300tph, ~25MW operating draw"
2026-04-05T22:00:00,2026-04-05,N,3047.7,24572.2,8.063,96.9,24.9,73.6,104.2,A185-001-18,"A-185-08-18 hourly synthetic SAG Mill dataset; Bozshakol avg 3000-3300tph, ~25MW operating draw"
2026-04-05T23:00:00,2026-04-05,N,2874.0,24414.5,8.495,94.1,25.6,72.9,105.0,A185-001-18,"A-185-08-18 hourly synthetic SAG Mill dataset; Bozshakol avg 3000-3300tph, ~25MW operating draw"
2026-04-06T00:00:00,2026-04-06,N,3157.2,24764.7,7.844,94.1,24.6,74.0,105.8,A185-001-18,"A-185-08-18 hourly synthetic SAG Mill dataset; Bozshakol avg 3000-3300tph, ~25MW operating draw"
2026-04-06T01:00:00,2026-04-06,N,2930.2,24309.7,8.296,88.2,24.9,73.2,101.1,A185-001-18,"A-185-08-18 hourly synthetic SAG Mill dataset; Bozshakol avg 3000-3300tph, ~25MW operating draw"
2026-04-06T02:00:00,2026-04-06,N,2804.0,23741.1,8.467,89.6,24.1,73.0,91.0,A185-001-18,"A-185-08-18 hourly synthetic SAG Mill dataset; Bozshakol avg 3000-3300tph, ~25MW operating draw"
2026-04-06T03:00:00,2026-04-06,N,2977.7,24690.2,8.292,84.0,25.7,73.2,108.6,A185-001-18,"A-185-08-18 hourly synthetic SAG Mill dataset; Bozshakol avg 3000-3300tph, ~25MW operating draw"
2026-04-06T04:00:00,2026-04-06,N,3136.0,24807.6,7.911,94.3,24.9,73.8,107.3,A185-001-18,"A-185-08-18 hourly synthetic SAG Mill dataset; Bozshakol avg 3000-3300tph, ~25MW operating draw"
2026-04-06T05:00:00,2026-04-06,N,3256.0,24362.5,7.482,86.3,22.9,74.6,94.5,A185-001-18,"A-185-08-18 hourly synthetic SAG Mill dataset; Bozshakol avg 3000-3300tph, ~25MW operating draw"
2026-04-06T06:00:00,2026-04-06,D,3560.7,25479.8,7.156,92.6,23.8,75.3,111.8,A185-001-18,"A-185-08-18 hourly synthetic SAG Mill dataset; Bozshakol avg 3000-3300tph, ~25MW operating draw"
2026-04-06T07:00:00,2026-04-06,D,3704.2,25450.1,6.871,91.7,22.8,76.0,108.0,A185-001-18,"A-185-08-18 hourly synthetic SAG Mill dataset; Bozshakol avg 3000-3300tph, ~25MW operating draw"
2026-04-06T08:00:00,2026-04-06,D,3645.2,24798.4,6.803,85.5,21.5,76.1,95.6,A185-001-18,"A-185-08-18 hourly synthetic SAG Mill dataset; Bozshakol avg 3000-3300tph, ~25MW operating draw"
2026-04-06T09:00:00,2026-04-06,D,3772.8,25415.7,6.737,85.6,22.3,76.3,105.9,A185-001-18,"A-185-08-18 hourly synthetic SAG Mill dataset; Bozshakol avg 3000-3300tph, ~25MW operating draw"
2026-04-06T10:00:00,2026-04-06,D,3659.6,25253.9,6.901,90.7,22.6,75.9,104.9,A185-001-18,"A-185-08-18 hourly synthetic SAG Mill dataset; Bozshakol avg 3000-3300tph, ~25MW operating draw"
2026-04-06T11:00:00,2026-04-06,D,3690.8,25633.9,6.945,90.5,23.4,75.8,112.1,A185-001-18,"A-185-08-18 hourly synthetic SAG Mill dataset; Bozshakol avg 3000-3300tph, ~25MW operating draw"
2026-04-06T12:00:00,2026-04-06,D,3261.3,24779.0,7.598,86.3,24.0,74.4,103.6,A185-001-18,"A-185-08-18 hourly synthetic SAG Mill dataset; Bozshakol avg 3000-3300tph, ~25MW operating draw"
2026-04-06T13:00:00,2026-04-06,D,3558.3,25139.6,7.065,92.9,23.0,75.5,104.7,A185-001-18,"A-185-08-18 hourly synthetic SAG Mill dataset; Bozshakol avg 3000-3300tph, ~25MW operating draw"
2026-04-06T14:00:00,2026-04-06,D,3337.6,24669.8,7.391,94.7,23.2,74.8,99.4,A185-001-18,"A-185-08-18 hourly synthetic SAG Mill dataset; Bozshakol avg 3000-3300tph, ~25MW operating draw"
2026-04-06T15:00:00,2026-04-06,D,3398.5,24739.4,7.28,91.5,23.0,75.0,99.6,A185-001-18,"A-185-08-18 hourly synthetic SAG Mill dataset; Bozshakol avg 3000-3300tph, ~25MW operating draw"
2026-04-06T16:00:00,2026-04-06,D,3067.4,24161.8,7.877,90.6,23.6,73.9,94.4,A185-001-18,"A-185-08-18 hourly synthetic SAG Mill dataset; Bozshakol avg 3000-3300tph, ~25MW operating draw"
2026-04-06T17:00:00,2026-04-06,D,3431.6,25092.6,7.312,94.5,23.7,75.0,106.5,A185-001-18,"A-185-08-18 hourly synthetic SAG Mill dataset; Bozshakol avg 3000-3300tph, ~25MW operating draw"
2026-04-06T18:00:00,2026-04-06,N,2931.6,23803.0,8.119,80.7,23.4,73.6,89.4,A185-001-18,"A-185-08-18 hourly synthetic SAG Mill dataset; Bozshakol avg 3000-3300tph, ~25MW operating draw"
2026-04-06T19:00:00,2026-04-06,N,3328.5,24955.8,7.498,90.3,24.0,74.6,105.9,A185-001-18,"A-185-08-18 hourly synthetic SAG Mill dataset; Bozshakol avg 3000-3300tph, ~25MW operating draw"
2026-04-06T20:00:00,2026-04-06,N,3214.7,24693.2,7.681,89.1,24.0,74.3,102.8,A185-001-18,"A-185-08-18 hourly synthetic SAG Mill dataset; Bozshakol avg 3000-3300tph, ~25MW operating draw"
2026-04-06T21:00:00,2026-04-06,N,2646.6,23541.4,8.895,98.7,24.6,72.5,90.3,A185-001-18,"A-185-08-18 hourly synthetic SAG Mill dataset; Bozshakol avg 3000-3300tph, ~25MW operating draw"
2026-04-06T22:00:00,2026-04-06,N,3182.6,24556.5,7.716,90.1,23.9,74.2,100.5,A185-001-18,"A-185-08-18 hourly synthetic SAG Mill dataset; Bozshakol avg 3000-3300tph, ~25MW operating draw"
2026-04-06T23:00:00,2026-04-06,N,2917.2,24582.3,8.427,86.7,25.8,73.0,107.8,A185-001-18,"A-185-08-18 hourly synthetic SAG Mill dataset; Bozshakol avg 3000-3300tph, ~25MW operating draw"
2026-04-07T00:00:00,2026-04-07,N,3140.4,24278.1,7.731,97.4,23.4,74.2,95.3,A185-001-18,"A-185-08-18 hourly synthetic SAG Mill dataset; Bozshakol avg 3000-3300tph, ~25MW operating draw"
2026-04-07T01:00:00,2026-04-07,N,3077.5,24445.9,7.943,87.6,24.3,73.8,100.6,A185-001-18,"A-185-08-18 hourly synthetic SAG Mill dataset; Bozshakol avg 3000-3300tph, ~25MW operating draw"
2026-04-07T02:00:00,2026-04-07,N,3062.1,24200.0,7.903,93.2,23.7,73.9,95.3,A185-001-18,"A-185-08-18 hourly synthetic SAG Mill dataset; Bozshakol avg 3000-3300tph, ~25MW operating draw"
2026-04-07T03:00:00,2026-04-07,N,3116.4,23945.2,7.684,87.9,22.6,74.3,88.3,A185-001-18,"A-185-08-18 hourly synthetic SAG Mill dataset; Bozshakol avg 3000-3300tph, ~25MW operating draw"
2026-04-07T04:00:00,2026-04-07,N,3066.9,24192.7,7.888,89.7,23.6,73.9,95.1,A185-001-18,"A-185-08-18 hourly synthetic SAG Mill dataset; Bozshakol avg 3000-3300tph, ~25MW operating draw"
2026-04-07T05:00:00,2026-04-07,N,3099.6,24397.8,7.871,98.9,24.0,73.9,98.9,A185-001-18,"A-185-08-18 hourly synthetic SAG Mill dataset; Bozshakol avg 3000-3300tph, ~25MW operating draw"
2026-04-07T06:00:00,2026-04-07,D,3517.1,25132.9,7.146,87.3,23.2,75.3,105.4,A185-001-18,"A-185-08-18 hourly synthetic SAG Mill dataset; Bozshakol avg 3000-3300tph, ~25MW operating draw"
2026-04-07T07:00:00,2026-04-07,D,3223.4,24758.4,7.681,90.1,24.2,74.3,104.0,A185-001-18,"A-185-08-18 hourly synthetic SAG Mill dataset; Bozshakol avg 3000-3300tph, ~25MW operating draw"
2026-04-07T08:00:00,2026-04-07,D,3335.7,25003.1,7.496,93.4,24.1,74.6,106.8,A185-001-18,"A-185-08-18 hourly synthetic SAG Mill dataset; Bozshakol avg 3000-3300tph, ~25MW operating draw"
2026-04-07T09:00:00,2026-04-07,D,3285.3,24624.8,7.495,89.1,23.4,74.6,99.6,A185-001-18,"A-185-08-18 hourly synthetic SAG Mill dataset; Bozshakol avg 3000-3300tph, ~25MW operating draw"
2026-04-07T10:00:00,2026-04-07,D,2961.4,23885.8,8.066,86.3,23.5,73.6,90.6,A185-001-18,"A-185-08-18 hourly synthetic SAG Mill dataset; Bozshakol avg 3000-3300tph, ~25MW operating draw"
2026-04-07T11:00:00,2026-04-07,D,3202.3,24975.8,7.799,91.7,24.9,74.0,109.4,A185-001-18,"A-185-08-18 hourly synthetic SAG Mill dataset; Bozshakol avg 3000-3300tph, ~25MW operating draw"
2026-04-07T12:00:00,2026-04-07,D,2715.7,23938.0,8.815,94.6,25.4,72.5,98.0,A185-001-18,"A-185-08-18 hourly synthetic SAG Mill dataset; Bozshakol avg 3000-3300tph, ~25MW operating draw"
2026-04-07T13:00:00,2026-04-07,D,2788.1,23757.5,8.521,82.9,24.3,73.0,91.8,A185-001-18,"A-185-08-18 hourly synthetic SAG Mill dataset; Bozshakol avg 3000-3300tph, ~25MW operating draw"
2026-04-07T14:00:00,2026-04-07,D,2663.8,23747.6,8.915,93.9,25.1,72.4,94.8,A185-001-18,"A-185-08-18 hourly synthetic SAG Mill dataset; Bozshakol avg 3000-3300tph, ~25MW operating draw"
2026-04-07T15:00:00,2026-04-07,D,2644.2,23494.6,8.885,90.6,24.5,72.5,89.2,A185-001-18,"A-185-08-18 hourly synthetic SAG Mill dataset; Bozshakol avg 3000-3300tph, ~25MW operating draw"
2026-04-07T16:00:00,2026-04-07,D,2815.5,23963.2,8.511,90.4,24.7,72.9,96.0,A185-001-18,"A-185-08-18 hourly synthetic SAG Mill dataset; Bozshakol avg 3000-3300tph, ~25MW operating draw"
2026-04-07T17:00:00,2026-04-07,D,2784.8,23938.0,8.596,90.6,24.9,72.8,96.2,A185-001-18,"A-185-08-18 hourly synthetic SAG Mill dataset; Bozshakol avg 3000-3300tph, ~25MW operating draw"
2026-04-07T18:00:00,2026-04-07,N,2939.3,24370.7,8.291,88.9,25.0,73.2,102.3,A185-001-18,"A-185-08-18 hourly synthetic SAG Mill dataset; Bozshakol avg 3000-3300tph, ~25MW operating draw"
2026-04-07T19:00:00,2026-04-07,N,2949.8,24129.7,8.18,86.2,24.3,73.4,96.5,A185-001-18,"A-185-08-18 hourly synthetic SAG Mill dataset; Bozshakol avg 3000-3300tph, ~25MW operating draw"
2026-04-07T20:00:00,2026-04-07,N,2899.0,23827.8,8.219,88.4,23.7,73.4,90.7,A185-001-18,"A-185-08-18 hourly synthetic SAG Mill dataset; Bozshakol avg 3000-3300tph, ~25MW operating draw"
2026-04-07T21:00:00,2026-04-07,N,2748.3,24022.4,8.741,88.1,25.4,72.6,99.1,A185-001-18,"A-185-08-18 hourly synthetic SAG Mill dataset; Bozshakol avg 3000-3300tph, ~25MW operating draw"
2026-04-07T22:00:00,2026-04-07,N,2822.7,23742.5,8.411,88.6,24.0,73.1,90.6,A185-001-18,"A-185-08-18 hourly synthetic SAG Mill dataset; Bozshakol avg 3000-3300tph, ~25MW operating draw"
2026-04-07T23:00:00,2026-04-07,N,3132.2,24434.1,7.801,87.8,23.9,74.1,99.0,A185-001-18,"A-185-08-18 hourly synthetic SAG Mill dataset; Bozshakol avg 3000-3300tph, ~25MW operating draw"
2026-04-08T00:00:00,2026-04-08,N,2959.9,24178.4,8.169,88.3,24.3,73.4,97.3,A185-001-18,"A-185-08-18 hourly synthetic SAG Mill dataset; Bozshakol avg 3000-3300tph, ~25MW operating draw"
2026-04-08T01:00:00,2026-04-08,N,3043.4,24225.5,7.96,81.3,23.9,73.8,96.4,A185-001-18,"A-185-08-18 hourly synthetic SAG Mill dataset; Bozshakol avg 3000-3300tph, ~25MW operating draw"
2026-04-08T02:00:00,2026-04-08,N,2962.8,23970.3,8.09,82.3,23.7,73.6,92.5,A185-001-18,"A-185-08-18 hourly synthetic SAG Mill dataset; Bozshakol avg 3000-3300tph, ~25MW operating draw"
2026-04-08T03:00:00,2026-04-08,N,3065.5,24329.7,7.937,76.0,24.0,73.8,98.2,A185-001-18,"A-185-08-18 hourly synthetic SAG Mill dataset; Bozshakol avg 3000-3300tph, ~25MW operating draw"
2026-04-08T04:00:00,2026-04-08,N,3206.1,24779.9,7.729,94.1,24.3,74.2,104.9,A185-001-18,"A-185-08-18 hourly synthetic SAG Mill dataset; Bozshakol avg 3000-3300tph, ~25MW operating draw"
2026-04-08T05:00:00,2026-04-08,N,3146.1,24314.6,7.728,71.6,23.5,74.2,96.0,A185-001-18,"A-185-08-18 hourly synthetic SAG Mill dataset; Bozshakol avg 3000-3300tph, ~25MW operating draw"
2026-04-08T06:00:00,2026-04-08,D,3127.9,24495.3,7.831,90.0,24.1,74.0,100.4,A185-001-18,"A-185-08-18 hourly synthetic SAG Mill dataset; Bozshakol avg 3000-3300tph, ~25MW operating draw"
2026-04-08T07:00:00,2026-04-08,D,3083.7,24241.2,7.861,89.5,23.7,74.0,95.8,A185-001-18,"A-185-08-18 hourly synthetic SAG Mill dataset; Bozshakol avg 3000-3300tph, ~25MW operating draw"
2026-04-08T08:00:00,2026-04-08,D,3183.5,24959.7,7.84,94.4,25.0,74.0,109.5,A185-001-18,"A-185-08-18 hourly synthetic SAG Mill dataset; Bozshakol avg 3000-3300tph, ~25MW operating draw"
2026-04-08T09:00:00,2026-04-08,D,3105.8,24275.4,7.816,90.5,23.6,74.0,96.0,A185-001-18,"A-185-08-18 hourly synthetic SAG Mill dataset; Bozshakol avg 3000-3300tph, ~25MW operating draw"
2026-04-08T10:00:00,2026-04-08,D,3530.0,25043.9,7.095,94.7,22.9,75.4,103.2,A185-001-18,"A-185-08-18 hourly synthetic SAG Mill dataset; Bozshakol avg 3000-3300tph, ~25MW operating draw"
2026-04-08T11:00:00,2026-04-08,D,3346.2,25416.7,7.596,90.8,25.1,74.4,115.5,A185-001-18,"A-185-08-18 hourly synthetic SAG Mill dataset; Bozshakol avg 3000-3300tph, ~25MW operating draw"
2026-04-08T12:00:00,2026-04-08,D,3283.8,24747.8,7.536,89.2,23.7,74.5,102.4,A185-001-18,"A-185-08-18 hourly synthetic SAG Mill dataset; Bozshakol avg 3000-3300tph, ~25MW operating draw"
2026-04-08T13:00:00,2026-04-08,D,3334.7,24938.0,7.478,90.6,23.9,74.6,105.4,A185-001-18,"A-185-08-18 hourly synthetic SAG Mill dataset; Bozshakol avg 3000-3300tph, ~25MW operating draw"
2026-04-08T14:00:00,2026-04-08,D,3022.8,24286.0,8.034,82.5,24.2,73.7,98.3,A185-001-18,"A-185-08-18 hourly synthetic SAG Mill dataset; Bozshakol avg 3000-3300tph, ~25MW operating draw"
2026-04-08T15:00:00,2026-04-08,D,3153.3,24424.3,7.746,92.9,23.7,74.2,98.2,A185-001-18,"A-185-08-18 hourly synthetic SAG Mill dataset; Bozshakol avg 3000-3300tph, ~25MW operating draw"
2026-04-08T16:00:00,2026-04-08,D,3245.0,24432.4,7.529,81.5,23.1,74.5,96.3,A185-001-18,"A-185-08-18 hourly synthetic SAG Mill dataset; Bozshakol avg 3000-3300tph, ~25MW operating draw"
2026-04-08T17:00:00,2026-04-08,D,2986.3,24616.0,8.243,93.1,25.4,73.3,106.7,A185-001-18,"A-185-08-18 hourly synthetic SAG Mill dataset; Bozshakol avg 3000-3300tph, ~25MW operating draw"
2026-04-08T18:00:00,2026-04-08,N,3002.1,24324.9,8.103,92.4,24.5,73.5,99.6,A185-001-18,"A-185-08-18 hourly synthetic SAG Mill dataset; Bozshakol avg 3000-3300tph, ~25MW operating draw"
2026-04-08T19:00:00,2026-04-08,N,2840.4,24364.9,8.578,90.2,25.7,72.8,104.7,A185-001-18,"A-185-08-18 hourly synthetic SAG Mill dataset; Bozshakol avg 3000-3300tph, ~25MW operating draw"
2026-04-08T20:00:00,2026-04-08,N,3044.9,24424.6,8.021,92.7,24.5,73.7,100.9,A185-001-18,"A-185-08-18 hourly synthetic SAG Mill dataset; Bozshakol avg 3000-3300tph, ~25MW operating draw"
2026-04-08T21:00:00,2026-04-08,N,2783.8,23443.6,8.421,90.7,23.4,73.1,84.5,A185-001-18,"A-185-08-18 hourly synthetic SAG Mill dataset; Bozshakol avg 3000-3300tph, ~25MW operating draw"
2026-04-08T22:00:00,2026-04-08,N,2872.6,24224.3,8.433,94.4,25.1,73.0,100.6,A185-001-18,"A-185-08-18 hourly synthetic SAG Mill dataset; Bozshakol avg 3000-3300tph, ~25MW operating draw"
2026-04-08T23:00:00,2026-04-08,N,2968.1,24549.4,8.271,97.2,25.4,73.2,105.7,A185-001-18,"A-185-08-18 hourly synthetic SAG Mill dataset; Bozshakol avg 3000-3300tph, ~25MW operating draw"
2026-04-09T00:00:00,2026-04-09,N,2788.1,24346.4,8.732,92.9,26.1,72.6,105.7,A185-001-18,"A-185-08-18 hourly synthetic SAG Mill dataset; Bozshakol avg 3000-3300tph, ~25MW operating draw"
2026-04-09T01:00:00,2026-04-09,N,3036.7,24358.7,8.021,90.0,24.3,73.7,99.6,A185-001-18,"A-185-08-18 hourly synthetic SAG Mill dataset; Bozshakol avg 3000-3300tph, ~25MW operating draw"
2026-04-09T02:00:00,2026-04-09,N,2912.4,23646.4,8.119,90.1,23.1,73.6,86.2,A185-001-18,"A-185-08-18 hourly synthetic SAG Mill dataset; Bozshakol avg 3000-3300tph, ~25MW operating draw"
2026-04-09T03:00:00,2026-04-09,N,2824.1,24039.6,8.512,97.5,24.9,72.9,97.5,A185-001-18,"A-185-08-18 hourly synthetic SAG Mill dataset; Bozshakol avg 3000-3300tph, ~25MW operating draw"
2026-04-09T04:00:00,2026-04-09,N,3067.4,24306.4,7.924,92.8,24.0,73.8,97.6,A185-001-18,"A-185-08-18 hourly synthetic SAG Mill dataset; Bozshakol avg 3000-3300tph, ~25MW operating draw"
2026-04-09T05:00:00,2026-04-09,N,3124.5,24242.9,7.759,88.5,23.4,74.1,94.9,A185-001-18,"A-185-08-18 hourly synthetic SAG Mill dataset; Bozshakol avg 3000-3300tph, ~25MW operating draw"
2026-04-09T06:00:00,2026-04-09,D,3301.6,24599.1,7.451,86.3,23.2,74.7,98.7,A185-001-18,"A-185-08-18 hourly synthetic SAG Mill dataset; Bozshakol avg 3000-3300tph, ~25MW operating draw"
2026-04-09T07:00:00,2026-04-09,D,3334.7,24473.0,7.339,92.9,22.7,74.9,95.2,A185-001-18,"A-185-08-18 hourly synthetic SAG Mill dataset; Bozshakol avg 3000-3300tph, ~25MW operating draw"
2026-04-09T08:00:00,2026-04-09,D,3513.7,25623.8,7.293,94.7,24.5,75.0,116.0,A185-001-18,"A-185-08-18 hourly synthetic SAG Mill dataset; Bozshakol avg 3000-3300tph, ~25MW operating draw"
2026-04-09T09:00:00,2026-04-09,D,3488.3,25622.2,7.345,88.5,24.7,74.9,116.5,A185-001-18,"A-185-08-18 hourly synthetic SAG Mill dataset; Bozshakol avg 3000-3300tph, ~25MW operating draw"
2026-04-09T10:00:00,2026-04-09,D,3391.8,25158.0,7.417,88.3,24.1,74.8,108.8,A185-001-18,"A-185-08-18 hourly synthetic SAG Mill dataset; Bozshakol avg 3000-3300tph, ~25MW operating draw"
2026-04-09T11:00:00,2026-04-09,D,3543.9,25317.1,7.144,95.3,23.5,75.3,108.7,A185-001-18,"A-185-08-18 hourly synthetic SAG Mill dataset; Bozshakol avg 3000-3300tph, ~25MW operating draw"
2026-04-09T12:00:00,2026-04-09,D,3709.0,25725.4,6.936,88.7,23.5,75.8,113.6,A185-001-18,"A-185-08-18 hourly synthetic SAG Mill dataset; Bozshakol avg 3000-3300tph, ~25MW operating draw"
2026-04-09T13:00:00,2026-04-09,D,3788.7,25531.0,6.739,91.7,22.5,76.3,107.9,A185-001-18,"A-185-08-18 hourly synthetic SAG Mill dataset; Bozshakol avg 3000-3300tph, ~25MW operating draw"
2026-04-09T14:00:00,2026-04-09,D,3613.5,25656.7,7.1,90.1,23.9,75.4,114.3,A185-001-18,"A-185-08-18 hourly synthetic SAG Mill dataset; Bozshakol avg 3000-3300tph, ~25MW operating draw"
2026-04-09T15:00:00,2026-04-09,D,3260.8,24514.5,7.518,94.3,23.2,74.6,97.8,A185-001-18,"A-185-08-18 hourly synthetic SAG Mill dataset; Bozshakol avg 3000-3300tph, ~25MW operating draw"
2026-04-09T16:00:00,2026-04-09,D,3591.0,25204.4,7.019,86.7,22.9,75.6,105.3,A185-001-18,"A-185-08-18 hourly synthetic SAG Mill dataset; Bozshakol avg 3000-3300tph, ~25MW operating draw"
2026-04-09T17:00:00,2026-04-09,D,3325.1,24785.2,7.454,92.1,23.6,74.7,102.2,A185-001-18,"A-185-08-18 hourly synthetic SAG Mill dataset; Bozshakol avg 3000-3300tph, ~25MW operating draw"
2026-04-09T18:00:00,2026-04-09,N,3575.6,25307.7,7.078,98.7,23.3,75.5,107.8,A185-001-18,"A-185-08-18 hourly synthetic SAG Mill dataset; Bozshakol avg 3000-3300tph, ~25MW operating draw"
2026-04-09T19:00:00,2026-04-09,N,3283.8,24722.2,7.529,84.7,23.7,74.5,101.8,A185-001-18,"A-185-08-18 hourly synthetic SAG Mill dataset; Bozshakol avg 3000-3300tph, ~25MW operating draw"
2026-04-09T20:00:00,2026-04-09,N,3509.4,24901.9,7.096,85.8,22.7,75.4,100.7,A185-001-18,"A-185-08-18 hourly synthetic SAG Mill dataset; Bozshakol avg 3000-3300tph, ~25MW operating draw"
2026-04-09T21:00:00,2026-04-09,N,3468.1,25158.3,7.254,91.2,23.6,75.1,107.1,A185-001-18,"A-185-08-18 hourly synthetic SAG Mill dataset; Bozshakol avg 3000-3300tph, ~25MW operating draw"
2026-04-09T22:00:00,2026-04-09,N,3108.2,24164.3,7.774,81.1,23.3,74.1,93.5,A185-001-18,"A-185-08-18 hourly synthetic SAG Mill dataset; Bozshakol avg 3000-3300tph, ~25MW operating draw"
2026-04-09T23:00:00,2026-04-09,N,3030.0,24304.7,8.021,91.4,24.2,73.7,98.5,A185-001-18,"A-185-08-18 hourly synthetic SAG Mill dataset; Bozshakol avg 3000-3300tph, ~25MW operating draw"
2026-04-10T00:00:00,2026-04-10,N,3116.8,24063.2,7.72,88.0,22.9,74.2,91.0,A185-001-18,"A-185-08-18 hourly synthetic SAG Mill dataset; Bozshakol avg 3000-3300tph, ~25MW operating draw"
2026-04-10T01:00:00,2026-04-10,N,3011.3,24279.7,8.063,92.1,24.3,73.6,98.4,A185-001-18,"A-185-08-18 hourly synthetic SAG Mill dataset; Bozshakol avg 3000-3300tph, ~25MW operating draw"
2026-04-10T02:00:00,2026-04-10,N,3407.7,24884.2,7.302,89.1,23.3,75.0,102.5,A185-001-18,"A-185-08-18 hourly synthetic SAG Mill dataset; Bozshakol avg 3000-3300tph, ~25MW operating draw"
2026-04-10T03:00:00,2026-04-10,N,3280.0,25091.8,7.65,91.5,24.7,74.3,110.0,A185-001-18,"A-185-08-18 hourly synthetic SAG Mill dataset; Bozshakol avg 3000-3300tph, ~25MW operating draw"
2026-04-10T04:00:00,2026-04-10,N,2819.8,23918.5,8.482,83.8,24.5,73.0,94.8,A185-001-18,"A-185-08-18 hourly synthetic SAG Mill dataset; Bozshakol avg 3000-3300tph, ~25MW operating draw"
2026-04-10T05:00:00,2026-04-10,N,3015.1,23914.0,7.931,82.5,23.2,73.9,89.9,A185-001-18,"A-185-08-18 hourly synthetic SAG Mill dataset; Bozshakol avg 3000-3300tph, ~25MW operating draw"
2026-04-10T06:00:00,2026-04-10,D,3147.1,24521.3,7.792,93.3,24.0,74.1,100.6,A185-001-18,"A-185-08-18 hourly synthetic SAG Mill dataset; Bozshakol avg 3000-3300tph, ~25MW operating draw"
2026-04-10T07:00:00,2026-04-10,D,2993.5,24016.8,8.023,89.1,23.6,73.7,92.8,A185-001-18,"A-185-08-18 hourly synthetic SAG Mill dataset; Bozshakol avg 3000-3300tph, ~25MW operating draw"
2026-04-10T08:00:00,2026-04-10,D,3030.5,24310.8,8.022,86.4,24.2,73.7,98.6,A185-001-18,"A-185-08-18 hourly synthetic SAG Mill dataset; Bozshakol avg 3000-3300tph, ~25MW operating draw"
2026-04-10T09:00:00,2026-04-10,D,3276.2,24985.2,7.626,94.2,24.4,74.3,107.8,A185-001-18,"A-185-08-18 hourly synthetic SAG Mill dataset; Bozshakol avg 3000-3300tph, ~25MW operating draw"
2026-04-10T10:00:00,2026-04-10,D,3284.8,24745.6,7.533,83.2,23.7,74.5,102.3,A185-001-18,"A-185-08-18 hourly synthetic SAG Mill dataset; Bozshakol avg 3000-3300tph, ~25MW operating draw"
2026-04-10T11:00:00,2026-04-10,D,3161.5,24398.7,7.717,87.5,23.6,74.2,97.5,A185-001-18,"A-185-08-18 hourly synthetic SAG Mill dataset; Bozshakol avg 3000-3300tph, ~25MW operating draw"
2026-04-10T12:00:00,2026-04-10,D,3185.0,24647.0,7.738,88.9,24.1,74.2,102.5,A185-001-18,"A-185-08-18 hourly synthetic SAG Mill dataset; Bozshakol avg 3000-3300tph, ~25MW operating draw"
2026-04-10T13:00:00,2026-04-10,D,3258.9,24456.4,7.504,82.3,23.1,74.6,96.5,A185-001-18,"A-185-08-18 hourly synthetic SAG Mill dataset; Bozshakol avg 3000-3300tph, ~25MW operating draw"
2026-04-10T14:00:00,2026-04-10,D,3446.0,24912.2,7.229,78.8,23.1,75.1,102.3,A185-001-18,"A-185-08-18 hourly synthetic SAG Mill dataset; Bozshakol avg 3000-3300tph, ~25MW operating draw"
2026-04-10T15:00:00,2026-04-10,D,3478.7,24733.3,7.11,94.9,22.4,75.4,97.7,A185-001-18,"A-185-08-18 hourly synthetic SAG Mill dataset; Bozshakol avg 3000-3300tph, ~25MW operating draw"
2026-04-10T16:00:00,2026-04-10,D,3277.6,24565.6,7.495,88.6,23.3,74.6,98.5,A185-001-18,"A-185-08-18 hourly synthetic SAG Mill dataset; Bozshakol avg 3000-3300tph, ~25MW operating draw"
2026-04-10T17:00:00,2026-04-10,D,3075.6,24328.5,7.91,90.1,24.0,73.9,97.9,A185-001-18,"A-185-08-18 hourly synthetic SAG Mill dataset; Bozshakol avg 3000-3300tph, ~25MW operating draw"
2026-04-10T18:00:00,2026-04-10,N,2852.9,23790.4,8.339,91.9,23.9,73.2,91.0,A185-001-18,"A-185-08-18 hourly synthetic SAG Mill dataset; Bozshakol avg 3000-3300tph, ~25MW operating draw"
2026-04-10T19:00:00,2026-04-10,N,3079.4,24382.7,7.918,85.1,24.1,73.8,99.1,A185-001-18,"A-185-08-18 hourly synthetic SAG Mill dataset; Bozshakol avg 3000-3300tph, ~25MW operating draw"
2026-04-10T20:00:00,2026-04-10,N,2612.5,24136.5,9.239,91.1,26.7,71.9,105.6,A185-001-18,"A-185-08-18 hourly synthetic SAG Mill dataset; Bozshakol avg 3000-3300tph, ~25MW operating draw"
2026-04-10T21:00:00,2026-04-10,N,2624.0,23521.5,8.964,71.7,24.7,72.4,90.4,A185-001-18,"A-185-08-18 hourly synthetic SAG Mill dataset; Bozshakol avg 3000-3300tph, ~25MW operating draw"
2026-04-10T22:00:00,2026-04-10,N,2728.6,23609.9,8.653,89.6,24.3,72.8,89.8,A185-001-18,"A-185-08-18 hourly synthetic SAG Mill dataset; Bozshakol avg 3000-3300tph, ~25MW operating draw"
2026-04-10T23:00:00,2026-04-10,N,2828.0,23664.0,8.368,91.3,23.7,73.2,88.6,A185-001-18,"A-185-08-18 hourly synthetic SAG Mill dataset; Bozshakol avg 3000-3300tph, ~25MW operating draw"
2026-04-11T00:00:00,2026-04-11,N,2858.2,23799.9,8.327,95.5,23.9,73.2,91.1,A185-001-18,"A-185-08-18 hourly synthetic SAG Mill dataset; Bozshakol avg 3000-3300tph, ~25MW operating draw"
2026-04-11T01:00:00,2026-04-11,N,2889.4,24467.5,8.468,92.4,25.7,72.9,105.8,A185-001-18,"A-185-08-18 hourly synthetic SAG Mill dataset; Bozshakol avg 3000-3300tph, ~25MW operating draw"
2026-04-11T02:00:00,2026-04-11,N,2982.0,23945.0,8.03,90.2,23.5,73.7,91.4,A185-001-18,"A-185-08-18 hourly synthetic SAG Mill dataset; Bozshakol avg 3000-3300tph, ~25MW operating draw"
2026-04-11T03:00:00,2026-04-11,N,3044.9,24503.1,8.047,89.7,24.7,73.6,102.7,A185-001-18,"A-185-08-18 hourly synthetic SAG Mill dataset; Bozshakol avg 3000-3300tph, ~25MW operating draw"
2026-04-11T04:00:00,2026-04-11,N,2718.1,23195.6,8.534,71.7,23.1,73.0,80.2,A185-001-18,"A-185-08-18 hourly synthetic SAG Mill dataset; Bozshakol avg 3000-3300tph, ~25MW operating draw"
2026-04-11T05:00:00,2026-04-11,N,2973.8,24041.1,8.084,92.6,23.8,73.6,93.8,A185-001-18,"A-185-08-18 hourly synthetic SAG Mill dataset; Bozshakol avg 3000-3300tph, ~25MW operating draw"
2026-04-11T06:00:00,2026-04-11,D,3332.8,24545.1,7.365,84.0,22.9,74.9,96.8,A185-001-18,"A-185-08-18 hourly synthetic SAG Mill dataset; Bozshakol avg 3000-3300tph, ~25MW operating draw"
2026-04-11T07:00:00,2026-04-11,D,3160.0,24731.4,7.826,94.4,24.5,74.0,105.0,A185-001-18,"A-185-08-18 hourly synthetic SAG Mill dataset; Bozshakol avg 3000-3300tph, ~25MW operating draw"
2026-04-11T08:00:00,2026-04-11,D,3168.7,24725.1,7.803,88.3,24.4,74.0,104.6,A185-001-18,"A-185-08-18 hourly synthetic SAG Mill dataset; Bozshakol avg 3000-3300tph, ~25MW operating draw"
2026-04-11T09:00:00,2026-04-11,D,3706.1,25550.6,6.894,89.1,23.1,75.9,110.1,A185-001-18,"A-185-08-18 hourly synthetic SAG Mill dataset; Bozshakol avg 3000-3300tph, ~25MW operating draw"
2026-04-11T10:00:00,2026-04-11,D,3502.7,25235.8,7.205,81.1,23.6,75.2,107.9,A185-001-18,"A-185-08-18 hourly synthetic SAG Mill dataset; Bozshakol avg 3000-3300tph, ~25MW operating draw"
2026-04-11T11:00:00,2026-04-11,D,3268.0,24742.0,7.571,86.1,23.8,74.5,102.6,A185-001-18,"A-185-08-18 hourly synthetic SAG Mill dataset; Bozshakol avg 3000-3300tph, ~25MW operating draw"
2026-04-11T12:00:00,2026-04-11,D,2903.3,24421.3,8.412,94.1,25.4,73.0,104.4,A185-001-18,"A-185-08-18 hourly synthetic SAG Mill dataset; Bozshakol avg 3000-3300tph, ~25MW operating draw"
2026-04-11T13:00:00,2026-04-11,D,3074.6,24081.2,7.832,85.9,23.3,74.0,92.4,A185-001-18,"A-185-08-18 hourly synthetic SAG Mill dataset; Bozshakol avg 3000-3300tph, ~25MW operating draw"
2026-04-11T14:00:00,2026-04-11,D,3002.6,24564.0,8.181,90.4,25.1,73.4,105.1,A185-001-18,"A-185-08-18 hourly synthetic SAG Mill dataset; Bozshakol avg 3000-3300tph, ~25MW operating draw"
2026-04-11T15:00:00,2026-04-11,D,3256.5,24610.0,7.557,84.4,23.5,74.5,100.0,A185-001-18,"A-185-08-18 hourly synthetic SAG Mill dataset; Bozshakol avg 3000-3300tph, ~25MW operating draw"
2026-04-11T16:00:00,2026-04-11,D,3440.8,25340.9,7.365,91.8,24.3,74.9,111.6,A185-001-18,"A-185-08-18 hourly synthetic SAG Mill dataset; Bozshakol avg 3000-3300tph, ~25MW operating draw"
2026-04-11T17:00:00,2026-04-11,D,3329.9,24775.8,7.44,83.5,23.5,74.7,101.9,A185-001-18,"A-185-08-18 hourly synthetic SAG Mill dataset; Bozshakol avg 3000-3300tph, ~25MW operating draw"
2026-04-11T18:00:00,2026-04-11,N,3105.8,24371.3,7.847,89.0,23.9,74.0,98.2,A185-001-18,"A-185-08-18 hourly synthetic SAG Mill dataset; Bozshakol avg 3000-3300tph, ~25MW operating draw"
2026-04-11T19:00:00,2026-04-11,N,3475.3,25269.0,7.271,96.7,23.9,75.1,109.3,A185-001-18,"A-185-08-18 hourly synthetic SAG Mill dataset; Bozshakol avg 3000-3300tph, ~25MW operating draw"
2026-04-11T20:00:00,2026-04-11,N,3180.2,24510.4,7.707,87.9,23.8,74.2,99.5,A185-001-18,"A-185-08-18 hourly synthetic SAG Mill dataset; Bozshakol avg 3000-3300tph, ~25MW operating draw"
2026-04-11T21:00:00,2026-04-11,N,2982.5,23867.6,8.003,80.3,23.3,73.7,89.6,A185-001-18,"A-185-08-18 hourly synthetic SAG Mill dataset; Bozshakol avg 3000-3300tph, ~25MW operating draw"
2026-04-11T22:00:00,2026-04-11,N,3081.8,24743.6,8.029,98.6,25.1,73.6,107.2,A185-001-18,"A-185-08-18 hourly synthetic SAG Mill dataset; Bozshakol avg 3000-3300tph, ~25MW operating draw"
2026-04-11T23:00:00,2026-04-11,N,3145.2,25106.5,7.982,91.6,25.7,73.7,113.7,A185-001-18,"A-185-08-18 hourly synthetic SAG Mill dataset; Bozshakol avg 3000-3300tph, ~25MW operating draw"
2026-04-12T00:00:00,2026-04-12,N,3095.2,24244.7,7.833,86.5,23.6,74.0,95.6,A185-001-18,"A-185-08-18 hourly synthetic SAG Mill dataset; Bozshakol avg 3000-3300tph, ~25MW operating draw"
2026-04-12T01:00:00,2026-04-12,N,3156.7,24777.9,7.849,90.5,24.7,73.9,106.1,A185-001-18,"A-185-08-18 hourly synthetic SAG Mill dataset; Bozshakol avg 3000-3300tph, ~25MW operating draw"
2026-04-12T02:00:00,2026-04-12,N,2776.6,23901.3,8.608,94.3,24.8,72.8,95.5,A185-001-18,"A-185-08-18 hourly synthetic SAG Mill dataset; Bozshakol avg 3000-3300tph, ~25MW operating draw"
2026-04-12T03:00:00,2026-04-12,N,3105.3,24683.6,7.949,91.5,24.8,73.8,105.2,A185-001-18,"A-185-08-18 hourly synthetic SAG Mill dataset; Bozshakol avg 3000-3300tph, ~25MW operating draw"
2026-04-12T04:00:00,2026-04-12,N,3090.9,24115.8,7.802,87.6,23.3,74.1,92.8,A185-001-18,"A-185-08-18 hourly synthetic SAG Mill dataset; Bozshakol avg 3000-3300tph, ~25MW operating draw"
2026-04-12T05:00:00,2026-04-12,N,2948.4,24298.1,8.241,90.1,24.8,73.3,100.4,A185-001-18,"A-185-08-18 hourly synthetic SAG Mill dataset; Bozshakol avg 3000-3300tph, ~25MW operating draw"
2026-04-12T06:00:00,2026-04-12,D,3101.0,24601.8,7.934,89.2,24.6,73.8,103.5,A185-001-18,"A-185-08-18 hourly synthetic SAG Mill dataset; Bozshakol avg 3000-3300tph, ~25MW operating draw"
2026-04-12T07:00:00,2026-04-12,D,3457.6,25141.1,7.271,91.8,23.6,75.1,106.9,A185-001-18,"A-185-08-18 hourly synthetic SAG Mill dataset; Bozshakol avg 3000-3300tph, ~25MW operating draw"
2026-04-12T08:00:00,2026-04-12,D,3197.0,24694.5,7.724,85.8,24.2,74.2,103.2,A185-001-18,"A-185-08-18 hourly synthetic SAG Mill dataset; Bozshakol avg 3000-3300tph, ~25MW operating draw"
2026-04-12T09:00:00,2026-04-12,D,3128.4,24427.4,7.808,94.6,23.9,74.0,98.9,A185-001-18,"A-185-08-18 hourly synthetic SAG Mill dataset; Bozshakol avg 3000-3300tph, ~25MW operating draw"
2026-04-12T10:00:00,2026-04-12,D,3065.5,23853.2,7.781,84.6,22.7,74.1,87.4,A185-001-18,"A-185-08-18 hourly synthetic SAG Mill dataset; Bozshakol avg 3000-3300tph, ~25MW operating draw"
2026-04-12T11:00:00,2026-04-12,D,3126.0,24620.9,7.876,93.8,24.4,73.9,103.3,A185-001-18,"A-185-08-18 hourly synthetic SAG Mill dataset; Bozshakol avg 3000-3300tph, ~25MW operating draw"
2026-04-12T12:00:00,2026-04-12,D,2973.8,23982.8,8.065,91.0,23.7,73.6,92.5,A185-001-18,"A-185-08-18 hourly synthetic SAG Mill dataset; Bozshakol avg 3000-3300tph, ~25MW operating draw"
2026-04-12T13:00:00,2026-04-12,D,3166.3,24781.0,7.826,91.7,24.6,74.0,105.9,A185-001-18,"A-185-08-18 hourly synthetic SAG Mill dataset; Bozshakol avg 3000-3300tph, ~25MW operating draw"
2026-04-12T14:00:00,2026-04-12,D,3069.3,24326.4,7.926,91.9,24.0,73.8,98.0,A185-001-18,"A-185-08-18 hourly synthetic SAG Mill dataset; Bozshakol avg 3000-3300tph, ~25MW operating draw"
2026-04-12T15:00:00,2026-04-12,D,3214.3,25024.7,7.785,90.8,25.0,74.0,110.2,A185-001-18,"A-185-08-18 hourly synthetic SAG Mill dataset; Bozshakol avg 3000-3300tph, ~25MW operating draw"
2026-04-12T16:00:00,2026-04-12,D,2935.9,23888.1,8.137,90.4,23.7,73.5,91.2,A185-001-18,"A-185-08-18 hourly synthetic SAG Mill dataset; Bozshakol avg 3000-3300tph, ~25MW operating draw"
2026-04-12T17:00:00,2026-04-12,D,2971.4,24206.8,8.147,94.7,24.3,73.5,97.7,A185-001-18,"A-185-08-18 hourly synthetic SAG Mill dataset; Bozshakol avg 3000-3300tph, ~25MW operating draw"
2026-04-12T18:00:00,2026-04-12,N,3229.1,24447.1,7.571,87.4,23.3,74.5,97.0,A185-001-18,"A-185-08-18 hourly synthetic SAG Mill dataset; Bozshakol avg 3000-3300tph, ~25MW operating draw"
2026-04-12T19:00:00,2026-04-12,N,3202.7,24517.0,7.655,89.9,23.6,74.3,99.2,A185-001-18,"A-185-08-18 hourly synthetic SAG Mill dataset; Bozshakol avg 3000-3300tph, ~25MW operating draw"
2026-04-12T20:00:00,2026-04-12,N,3296.8,24511.1,7.435,87.2,23.0,74.7,96.9,A185-001-18,"A-185-08-18 hourly synthetic SAG Mill dataset; Bozshakol avg 3000-3300tph, ~25MW operating draw"
2026-04-12T21:00:00,2026-04-12,N,3289.6,24649.7,7.493,88.1,23.4,74.6,100.1,A185-001-18,"A-185-08-18 hourly synthetic SAG Mill dataset; Bozshakol avg 3000-3300tph, ~25MW operating draw"
2026-04-12T22:00:00,2026-04-12,N,2940.7,24334.5,8.275,88.0,24.9,73.3,101.4,A185-001-18,"A-185-08-18 hourly synthetic SAG Mill dataset; Bozshakol avg 3000-3300tph, ~25MW operating draw"
2026-04-12T23:00:00,2026-04-12,N,3126.0,24627.7,7.878,91.4,24.5,73.9,103.5,A185-001-18,"A-185-08-18 hourly synthetic SAG Mill dataset; Bozshakol avg 3000-3300tph, ~25MW operating draw"
2026-04-13T00:00:00,2026-04-13,N,3080.9,24419.7,7.926,92.1,24.2,73.8,99.9,A185-001-18,"A-185-08-18 hourly synthetic SAG Mill dataset; Bozshakol avg 3000-3300tph, ~25MW operating draw"
2026-04-13T01:00:00,2026-04-13,N,3282.9,24720.0,7.53,80.9,23.7,74.5,101.8,A185-001-18,"A-185-08-18 hourly synthetic SAG Mill dataset; Bozshakol avg 3000-3300tph, ~25MW operating draw"
2026-04-13T02:00:00,2026-04-13,N,3288.6,24958.3,7.589,95.5,24.3,74.4,106.9,A185-001-18,"A-185-08-18 hourly synthetic SAG Mill dataset; Bozshakol avg 3000-3300tph, ~25MW operating draw"
2026-04-13T03:00:00,2026-04-13,N,3319.8,23781.9,7.164,28.0,20.9,75.3,80.4,A185-001-18,"A-185-08-18 hourly synthetic SAG Mill dataset; Bozshakol avg 3000-3300tph, ~25MW operating draw"
