pattern_id,block_name,haul_cycle_rec_ident,load_rec_ident,loading_unit_ident,load_desc,hauling_unit_ident,haul_desc,DrillPattern,bucket_tonnes,actual_tonnes,digging_time,dig_duration,total_time,spotting_time,loading_time,other_time,bucket_easting,bucket_northing,bucket_elevation,turnout,report_tonnes,calc_duration,date,start_time,end_time,tph,loader_type,truck_payload_t,bucket_nominal_t,passes,base_cycle_s,calc_total_time_s,digging_time_s,swing_time_s,loading_time_s,spotting_time_s,tph_recalc,digability
pattern_27,A1850827_200_EN_1,6218445,4218445,EX012,EX3600BH,DT038,CAT 793,A-185-08-27,46.4,171.04,96.202117,96.202117,287.686748,42.72553,85.618238,0,363831.67,6591837.93,198.89,LEFT,171.0,430,3/11/2025,01:53:05,02:00:15,1869.326307,EX3600,225,22.0,10.0,32,287.686748,96.202117,63.140863,85.618238,42.72553,2140.345452,6030.91979
pattern_27,A1850827_200_EN_1,6218446,4218446,EX012,EX3600BH,DT050,HIT EH5000,A-185-08-27,31.53,167.38,92.286266,92.286266,294.819982,41.442933,96.571879,0,363827.67,6591836.32,198.9,RIGHT,167.4,349,3/11/2025,02:00:15,02:06:04,1749.051602,EX3600,250,22.0,10.0,32,294.819982,92.286266,64.518904,96.571879,41.442933,2043.889883,5763.76947
pattern_27,A1850827_200_EN_1,6218447,4218447,EX012,EX3600BH,DT016,CAT 793,A-185-08-27,39.61,154.4,94.642362,94.642362,281.011595,44.483091,86.203709,0,363834.33,6591833.88,198.34,RIGHT,154.4,520,3/11/2025,02:06:04,02:14:44,1656.572684,EX3600,225,22.0,10.0,32,281.011595,94.642362,55.682433,86.203709,44.483091,1978.039866,5578.072423
pattern_27,A1850827_200_EN_1,6218448,4218448,EX012,EX3600BH,DT001,CAT 793,A-185-08-27,36.9,177.49,95.633426,95.633426,290.586265,48.443859,84.010735,0,363830.94,6591835.02,198.84,RIGHT,177.5,473,3/11/2025,02:14:44,02:22:37,1810.37505,EX3600,225,22.0,10.0,32,290.586265,95.633426,62.498245,84.010735,48.443859,2198.872682,6200.820962
pattern_27,A1850827_200_EN_1,6218449,4218449,EX012,EX3600BH,DT029,CAT 793,A-185-08-27,27.32,163.92,89.795816,89.795816,274.604499,38.71709,82.33972,0,363832.75,6591838.84,199.54,RIGHT,163.9,512,3/11/2025,02:22:37,02:31:09,1680.261338,EX3600,225,22.0,10.0,32,274.604499,89.795816,63.751874,82.33972,38.71709,2148.920459,5981.827885
pattern_27,A1850827_200_EN_1,6218450,4218450,EX012,EX3600BH,DT014,CAT 793,A-185-08-27,35.62,153.29,94.781459,94.781459,291.209808,43.507059,93.062842,0,363831.86,6591837.01,198.86,RIGHT,153.3,433,3/11/2025,02:31:09,02:38:22,1629.727881,EX3600,225,22.0,10.0,32,291.209808,94.781459,59.858448,93.062842,43.507059,1895.04778,5344.034739
pattern_27,A1850827_200_EN_1,6218451,4218451,EX012,EX3600BH,DT009,CAT 793,A-185-08-27,28.07,151.61,106.508084,106.508084,308.48878,38.178082,95.25487,0,363835.18,6591835.14,198.88,RIGHT,151.6,453,3/11/2025,02:38:22,02:45:55,1567.009409,EX3600,225,22.0,10.0,32,308.48878,106.508084,68.547743,95.25487,38.178082,1769.272273,4838.665138
pattern_27,A1850827_200_EN_1,6218452,4218452,EX012,EX3600BH,DT060,HIT EH5000,A-185-08-27,46.38,161.03,96.785868,96.785868,292.796071,52.05393,89.843027,0,363830.6,6591839.78,198.47,STRAIGHT,161.0,408,3/11/2025,02:45:55,02:52:43,1763.624351,EX3600,250,22.0,10.0,32,292.796071,96.785868,54.113246,89.843027,52.05393,1979.878548,5576.812526
pattern_27,A1850827_200_EN_1,6218453,4218453,EX012,EX3600BH,DT009,CAT 793,A-185-08-27,38.43,173.56,82.073442,82.073442,276.30386,40.787447,83.972458,0,363832.85,6591837.82,199.04,STRAIGHT,173.6,544,3/11/2025,02:52:43,03:01:47,1868.726127,EX3600,225,22.0,10.0,32,276.30386,82.073442,69.470513,83.972458,40.787447,2261.397682,6342.475578
pattern_27,A1850827_200_EN_1,6218454,4218454,EX012,EX3600BH,DT011,CAT 793,A-185-08-27,53.08,173.71,84.175197,84.175197,293.186297,49.019102,100.229427,0,363833.7,6591836.3,198.61,LEFT,173.7,474,3/11/2025,03:01:47,03:09:41,1718.576149,EX3600,225,22.0,10.0,32,293.186297,84.175197,59.762571,100.229427,49.019102,2133.012689,5871.497568
pattern_27,A1850827_200_EN_1,6218455,4218455,EX012,EX3600BH,DT045,CAT 793,A-185-08-27,45.95,163.52,91.652883,91.652883,291.714412,39.002668,93.47697,0,363829.65,6591837.01,199.01,STRAIGHT,163.5,486,3/11/2025,03:09:41,03:17:47,1689.974849,EX3600,225,22.0,10.0,32,291.714412,91.652883,67.581891,93.47697,39.002668,2017.962445,5690.654094
pattern_27,A1850827_200_EN_1,6218456,4218456,EX012,EX3600BH,DT029,CAT 793,A-185-08-27,34.56,158.45,96.616231,96.616231,301.934309,48.875651,96.000233,0,363829.81,6591838.95,198.52,RIGHT,158.5,465,3/11/2025,03:17:47,03:25:32,1569.802172,EX3600,225,22.0,10.0,32,301.934309,96.616231,60.442195,96.000233,48.875651,1889.240177,5312.861068
pattern_27,A1850827_200_EN_1,6218457,4218457,EX012,EX3600BH,DT001,CAT 793,A-185-08-27,46.18,167.99,81.831871,81.831871,277.521176,41.135929,94.955916,0,363825.82,6591842.82,199.06,LEFT,168.0,499,3/11/2025,03:25:32,03:33:51,1845.946574,EX3600,225,22.0,10.0,32,277.521176,81.831871,59.59746,94.955916,41.135929,2179.110971,6145.092938
pattern_27,A1850827_200_EN_1,6218458,4218458,EX012,EX3600BH,DT008,CAT 793,A-185-08-27,41.26,174.71,101.611211,101.611211,282.70465,52.007795,75.195298,0,363828.3,6591846.97,198.76,LEFT,174.7,404,3/11/2025,03:33:51,03:40:35,1869.824652,EX3600,225,22.0,10.0,32,282.70465,101.611211,53.890346,75.195298,52.007795,2224.73355,6273.748611
pattern_27,A1850827_200_EN_1,6218459,4218459,EX012,EX3600BH,DT030,CAT 793,A-185-08-27,43.65,179.71,87.647164,87.647164,287.534665,44.798422,94.088142,0,363826.14,6591844.04,199.61,STRAIGHT,179.7,374,3/11/2025,03:40:35,03:46:49,1933.606805,EX3600,225,22.0,10.0,32,287.534665,87.647164,61.000937,94.088142,44.798422,2249.95891,6344.884127
pattern_27,A1850827_200_EN_1,6218460,4218460,EX012,EX3600BH,DT063,HIT EH5000,A-185-08-27,33.08,158.78,103.96259,103.96259,292.972013,48.7024,85.962652,0,363826.4,6591845.16,199.03,STRAIGHT,158.8,442,3/11/2025,03:46:49,03:54:11,1615.00803,EX3600,250,22.0,10.0,32,292.972013,103.96259,54.344371,85.962652,48.7024,1951.027788,5501.898362
pattern_27,A1850827_200_EN_1,6218461,4218461,EX012,EX3600BH,DT017,CAT 793,A-185-08-27,35.89,154.13,90.359215,90.359215,294.793373,47.418061,88.926542,0,363825.17,6591844.15,198.82,STRAIGHT,154.1,457,3/11/2025,03:54:11,04:01:48,1610.795279,EX3600,225,22.0,10.0,32,294.793373,90.359215,68.089555,88.926542,47.418061,1882.243548,5307.926804
pattern_27,A1850827_200_EN_1,6218462,4218462,EX012,EX3600BH,DT051,HIT EH5000,A-185-08-27,35.14,152.09,88.85731,88.85731,283.777166,51.912771,90.767147,0,363828.27,6591839.2,198.79,STRAIGHT,152.1,415,3/11/2025,04:01:48,04:08:43,1709.598372,EX3600,250,22.0,10.0,32,283.777166,88.85731,52.239939,90.767147,51.912771,1929.366107,5440.812423
pattern_27,A1850827_200_EN_1,6218463,4218463,EX012,EX3600BH,DT076,HIT EH5000,A-185-08-27,31.36,158.17,89.092209,89.092209,272.28079,48.734228,86.986955,0,363824.64,6591840.76,198.08,RIGHT,158.2,421,3/11/2025,04:08:43,04:15:44,1691.062594,EX3600,250,22.0,10.0,32,272.28079,89.092209,47.467399,86.986955,48.734228,2091.331723,5757.475535
pattern_27,A1850827_200_EN_1,6218464,4218464,EX012,EX3600BH,DT011,CAT 793,A-185-08-27,33.97,144.38,89.757739,89.757739,285.002245,41.52362,81.19026,0,363825.97,6591844.13,199.19,LEFT,144.4,413,3/11/2025,04:15:44,04:22:37,1598.985494,EX3600,225,22.0,10.0,32,285.002245,89.757739,72.530627,81.19026,41.52362,1823.685771,5049.005011
pattern_27,A1850827_200_EN_1,6218465,4218465,EX012,EX3600BH,DT015,CAT 793,A-185-08-27,40.16,156.5,88.167143,88.167143,287.532979,51.544914,90.145178,0,363826.65,6591846.99,199.77,STRAIGHT,156.5,483,3/11/2025,04:22:37,04:30:40,1619.97413,EX3600,225,22.0,10.0,32,287.532979,88.167143,57.675745,90.145178,51.544914,1959.475857,5525.721917
pattern_27,A1850827_200_EN_1,6218466,4218466,EX012,EX3600BH,DT072,HIT EH5000,A-185-08-27,27.07,156.62,103.046558,103.046558,279.864837,43.214764,88.170328,0,363825.2,6591843.61,198.61,LEFT,156.6,517,3/11/2025,04:30:40,04:39:17,1619.160597,EX3600,250,22.0,10.0,32,279.864837,103.046558,45.433187,88.170328,43.214764,2014.687113,5681.41766
pattern_27,A1850827_200_EN_1,6218467,4218467,EX012,EX3600BH,DT003,CAT 793,A-185-08-27,45.53,164.33,90.328738,90.328738,288.190619,41.920156,89.038646,0,363827.67,6591841.34,198.61,STRAIGHT,164.3,398,3/11/2025,04:39:17,04:45:55,1703.604343,EX3600,225,22.0,10.0,32,288.190619,90.328738,66.903079,89.038646,41.920156,2052.763411,5788.792818
pattern_27,A1850827_200_EN_1,6218468,4218468,EX012,EX3600BH,DT008,CAT 793,A-185-08-27,49.16,173.44,78.565223,78.565223,269.09593,38.855652,84.505305,0,363827.9,6591843.2,199.42,STRAIGHT,173.4,427,3/11/2025,04:45:55,04:53:02,1984.329782,EX3600,225,22.0,10.0,32,269.09593,78.565223,67.16975,84.505305,38.855652,2320.323979,6543.313622
pattern_27,A1850827_200_EN_1,6218469,4218469,EX012,EX3600BH,DT029,CAT 793,A-185-08-27,34.45,169.11,111.118926,111.118926,290.344741,36.544173,88.738991,0,363829.05,6591843.95,199.0,RIGHT,169.1,447,3/11/2025,04:53:02,05:00:29,1714.194161,EX3600,225,22.0,10.0,32,290.344741,111.118926,53.942651,88.738991,36.544173,2096.809045,5913.001506
pattern_27,A1850827_200_EN_1,6218470,4218470,EX012,EX3600BH,DT042,CAT 793,A-185-08-27,55.49,185.86,96.046172,96.046172,268.78438,42.380868,71.222108,0,363824.57,6591849.37,199.92,LEFT,185.9,406,3/11/2025,05:00:29,05:07:15,2070.421308,EX3600,225,22.0,10.0,32,268.78438,96.046172,59.135233,71.222108,42.380868,2489.32431,7019.894554
pattern_27,A1850827_200_EN_1,6218471,4218471,EX012,EX3600BH,DT027,CAT 793,A-185-08-27,41.92,161.87,89.765919,89.765919,277.277757,47.03697,86.259959,0,363825.17,6591852.64,198.35,RIGHT,161.9,452,3/11/2025,05:07:15,05:14:47,1866.869741,EX3600,225,22.0,10.0,32,277.277757,89.765919,54.214909,86.259959,47.03697,2101.653313,5652.039226
pattern_27,A1850827_200_EN_1,6218472,4218472,EX012,EX3600BH,DT077,HIT EH5000,A-185-08-27,42.63,169.17,94.357544,94.357544,277.132292,40.619209,83.741726,0,363823.78,6591849.52,198.77,LEFT,169.2,513,3/11/2025,05:14:47,05:23:20,1852.68605,EX3600,250,22.0,10.0,32,277.132292,94.357544,58.413812,83.741726,40.619209,2197.608975,6124.91889
pattern_27,A1850827_200_EN_1,6218473,4218473,EX012,EX3600BH,DT049,HIT EH5000,A-185-08-27,37.91,169.93,98.998718,98.998718,288.068013,44.068423,79.881688,0,363822.87,6591849.77,198.53,STRAIGHT,169.9,459,3/11/2025,05:23:20,05:30:59,1778.621647,EX3600,250,22.0,10.0,32,288.068013,98.998718,65.119184,79.881688,44.068423,2123.587232,5969.657541
pattern_27,A1850827_200_EN_1,6218474,4218474,EX012,EX3600BH,DT046,CAT 793,A-185-08-27,55.69,167.06,83.678017,83.678017,262.25292,35.9194,84.664334,0,363824.67,6591851.91,198.93,RIGHT,167.1,469,3/11/2025,05:30:59,05:38:48,2156.568049,EX3600,225,22.0,10.0,32,262.25292,83.678017,57.991169,84.664334,35.9194,2293.303239,6467.115134
pattern_27,A1850827_200_EN_1,6218475,4218475,EX012,EX3600BH,DT015,CAT 793,A-185-08-27,41.96,164.9,99.577247,99.577247,276.593965,38.526392,86.832862,0,363826.41,6591848.41,198.63,LEFT,164.9,438,3/11/2025,05:38:48,05:46:06,1808.59096,EX3600,225,22.0,10.0,32,276.593965,99.577247,51.657464,86.832862,38.526392,2146.224464,6052.352989
pattern_27,A1850827_200_EN_1,6218476,4218476,EX012,EX3600BH,DT027,CAT 793,A-185-08-27,37.42,167.59,91.992838,91.992838,285.036577,42.885995,88.872089,0,363821.81,6591852.08,198.61,STRAIGHT,167.6,535,3/11/2025,05:46:06,05:55:01,1648.969139,EX3600,225,22.0,10.0,32,285.036577,91.992838,61.285655,88.872089,42.885995,2116.686766,5969.05668
pattern_27,A1850827_200_EN_1,6218477,4218477,EX012,EX3600BH,DT031,CAT 793,A-185-08-27,36.66,165.32,93.574776,93.574776,259.708578,40.408332,70.67124,0,363827.39,6591850.71,198.96,STRAIGHT,165.3,442,3/11/2025,05:55:01,06:02:23,1946.962029,EX3600,225,22.0,10.0,32,259.708578,93.574776,55.05423,70.67124,40.408332,2291.566864,6462.218558
pattern_27,A1850827_200_EN_1,6218478,4218478,EX012,EX3600BH,DT012,CAT 793,A-185-08-27,45.81,168.9,89.665665,89.665665,297.348177,48.0507,84.709869,0,363824.37,6591851.88,197.99,LEFT,168.9,426,3/11/2025,06:02:23,06:09:29,1718.717191,EX3600,225,22.0,10.0,32,297.348177,89.665665,74.921943,84.709869,48.0507,2044.899721,5766.617213
pattern_27,A1850827_200_EN_1,6218479,4218479,EX012,EX3600BH,DT044,CAT 793,A-185-08-27,32.63,179.68,87.133092,87.133092,283.97728,49.185091,82.156696,0,363822.52,6591854.19,199.99,LEFT,179.7,473,3/11/2025,06:09:29,06:17:22,1864.98236,EX3600,225,22.0,10.0,32,283.97728,87.133092,65.5024,82.156696,49.185091,2277.783932,6423.350689
pattern_27,A1850827_200_EN_1,6218480,4218480,EX012,EX3600BH,DT036,CAT 793,A-185-08-27,61.13,183.39,94.102742,94.102742,291.655253,38.854719,89.297211,0,363822.12,6591850.63,198.86,RIGHT,183.4,433,3/11/2025,06:17:22,06:24:35,1906.632311,EX3600,225,22.0,10.0,32,291.655253,94.102742,69.400581,89.297211,38.854719,2263.693418,6226.838278
pattern_27,A1850827_200_EN_2,6218481,4218481,EX012,EX3600BH,DT038,CAT 793,A-185-08-27,42.98,172.82,105.346439,105.346439,297.387742,41.716291,87.114195,0,363816.82,6591858.57,199.69,LEFT,172.8,482,3/11/2025,06:24:35,06:32:37,1702.266357,EX3600,225,22.0,10.0,32,297.387742,105.346439,63.210817,87.114195,41.716291,2092.095226,5842.502239
pattern_27,A1850827_200_EN_2,6218482,4218482,EX012,EX3600BH,DT015,CAT 793,A-185-08-27,51.87,155.6,92.275063,92.275063,283.084744,48.794289,78.752608,0,363822.44,6591858.19,198.72,LEFT,155.6,408,3/11/2025,06:32:37,06:39:25,1672.829756,EX3600,225,22.0,10.0,32,283.084744,92.275063,63.262784,78.752608,48.794289,1978.817454,5580.26522
pattern_27,A1850827_200_EN_2,6218483,4218483,EX012,EX3600BH,DT072,HIT EH5000,A-185-08-27,37.95,167.68,83.238453,83.238453,279.824192,50.53889,84.151909,0,363818.38,6591859.32,198.87,RIGHT,167.7,400,3/11/2025,06:39:25,06:46:05,1782.684939,EX3600,250,22.0,10.0,32,279.824192,83.238453,61.89494,84.151909,50.53889,2157.204614,5881.165121
pattern_27,A1850827_200_EN_2,6218484,4218484,EX012,EX3600BH,DT020,CAT 793,A-185-08-27,42.92,168.27,94.201759,94.201759,279.506369,41.834915,84.91767,0,363822.29,6591860.91,198.27,STRAIGHT,168.3,482,3/11/2025,06:46:05,06:54:07,1798.941989,EX3600,225,22.0,10.0,32,279.506369,94.201759,58.552025,84.91767,41.834915,2167.27132,5944.928066
pattern_27,A1850827_200_EN_2,6218485,4218485,EX012,EX3600BH,DT023,CAT 793,A-185-08-27,43.54,172.94,87.338077,87.338077,275.936248,43.080417,86.056157,0,363821.13,6591855.81,198.74,LEFT,172.9,471,3/11/2025,06:54:07,07:01:58,1913.222125,EX3600,225,22.0,10.0,32,275.936248,87.338077,59.461596,86.056157,43.080417,2256.257893,6351.307079
pattern_27,A1850827_200_EN_2,6218486,4218486,EX012,EX3600BH,DT013,CAT 793,A-185-08-27,42.54,170.6,99.878636,99.878636,289.771573,45.78043,82.063297,0,363816.92,6591861.84,199.22,STRAIGHT,170.6,378,3/11/2025,07:01:58,07:08:16,1643.543289,EX3600,225,22.0,10.0,32,289.771573,99.878636,62.049211,82.063297,45.78043,2119.452574,5976.856258
pattern_27,A1850827_200_EN_2,6218487,4218487,EX012,EX3600BH,DT062,HIT EH5000,A-185-08-27,64.29,192.87,75.058136,75.058136,286.509954,51.020537,93.790095,0,363819.26,6591862.45,199.88,RIGHT,192.9,400,3/11/2025,07:08:16,07:14:56,2013.173456,EX3600,250,22.0,10.0,32,286.509954,75.058136,66.641186,93.790095,51.020537,2423.466686,6834.176055
pattern_27,A1850827_200_EN_2,6218488,4218488,EX012,EX3600BH,DT033,CAT 793,A-185-08-27,40.36,178.01,97.472661,97.472661,274.982926,43.229703,77.04988,0,363818.95,6591861.07,198.39,STRAIGHT,178.0,406,3/11/2025,07:14:56,07:21:42,2126.254847,EX3600,225,22.0,10.0,32,274.982926,97.472661,57.230682,77.04988,43.229703,2330.399768,6386.996837
pattern_27,A1850827_200_EN_2,6218489,4218489,EX012,EX3600BH,DT031,CAT 793,A-185-08-27,37.29,160.87,90.515411,90.515411,290.395959,49.798258,87.400704,0,363817.39,6591858.35,199.47,LEFT,160.9,379,3/11/2025,07:21:42,07:28:01,1738.888925,EX3600,225,22.0,10.0,32,290.395959,90.515411,62.681587,87.400704,49.798258,1994.290356,5623.898803
pattern_27,A1850827_200_EN_2,6218490,4218490,EX012,EX3600BH,DT018,CAT 793,A-185-08-27,32.29,149.71,92.262202,92.262202,269.28153,46.248882,78.788276,0,363821.23,6591858.5,198.21,STRAIGHT,149.7,467,3/11/2025,07:28:01,07:35:48,1648.238193,EX3600,225,22.0,10.0,32,269.28153,92.262202,51.98217,78.788276,46.248882,2001.448381,5585.039184
pattern_27,A1850827_200_EN_2,6218491,4218491,EX012,EX3600BH,DT023,CAT 793,A-185-08-27,30.13,162.26,95.522933,95.522933,307.389049,51.479213,88.871365,0,363820.02,6591853.33,199.08,RIGHT,162.3,500,3/11/2025,07:35:48,07:44:08,1558.883632,EX3600,225,22.0,10.0,32,307.389049,95.522933,71.515538,88.871365,51.479213,1900.303478,5358.855808
pattern_27,A1850827_200_EN_2,6218492,4218492,EX012,EX3600BH,DT002,CAT 793,A-185-08-27,36.77,152.62,86.844658,86.844658,285.916032,49.903676,74.135804,0,363819.26,6591856.59,198.55,STRAIGHT,152.6,388,3/11/2025,07:44:08,07:50:36,1608.859086,EX3600,225,22.0,10.0,32,285.916032,86.844658,75.031894,74.135804,49.903676,1921.660345,5419.082172
pattern_27,A1850827_200_EN_2,6218493,4218493,EX012,EX3600BH,DT042,CAT 793,A-185-08-27,41.09,158.98,112.419515,112.419515,308.938175,46.378645,91.939729,0,363813.65,6591860.08,198.53,RIGHT,159.0,512,3/11/2025,07:50:36,07:59:08,1626.911293,EX3600,225,22.0,10.0,32,308.938175,112.419515,58.200286,91.939729,46.378645,1852.536472,5224.152851
pattern_27,A1850827_200_EN_2,6218494,4218494,EX012,EX3600BH,DT066,HIT EH5000,A-185-08-27,41.1,168.99,100.401561,100.401561,298.775917,45.356454,94.54599,0,363815.25,6591864.5,199.62,LEFT,169.0,515,3/11/2025,07:59:08,08:07:43,1673.812766,EX3600,250,22.0,10.0,32,298.775917,100.401561,58.471912,94.54599,45.356454,2036.236415,5569.27449
pattern_27,A1850827_200_EN_2,6218495,4218495,EX012,EX3600BH,DT039,CAT 793,A-185-08-27,46.71,157.04,117.800312,117.800312,333.566134,44.409342,102.185139,0,363812.92,6591864.03,199.04,STRAIGHT,157.0,560,3/11/2025,08:07:43,08:17:03,1504.217705,EX3600,225,22.0,10.0,32,333.566134,117.800312,69.17134,102.185139,44.409342,1694.868493,4648.764704
pattern_27,A1850827_200_EN_2,6218496,4218496,EX012,EX3600BH,DT041,CAT 793,A-185-08-27,37.5,148.04,108.672162,108.672162,317.009073,48.850711,92.553029,0,363816.24,6591867.08,199.2,STRAIGHT,148.0,473,3/11/2025,08:17:03,08:24:56,1478.575612,EX3600,225,22.0,10.0,32,317.009073,108.672162,66.933172,92.553029,48.850711,1681.109143,4652.919813
pattern_27,A1850827_200_EN_2,6218497,4218497,EX012,EX3600BH,DT013,CAT 793,A-185-08-27,33.66,154.37,104.657105,104.657105,308.26909,47.541011,89.344422,0,363816.47,6591864.88,199.54,STRAIGHT,154.4,440,3/11/2025,08:24:56,08:32:16,1399.459316,EX3600,225,22.0,10.0,32,308.26909,104.657105,66.726552,89.344422,47.541011,1802.756211,4967.785374
pattern_27,A1850827_200_EN_2,6218498,4218498,EX012,EX3600BH,DT025,CAT 793,A-185-08-27,51.64,164.39,101.747835,101.747835,287.025667,41.801653,90.143438,0,363817.84,6591865.85,199.23,STRAIGHT,164.4,391,3/11/2025,08:32:16,08:38:47,1651.236621,EX3600,225,22.0,10.0,32,287.025667,101.747835,53.332741,90.143438,41.801653,2061.907347,5803.454786
pattern_27,A1850827_200_EN_2,6218499,4218499,EX012,EX3600BH,DT031,CAT 793,A-185-08-27,35.47,160.34,102.156833,102.156833,306.437422,41.425037,104.980969,0,363816.01,6591866.15,199.55,STRAIGHT,160.3,495,3/11/2025,08:38:47,08:47:02,1627.532898,EX3600,225,22.0,10.0,32,306.437422,102.156833,57.874582,104.980969,41.425037,1883.685397,5311.992819
pattern_27,A1850827_200_EN_2,6218500,4218500,EX012,EX3600BH,DT018,CAT 793,A-185-08-27,43.29,155.28,92.555151,92.555151,271.769823,47.169188,69.407903,0,363814.97,6591865.1,199.26,LEFT,155.3,392,3/11/2025,08:47:02,08:53:34,1773.714336,EX3600,225,22.0,10.0,32,271.769823,92.555151,62.637582,69.407903,47.169188,2056.856228,5800.334564
pattern_27,A1850827_200_EN_2,6218501,4218501,EX012,EX3600BH,DT030,CAT 793,A-185-08-27,48.76,163.52,97.685216,97.685216,280.207048,34.633433,90.600285,0,363814.05,6591865.88,198.31,RIGHT,163.5,513,3/11/2025,08:53:34,09:02:07,1814.965142,EX3600,225,22.0,10.0,32,280.207048,97.685216,57.288114,90.600285,34.633433,2100.829469,5905.980079
pattern_27,A1850827_200_EN_2,6218502,4218502,EX012,EX3600BH,DT059,HIT EH5000,A-185-08-27,51.92,171.41,98.704752,98.704752,301.85407,46.254594,87.200865,0,363817.8,6591866.24,199.26,LEFT,171.4,445,3/11/2025,09:02:07,09:09:32,1634.233794,EX3600,250,22.0,10.0,32,301.85407,98.704752,69.693859,87.200865,46.254594,2044.327668,5669.996003
pattern_27,A1850827_200_EN_2,6218503,4218503,EX012,EX3600BH,DT027,CAT 793,A-185-08-27,37.35,177.34,88.194197,88.194197,289.199551,44.377259,87.748926,0,363818.92,6591865.72,199.93,LEFT,177.3,443,3/11/2025,09:09:32,09:16:55,1837.08812,EX3600,225,22.0,10.0,32,289.199551,88.194197,68.879169,87.748926,44.377259,2207.530009,6123.481371
pattern_27,A1850827_200_EN_2,6218504,4218504,EX012,EX3600BH,DT034,CAT 793,A-185-08-27,43.69,163.48,87.782018,87.782018,276.287109,49.41281,86.043106,0,363818.53,6591864.62,198.48,STRAIGHT,163.5,451,3/11/2025,09:16:55,09:24:26,1625.793887,EX3600,225,22.0,10.0,32,276.287109,87.782018,53.049175,86.043106,49.41281,2130.124776,6006.951868
pattern_27,A1850827_200_EN_2,6218505,4218505,EX012,EX3600BH,DT055,HIT EH5000,A-185-08-27,55.92,167.77,89.716458,89.716458,291.951065,42.334899,93.129181,0,363818.04,6591868.18,198.38,RIGHT,167.8,420,3/11/2025,09:24:26,09:31:26,1747.487411,EX3600,250,22.0,10.0,32,291.951065,89.716458,66.770528,93.129181,42.334899,2068.729783,5608.04761
pattern_27,A1850827_200_EN_4,6218506,4218506,EX012,EX3600BH,DT008,CAT 793,A-185-08-27,45.42,156.37,101.957403,101.957403,298.692713,48.395064,97.409235,0,363814.38,6591869.99,199.43,RIGHT,156.4,366,3/11/2025,09:31:26,09:37:32,1490.845382,EX3600,225,22.0,10.0,32,298.692713,101.957403,50.931012,97.409235,48.395064,1884.682717,5010.767119
pattern_27,A1850827_200_EN_4,6218507,4218507,EX012,EX3600BH,DT007,CAT 793,A-185-08-27,50.44,168.63,103.974688,103.974688,282.063772,40.127036,93.166184,0,363811.21,6591872.1,197.9,RIGHT,168.6,470,3/11/2025,09:37:32,09:45:22,1834.126382,EX3600,225,22.0,10.0,32,282.063772,103.974688,44.795864,93.166184,40.127036,2152.283344,5833.513135
pattern_27,A1850827_200_EN_4,6218508,4218508,EX012,EX3600BH,DT029,CAT 793,A-185-08-27,51.1,153.3,115.890723,115.890723,304.75393,43.918001,89.084869,0,363811.77,6591875.25,199.19,STRAIGHT,153.3,483,3/11/2025,09:45:22,09:53:25,1510.176323,EX3600,225,22.0,10.0,32,304.75393,115.890723,55.860336,89.084869,43.918001,1810.955283,4952.169417
pattern_27,A1850827_200_EN_4,6218509,4218509,EX012,EX3600BH,DT083,HIT EH5000,A-185-08-27,31.12,153.41,106.224019,106.224019,294.533308,49.991878,90.654642,0,363813.36,6591869.02,199.07,STRAIGHT,153.4,355,3/11/2025,09:53:25,09:59:20,1488.308394,EX3600,250,22.0,10.0,32,294.533308,106.224019,47.662768,90.654642,49.991878,1875.137461,4972.262582
pattern_27,A1850827_200_EN_4,6218510,4218510,EX012,EX3600BH,DT005,CAT 793,A-185-08-27,31.39,154.32,114.671911,114.671911,311.155593,40.286441,92.323135,0,363811.23,6591872.6,198.74,RIGHT,154.3,432,3/11/2025,09:59:20,10:06:32,1539.713979,EX3600,225,22.0,10.0,32,311.155593,114.671911,63.874106,92.323135,40.286441,1785.410542,4967.305266
pattern_27,A1850827_200_EN_4,6218511,4218511,EX012,EX3600BH,DT040,CAT 793,A-185-08-27,45.4,167.53,104.984711,104.984711,290.568596,36.692543,97.290066,0,363811.71,6591874.27,199.04,RIGHT,167.5,386,3/11/2025,10:06:32,10:12:58,1751.967695,EX3600,225,22.0,10.0,32,290.568596,104.984711,51.601275,97.290066,36.692543,2075.637801,5682.706939
pattern_27,A1850827_200_EN_4,6218512,4218512,EX012,EX3600BH,DT019,CAT 793,A-185-08-27,41.67,158.76,124.23374,124.23374,332.282474,47.448066,102.827754,0,363810.32,6591871.71,199.15,LEFT,158.8,490,3/11/2025,10:12:58,10:21:08,1431.768051,EX3600,225,22.0,10.0,32,332.282474,124.23374,57.772914,102.827754,47.448066,1720.004074,4666.589338
pattern_27,A1850827_200_EN_4,6218513,4218513,EX012,EX3600BH,DT011,CAT 793,A-185-08-27,33.18,156.89,105.753031,105.753031,305.503767,40.875716,85.808902,0,363812.49,6591872.89,198.28,STRAIGHT,156.9,457,3/11/2025,10:21:08,10:28:45,1523.146932,EX3600,225,22.0,10.0,32,305.503767,105.753031,73.066118,85.808902,40.875716,1848.781541,5066.264636
pattern_27,A1850827_200_EN_4,6218514,4218514,EX012,EX3600BH,DT036,CAT 793,A-185-08-27,42.45,167.94,96.721976,96.721976,301.535062,46.414818,95.189544,0,363814.48,6591873.48,199.44,STRAIGHT,167.9,418,3/11/2025,10:28:45,10:35:43,1623.216774,EX3600,225,22.0,10.0,32,301.535062,96.721976,63.208723,95.189544,46.414818,2005.025112,5476.94733
pattern_27,A1850827_200_EN_4,6218515,4218515,EX012,EX3600BH,DT085,HIT EH5000,A-185-08-27,49.61,172.63,105.192388,105.192388,310.846199,45.844653,101.944021,0,363811.8,6591874.91,199.1,LEFT,172.6,480,3/11/2025,10:35:43,10:43:43,1610.592725,EX3600,250,22.0,10.0,32,310.846199,105.192388,57.865136,101.944021,45.844653,1999.260273,5198.492495
pattern_27,A1850827_200_EN_4,6218516,4218516,EX012,EX3600BH,DT028,CAT 793,A-185-08-27,35.43,166.77,108.110245,108.110245,313.874487,41.400297,93.530016,0,363813.28,6591873.83,199.85,LEFT,166.8,487,3/11/2025,10:43:43,10:51:50,1636.443431,EX3600,225,22.0,10.0,32,313.874487,108.110245,70.833929,93.530016,41.400297,1912.834392,5219.275193
pattern_27,A1850827_200_EN_4,6218517,4218517,EX012,EX3600BH,DT035,CAT 793,A-185-08-27,44.98,159.31,101.740248,101.740248,283.576302,43.685965,87.936437,0,363809.15,6591871.55,198.54,LEFT,159.3,436,3/11/2025,10:51:50,10:59:06,1720.463836,EX3600,225,22.0,10.0,32,283.576302,101.740248,50.213652,87.936437,43.685965,2022.38164,5433.742742
pattern_27,A1850827_200_EN_4,6218518,4218518,EX012,EX3600BH,DT005,CAT 793,A-185-08-27,37.47,157.73,113.945662,113.945662,313.105867,45.823344,90.2075,0,363813.17,6591871.63,198.62,RIGHT,157.7,494,3/11/2025,10:59:06,11:07:20,1545.080276,EX3600,225,22.0,10.0,32,313.105867,113.945662,63.129361,90.2075,45.823344,1813.494355,4711.573763
pattern_27,A1850827_200_EN_4,6218519,4218519,EX012,EX3600BH,DT037,CAT 793,A-185-08-27,30.42,173.07,113.179525,113.179525,311.368645,45.616037,90.995109,0,363812.19,6591880.92,198.43,STRAIGHT,173.1,443,3/11/2025,11:07:20,11:14:43,1750.651952,EX3600,225,22.0,10.0,32,311.368645,113.179525,61.577975,90.995109,45.616037,2001.04148,5121.876164
pattern_27,A1850827_200_EN_4,6218520,4218520,EX012,EX3600BH,DT084,HIT EH5000,A-185-08-27,48.91,181.07,136.494399,136.494399,356.317803,51.450796,95.812964,0,363808.71,6591879.4,199.55,STRAIGHT,181.1,520,3/11/2025,11:14:43,11:23:23,1480.051261,EX3600,250,22.0,10.0,32,356.317803,136.494399,72.559644,95.812964,51.450796,1829.457036,4937.672769
pattern_27,A1850827_200_EN_4,6218521,4218521,EX012,EX3600BH,DT070,HIT EH5000,A-185-08-27,43.89,173.31,131.335181,131.335181,341.444226,46.12909,91.382142,0,363802.25,6591873.82,199.72,STRAIGHT,173.3,458,3/11/2025,11:23:23,11:31:01,1475.02476,EX3600,250,22.0,10.0,32,341.444226,131.335181,72.597813,91.382142,46.12909,1827.255827,4807.162949
pattern_27,A1850827_200_EN_4,6218522,4218522,EX012,EX3600BH,DT018,CAT 793,A-185-08-27,30.99,177.61,121.220675,121.220675,334.155534,48.965549,90.204683,0,363807.52,6591877.77,198.89,STRAIGHT,177.6,510,3/11/2025,11:31:01,11:39:31,1655.063518,EX3600,225,22.0,10.0,32,334.155534,121.220675,73.764626,90.204683,48.965549,1913.472292,5192.76697
pattern_27,A1850827_200_EN_4,6218523,4218523,EX012,EX3600BH,DT029,CAT 793,A-185-08-27,42.13,169.61,138.658117,138.658117,343.500312,46.729276,93.643823,0,363807.58,6591878.36,199.77,LEFT,169.6,538,3/11/2025,11:39:31,11:48:29,1439.743728,EX3600,225,22.0,10.0,32,343.500312,138.658117,64.469096,93.643823,46.729276,1777.59753,4532.895911
pattern_27,A1850827_200_EN_4,6218524,4218524,EX012,EX3600BH,DT042,CAT 793,A-185-08-27,45.18,155.73,130.712067,130.712067,324.851295,46.117963,82.369459,0,363805.36,6591882.39,198.4,RIGHT,155.7,529,3/11/2025,11:48:29,11:57:18,1327.348906,EX3600,225,22.0,10.0,32,324.851295,130.712067,65.651806,82.369459,46.117963,1725.777167,4450.501357
pattern_27,A1850827_200_EN_4,6218525,4218525,EX012,EX3600BH,DT080,HIT EH5000,A-185-08-27,50.21,151.39,115.100572,115.100572,311.215618,40.326593,87.677895,0,363806.67,6591875.66,198.99,STRAIGHT,151.4,479,3/11/2025,11:57:18,12:05:17,1516.074416,EX3600,250,22.0,10.0,32,311.215618,115.100572,68.110558,87.677895,40.326593,1751.174041,4359.348926
pattern_27,A1850827_200_EN_4,6218526,4218526,EX012,EX3600BH,DT082,HIT EH5000,A-185-08-27,45.65,138.37,112.410488,112.410488,312.016258,48.486132,92.553097,0,363808.54,6591879.73,199.4,STRAIGHT,138.4,409,3/11/2025,12:05:17,12:12:06,1304.65679,EX3600,250,22.0,10.0,32,312.016258,112.410488,58.566541,92.553097,48.486132,1596.510206,4111.077829
pattern_27,A1850827_200_EN_4,6218527,4218527,EX012,EX3600BH,DT025,CAT 793,A-185-08-27,31.88,145.32,132.34978,132.34978,314.411401,35.794585,85.596642,0,363807.91,6591877.45,198.32,RIGHT,145.3,532,3/11/2025,12:12:06,12:20:58,1340.62524,EX3600,225,22.0,10.0,32,314.411401,132.34978,60.670394,85.596642,35.794585,1663.909739,4432.081771
pattern_27,A1850827_200_EN_4,6218528,4218528,EX012,EX3600BH,DT016,CAT 793,A-185-08-27,50.06,160.34,135.154983,135.154983,346.504029,49.910054,96.083441,0,363808.25,6591877.15,198.95,STRAIGHT,160.3,463,3/11/2025,12:20:58,12:28:41,1413.686516,EX3600,225,22.0,10.0,32,346.504029,135.154983,65.355552,96.083441,49.910054,1665.840821,4328.369844
pattern_27,A1850827_200_EN_4,6218529,4218529,EX012,EX3600BH,DT016,CAT 793,A-185-08-27,33.47,164.49,122.131044,122.131044,316.653042,41.44019,87.673051,0,363807.64,6591878.68,198.47,RIGHT,164.5,460,3/11/2025,12:28:41,12:36:21,1690.117893,EX3600,225,22.0,10.0,32,316.653042,122.131044,65.408757,87.673051,41.44019,1870.06877,5002.681834
pattern_27,A1850827_200_EN_4,6218530,4218530,EX012,EX3600BH,DT002,CAT 793,A-185-08-27,37.92,163.21,129.39277,129.39277,344.073638,49.718784,93.929934,0,363808.15,6591881.78,198.21,STRAIGHT,163.2,488,3/11/2025,12:36:21,12:44:29,1329.294839,EX3600,225,22.0,10.0,32,344.073638,129.39277,71.03215,93.929934,49.718784,1707.691458,4416.581878
pattern_27,A1850827_200_EN_4,6218531,4218531,EX012,EX3600BH,DT024,CAT 793,A-185-08-27,57.71,173.12,127.178765,127.178765,310.222153,38.914957,91.445011,0,363808.18,6591878.09,198.73,LEFT,173.1,434,3/11/2025,12:44:29,12:51:43,1667.877378,EX3600,225,22.0,10.0,32,310.222153,127.178765,52.683421,91.445011,38.914957,2008.988983,5175.015277
pattern_27,A1850827_200_EN_5,6218532,4218532,EX012,EX3600BH,DT025,CAT 793,A-185-08-27,29.55,152.7,119.788326,119.788326,317.580119,48.315082,91.198292,0,363808.44,6591884.59,199.69,LEFT,152.7,473,3/11/2025,12:51:43,12:59:36,1461.696811,EX3600,225,22.0,10.0,32,317.580119,119.788326,58.27842,91.198292,48.315082,1730.958008,4608.629909
pattern_27,A1850827_200_EN_5,6218533,4218533,EX012,EX3600BH,DT040,CAT 793,A-185-08-27,33.28,165.45,147.583821,147.583821,362.695027,45.541899,98.142117,0,363802.17,6591887.63,198.11,STRAIGHT,165.4,513,3/11/2025,12:59:36,13:08:09,1309.741807,EX3600,225,22.0,10.0,32,362.695027,147.583821,71.427191,98.142117,45.541899,1642.162445,4438.948287
pattern_27,A1850827_200_EN_5,6218534,4218534,EX012,EX3600BH,DT020,CAT 793,A-185-08-27,50.25,169.02,128.046425,128.046425,331.237891,40.912103,96.43041,0,363806.4,6591890.48,199.13,LEFT,169.0,537,3/11/2025,13:08:09,13:17:06,1505.179817,EX3600,225,22.0,10.0,32,331.237891,128.046425,65.848953,96.43041,40.912103,1836.924055,4747.737817
pattern_27,A1850827_200_EN_5,6218535,4218535,EX012,EX3600BH,DT015,CAT 793,A-185-08-27,46.74,168.72,133.873528,133.873528,333.225757,48.869758,87.217305,0,363805.38,6591888.12,199.61,RIGHT,168.7,516,3/11/2025,13:17:06,13:25:42,1491.124994,EX3600,225,22.0,10.0,32,333.225757,133.873528,63.265166,87.217305,48.869758,1822.745778,4801.496078
pattern_27,A1850827_200_EN_5,6218536,4218536,EX012,EX3600BH,DT029,CAT 793,A-185-08-27,40.45,168.81,121.995679,121.995679,294.804592,37.879895,77.81395,0,363801.97,6591887.51,200.01,RIGHT,168.8,446,3/11/2025,13:25:42,13:33:08,1698.676171,EX3600,225,22.0,10.0,32,294.804592,121.995679,57.115067,77.81395,37.879895,2061.370403,5424.833965
pattern_27,A1850827_200_EN_5,6218537,4218537,EX012,EX3600BH,DT049,HIT EH5000,A-185-08-27,44.75,159.99,121.194183,121.194183,327.966785,43.065516,95.3413,0,363805.67,6591885.71,199.96,RIGHT,160.0,382,3/11/2025,13:33:08,13:39:30,1448.794197,EX3600,250,22.0,10.0,32,327.966785,121.194183,68.365786,95.3413,43.065516,1756.133107,4727.090457
pattern_27,A1850827_200_EN_5,6218538,4218538,EX012,EX3600BH,DT019,CAT 793,A-185-08-27,32.39,153.91,138.053804,138.053804,326.148323,39.610816,87.454676,0,363803.96,6591885.22,199.89,LEFT,153.9,419,3/11/2025,13:39:30,13:46:29,1442.09837,EX3600,225,22.0,10.0,32,326.148323,138.053804,61.029027,87.454676,39.610816,1698.868637,4446.931795
pattern_27,A1850827_200_EN_5,6218539,4218539,EX012,EX3600BH,DT036,CAT 793,A-185-08-27,29.87,147.4,112.253175,112.253175,301.764883,49.098103,84.327103,0,363802.22,6591883.58,199.5,LEFT,147.4,375,3/11/2025,13:46:29,13:52:44,1302.956647,EX3600,225,22.0,10.0,32,301.764883,112.253175,56.086503,84.327103,49.098103,1758.463067,4775.310964
pattern_27,A1850827_200_EN_5,6218540,4218540,EX012,EX3600BH,DT006,CAT 793,A-185-08-27,33.82,166.66,137.262444,137.262444,337.671322,41.495357,90.253763,0,363804.53,6591886.26,198.74,STRAIGHT,166.7,478,3/11/2025,13:52:44,14:00:42,1532.286187,EX3600,225,22.0,10.0,32,337.671322,137.262444,68.659758,90.253763,41.495357,1776.799683,4623.151841
pattern_27,A1850827_200_EN_5,6218541,4218541,EX012,EX3600BH,DT038,CAT 793,A-185-08-27,33.88,166.06,128.963214,128.963214,320.027056,50.063077,82.287005,0,363811.13,6591882.65,198.85,RIGHT,166.1,420,3/11/2025,14:00:42,14:07:42,1618.539701,EX3600,225,22.0,10.0,32,320.027056,128.963214,58.713761,82.287005,50.063077,1868.062417,4919.555109
pattern_27,A1850827_200_EN_5,6218542,4218542,EX012,EX3600BH,DT013,CAT 793,A-185-08-27,27.87,149.05,109.125372,109.125372,304.556901,46.390857,88.516251,0,363804.55,6591890.08,198.1,LEFT,149.0,461,3/11/2025,14:07:42,14:15:23,1621.931214,EX3600,225,22.0,10.0,32,304.556901,109.125372,60.524421,88.516251,46.390857,1761.799779,4761.719603
pattern_27,A1850827_200_EN_5,6218543,4218543,EX012,EX3600BH,DT072,HIT EH5000,A-185-08-27,32.46,156.57,135.36145,135.36145,356.528045,45.315159,110.10745,0,363804.47,6591885.07,198.01,STRAIGHT,156.6,575,3/11/2025,14:15:23,14:24:58,1314.341386,EX3600,250,22.0,10.0,32,356.528045,135.36145,65.743987,110.10745,45.315159,1580.962998,4146.536765
pattern_27,A1850827_200_EN_5,6218544,4218544,EX012,EX3600BH,DT086,HIT EH5000,A-185-08-27,43.86,161.42,117.299607,117.299607,309.627447,45.632427,87.801749,0,363804.99,6591886.28,198.73,RIGHT,161.4,449,3/11/2025,14:24:58,14:32:27,1324.885197,EX3600,250,22.0,10.0,32,309.627447,117.299607,58.893664,87.801749,45.632427,1876.820397,5003.705612
pattern_27,A1850827_200_EN_5,6218545,4218545,EX012,EX3600BH,DT045,CAT 793,A-185-08-27,26.55,143.71,120.025717,120.025717,322.684403,45.398211,91.574157,0,363805.44,6591887.73,199.78,STRAIGHT,143.7,456,3/11/2025,14:32:27,14:40:03,1407.73652,EX3600,225,22.0,10.0,32,322.684403,120.025717,65.686318,91.574157,45.398211,1603.238861,4438.937988
pattern_27,A1850827_200_EN_1,6218546,4218546,EX012,EX3600BH,DT025,CAT 793,A-185-08-27,56.23,188.06,86.840454,86.840454,300.231804,45.627671,109.540243,0,363833.56,6591847.44,199.59,STRAIGHT,188.1,446,3/11/2025,14:40:03,14:47:29,1819.362628,EX3600,225,22.0,10.0,32,300.231804,86.840454,58.223436,109.540243,45.627671,2254.986577,6327.044562
pattern_27,A1850827_200_EN_1,6218547,4218547,EX012,EX3600BH,DT043,CAT 793,A-185-08-27,45.87,177.54,85.912162,85.912162,287.309192,44.640724,85.893155,0,363832.92,6591848.95,199.49,LEFT,177.5,391,3/11/2025,14:47:29,14:54:00,1997.395113,EX3600,225,22.0,10.0,32,287.309192,85.912162,70.863152,85.893155,44.640724,2224.626098,6223.459664
pattern_27,A1850827_200_EN_1,6218548,4218548,EX012,EX3600BH,DT039,CAT 793,A-185-08-27,44.76,178.81,86.521154,86.521154,277.429011,44.084872,88.097724,0,363832.67,6591852.11,198.36,STRAIGHT,178.8,458,3/11/2025,14:54:00,15:01:38,2006.687444,EX3600,225,22.0,10.0,32,277.429011,86.521154,58.72526,88.097724,44.084872,2320.253716,6543.115479
pattern_27,A1850827_200_EN_1,6218549,4218549,EX012,EX3600BH,DT046,CAT 793,A-185-08-27,47.85,177.98,106.25768,106.25768,305.216815,53.072031,82.857996,0,363832.9,6591851.62,199.46,RIGHT,178.0,436,3/11/2025,15:01:38,15:08:54,1679.781164,EX3600,225,22.0,10.0,32,305.216815,106.25768,63.029108,82.857996,53.072031,2099.273241,5841.137989
pattern_27,A1850827_200_EN_1,6218550,4218550,EX012,EX3600BH,DT015,CAT 793,A-185-08-27,34.39,154.54,85.255113,85.255113,265.503094,41.047494,87.668766,0,363834.61,6591851.39,198.42,STRAIGHT,154.5,422,3/11/2025,15:08:54,15:15:56,1669.288065,EX3600,225,22.0,10.0,32,265.503094,85.255113,51.531721,87.668766,41.047494,2095.37961,5888.679661
pattern_27,A1850827_200_EN_1,6218551,4218551,EX012,EX3600BH,DT025,CAT 793,A-185-08-27,37.53,161.94,96.805359,96.805359,284.244916,50.936526,82.790967,0,363833.61,6591850.45,199.64,STRAIGHT,161.9,408,3/11/2025,15:15:56,15:22:44,1697.772797,EX3600,225,22.0,10.0,32,284.244916,96.805359,53.712064,82.790967,50.936526,2051.009304,5684.412341
pattern_27,A1850827_200_EN_1,6218552,4218552,EX012,EX3600BH,DT030,CAT 793,A-185-08-27,33.68,155.84,89.52789,89.52789,277.585161,48.725035,72.618361,0,363829.82,6591848.98,199.72,STRAIGHT,155.8,386,3/11/2025,15:22:44,15:29:10,1663.048783,EX3600,225,22.0,10.0,32,277.585161,89.52789,66.713875,72.618361,48.725035,2021.054656,5469.376638
pattern_27,A1850827_200_EN_1,6218553,4218553,EX012,EX3600BH,DT029,CAT 793,A-185-08-27,42.96,165.71,94.608671,94.608671,268.456818,48.076112,67.059607,0,363829.77,6591849.24,198.71,STRAIGHT,165.7,412,3/11/2025,15:29:10,15:36:02,1941.394241,EX3600,225,22.0,10.0,32,268.456818,94.608671,58.712428,67.059607,48.076112,2222.124902,6266.392223
pattern_27,A1850827_200_EN_1,6218554,4218554,EX012,EX3600BH,DT006,CAT 793,A-185-08-27,44.92,158.96,105.450118,105.450118,283.264002,44.87207,76.525364,0,363832.33,6591850.47,199.29,LEFT,159.0,390,3/11/2025,15:36:02,15:42:32,1610.008008,EX3600,225,22.0,10.0,32,283.264002,105.450118,56.41645,76.525364,44.87207,2020.27876,5697.186104
pattern_27,A1850827_200_EN_1,6218555,4218555,EX012,EX3600BH,DT019,CAT 793,A-185-08-27,56.42,169.26,109.407834,109.407834,297.826025,40.801614,86.1256,0,363827.52,6591851.24,199.96,LEFT,169.3,449,3/11/2025,15:42:32,15:50:01,1791.258629,EX3600,225,22.0,10.0,32,297.826025,109.407834,61.490977,86.1256,40.801614,2045.943703,5769.561243
pattern_27,A1850827_200_EN_1,6218556,4218556,EX012,EX3600BH,DT045,CAT 793,A-185-08-27,40.82,153.71,92.926124,92.926124,296.606062,54.952213,82.817364,0,363832.86,6591848.11,199.17,LEFT,153.7,519,3/11/2025,15:50:01,15:58:40,1673.804498,EX3600,225,22.0,10.0,32,296.606062,92.926124,65.910361,82.817364,54.952213,1865.598079,5260.986582
pattern_27,A1850827_200_EN_1,6218557,4218557,EX012,EX3600BH,DT031,CAT 793,A-185-08-27,45.67,147.81,100.875786,100.875786,298.429734,46.594913,84.41294,0,363834.69,6591850.56,198.54,LEFT,147.8,482,3/11/2025,15:58:40,16:06:42,1447.731696,EX3600,225,22.0,10.0,32,298.429734,100.875786,66.546095,84.41294,46.594913,1783.016579,5028.106754
pattern_27,A1850827_200_EN_1,6218558,4218558,EX012,EX3600BH,DT025,CAT 793,A-185-08-27,47.44,157.29,100.989729,100.989729,306.469362,49.712851,94.939439,0,363832.94,6591855.68,199.84,LEFT,157.3,412,3/11/2025,16:06:42,16:13:34,1695.307723,EX3600,225,22.0,10.0,32,306.469362,100.989729,60.827342,94.939439,49.712851,1847.600157,5210.232442
pattern_27,A1850827_200_EN_5,6218559,4218559,EX012,EX3600BH,DT018,CAT 793,A-185-08-27,32.74,146.23,110.633594,110.633594,305.80596,45.263863,94.711956,0,363803.14,6591892.58,199.45,RIGHT,146.2,496,3/11/2025,16:13:34,16:21:50,1383.258894,EX3600,225,22.0,10.0,32,305.80596,110.633594,55.196547,94.711956,45.263863,1721.393081,4699.018511
pattern_27,A1850827_200_EN_5,6218560,4218560,EX012,EX3600BH,DT084,HIT EH5000,A-185-08-27,37.53,145.26,132.380724,132.380724,309.217315,45.099308,79.7343,0,363799.53,6591893.95,198.85,STRAIGHT,145.3,895,3/11/2025,16:21:50,16:36:45,1510.319825,EX3600,250,22.0,10.0,32,309.217315,132.380724,52.002982,79.7343,45.099308,1691.161578,4249.652872
pattern_27,A1850827_200_EN_5,6218561,4218561,EX012,EX3600BH,DT022,CAT 793,A-185-08-27,39.64,154.01,116.494114,116.494114,312.904934,44.719083,90.183059,0,363802.18,6591893.76,199.31,STRAIGHT,154.0,535,3/11/2025,16:36:45,16:45:40,1409.265925,EX3600,225,22.0,10.0,32,312.904934,116.494114,61.508677,90.183059,44.719083,1771.854617,4804.394003
pattern_27,A1850827_200_EN_5,6218562,4218562,EX012,EX3600BH,DT029,CAT 793,A-185-08-27,37.16,166.13,130.720525,130.720525,330.238994,45.166398,100.706161,0,363799.7,6591894.34,198.72,RIGHT,166.1,511,3/11/2025,16:45:40,16:54:11,1593.265777,EX3600,225,22.0,10.0,32,330.238994,130.720525,53.64591,100.706161,45.166398,1811.037408,4669.914222
pattern_27,A1850827_200_EN_5,6218563,4218563,EX012,EX3600BH,DT014,CAT 793,A-185-08-27,36.93,154.95,146.440723,146.440723,336.678194,43.465626,94.654763,0,363799.14,6591891.15,199.44,RIGHT,154.9,467,3/11/2025,16:54:11,17:01:58,1391.245332,EX3600,225,22.0,10.0,32,336.678194,146.440723,52.117082,94.654763,43.465626,1656.817217,4411.821996
pattern_27,A1850827_200_EN_5,6218564,4218564,EX012,EX3600BH,DT081,HIT EH5000,A-185-08-27,31.85,156.22,141.504548,141.504548,351.089764,39.538912,100.66539,0,363804.46,6591892.15,198.48,STRAIGHT,156.2,398,3/11/2025,17:01:58,17:08:36,1342.344145,EX3600,250,22.0,10.0,32,351.089764,141.504548,69.380913,100.66539,39.538912,1601.819648,4185.515561
pattern_27,A1850827_200_EN_5,6218565,4218565,EX012,EX3600BH,DT034,CAT 793,A-185-08-27,29.21,161.49,147.493238,147.493238,347.039088,39.063278,101.501502,0,363802.57,6591895.35,199.87,STRAIGHT,161.5,542,3/11/2025,17:08:36,17:17:38,1384.049058,EX3600,225,22.0,10.0,32,347.039088,147.493238,58.98107,101.501502,39.063278,1675.200758,4280.145486
pattern_27,A1850827_200_EN_5,6218566,4218566,EX012,EX3600BH,DT026,CAT 793,A-185-08-27,45.52,166.03,116.720805,116.720805,317.398431,40.250091,93.867827,0,363798.27,6591891.88,199.11,RIGHT,166.0,448,3/11/2025,17:17:38,17:25:06,1619.852273,EX3600,225,22.0,10.0,32,317.398431,116.720805,66.559708,93.867827,40.250091,1883.10023,4863.963508
pattern_27,A1850827_200_EN_5,6218567,4218567,EX012,EX3600BH,DT016,CAT 793,A-185-08-27,31.24,163.07,141.224473,141.224473,328.156478,37.749664,90.924667,0,363798.89,6591895.78,199.12,STRAIGHT,163.1,442,3/11/2025,17:25:06,17:32:28,1433.280711,EX3600,225,22.0,10.0,32,328.156478,141.224473,58.257674,90.924667,37.749664,1788.901994,4660.110596
pattern_27,A1850827_200_EN_5,6218568,4218568,EX012,EX3600BH,DT018,CAT 793,A-185-08-27,41.89,148.4,115.665545,115.665545,335.141677,52.711373,97.377361,0,363798.45,6591892.25,199.02,LEFT,148.4,396,3/11/2025,17:32:28,17:39:04,1396.350714,EX3600,225,22.0,10.0,32,335.141677,115.665545,69.387398,97.377361,52.711373,1594.028768,4061.173887
pattern_27,A1850827_200_EN_5,6218569,4218569,EX012,EX3600BH,DT008,CAT 793,A-185-08-27,48.56,166.93,124.991863,124.991863,324.407153,46.688861,92.443317,0,363799.87,6591894.97,198.69,STRAIGHT,166.9,473,3/11/2025,17:39:04,17:46:57,1569.665061,EX3600,225,22.0,10.0,32,324.407153,124.991863,60.283113,92.443317,46.688861,1852.479121,4865.413528
pattern_27,A1850827_200_EN_5,6218570,4218570,EX012,EX3600BH,DT030,CAT 793,A-185-08-27,45.76,164.07,104.025252,104.025252,305.8937,41.273396,94.975983,0,363800.86,6591893.26,200.29,RIGHT,164.1,418,3/11/2025,17:46:57,17:53:55,1495.313559,EX3600,225,22.0,10.0,32,305.8937,104.025252,65.619069,94.975983,41.273396,1930.918077,5323.095772
pattern_27,A1850827_200_EN_5,6218571,4218571,EX012,EX3600BH,DT036,CAT 793,A-185-08-27,36.55,161.24,148.635974,148.635974,353.814374,42.663595,100.049094,0,363789.02,6591881.02,198.42,RIGHT,161.2,479,3/11/2025,17:53:55,18:01:54,1315.696489,EX3600,225,22.0,10.0,32,353.814374,148.635974,62.465711,100.049094,42.663595,1640.617249,3986.768875
pattern_27,A1850827_200_EN_5,6218572,4218572,EX012,EX3600BH,DT020,CAT 793,A-185-08-27,28.1,149.83,142.573105,142.573105,345.292754,49.098999,87.666297,0,363792.04,6591882.19,198.64,LEFT,149.8,535,3/11/2025,18:01:54,18:10:49,1264.92236,EX3600,225,22.0,10.0,32,345.292754,142.573105,65.954353,87.666297,49.098999,1562.134921,4024.068361
pattern_27,A1850827_200_EN_5,6218573,4218573,EX012,EX3600BH,DT010,CAT 793,A-185-08-27,34.67,161.4,135.152894,135.152894,345.084912,51.908366,103.340709,0,363792.15,6591881.98,199.61,STRAIGHT,161.4,461,3/11/2025,18:10:49,18:18:30,1436.503946,EX3600,225,22.0,10.0,32,345.084912,135.152894,54.682943,103.340709,51.908366,1683.766602,4271.247827
pattern_27,A1850827_200_EN_5,6218574,4218574,EX012,EX3600BH,DT012,CAT 793,A-185-08-27,36.22,165.36,149.97326,149.97326,348.134343,45.534358,81.858623,0,363792.88,6591883.77,198.8,STRAIGHT,165.4,514,3/11/2025,18:18:30,18:27:04,1412.138245,EX3600,225,22.0,10.0,32,348.134343,149.97326,70.768102,81.858623,45.534358,1709.914053,4428.473126
pattern_27,A1850827_200_EN_5,6218575,4218575,EX012,EX3600BH,DT016,CAT 793,A-185-08-27,42.52,158.58,131.738821,131.738821,337.403526,43.05742,88.527858,0,363792.04,6591883.94,198.6,LEFT,158.6,490,3/11/2025,18:27:04,18:35:14,1426.1423,EX3600,225,22.0,10.0,32,337.403526,131.738821,74.079427,88.527858,43.05742,1692.052843,4310.415621
pattern_27,A1850827_200_EN_5,6218576,4218576,EX012,EX3600BH,DT012,CAT 793,A-185-08-27,39.83,168.83,116.118471,116.118471,325.477795,53.115421,86.704806,0,363790.4,6591883.69,199.3,LEFT,168.8,523,3/11/2025,18:35:14,18:43:57,1639.053024,EX3600,225,22.0,10.0,32,325.477795,116.118471,69.539097,86.704806,53.115421,1867.339435,4922.767328
pattern_27,A1850827_200_EN_5,6218577,4218577,EX012,EX3600BH,DT028,CAT 793,A-185-08-27,34.01,148.39,134.700715,134.700715,313.262721,39.652387,77.507523,0,363790.17,6591881.97,199.79,RIGHT,148.4,487,3/11/2025,18:43:57,18:52:04,1495.432787,EX3600,225,22.0,10.0,32,313.262721,134.700715,61.402096,77.507523,39.652387,1705.251888,4541.373492
pattern_27,A1850827_200_EN_5,6218578,4218578,EX012,EX3600BH,DT006,CAT 793,A-185-08-27,36.26,164.69,119.850968,119.850968,323.295435,38.387539,104.281997,0,363794.32,6591883.5,198.82,LEFT,164.7,471,3/11/2025,18:52:04,18:59:55,1423.260904,EX3600,225,22.0,10.0,32,323.295435,119.850968,60.77493,104.281997,38.387539,1833.834705,4946.130656
pattern_27,A1850827_200_EN_5,6218579,4218579,EX012,EX3600BH,DT012,CAT 793,A-185-08-27,38.76,163.56,130.8074,130.8074,327.803779,44.542441,86.595461,0,363791.05,6591885.39,198.78,LEFT,163.6,515,3/11/2025,18:59:55,19:08:30,1562.832141,EX3600,225,22.0,10.0,32,327.803779,130.8074,65.858478,86.595461,44.542441,1796.274995,4291.069568
pattern_27,A1850827_200_EN_5,6218580,4218580,EX012,EX3600BH,DT012,CAT 793,A-185-08-27,35.92,157.76,121.489512,121.489512,287.62536,35.54704,75.934562,0,363793.23,6591882.37,199.59,RIGHT,157.8,521,3/11/2025,19:08:30,19:17:11,1622.880777,EX3600,225,22.0,10.0,32,287.62536,121.489512,54.654246,75.934562,35.54704,1974.591461,4962.506796
pattern_27,A1850827_200_EN_5,6218581,4218581,EX012,EX3600BH,DT045,CAT 793,A-185-08-27,37.3,156.03,124.746192,124.746192,311.092755,37.293513,88.092374,0,363790.31,6591883.61,199.29,LEFT,156.0,445,3/11/2025,19:17:11,19:24:36,1560.694832,EX3600,225,22.0,10.0,32,311.092755,124.746192,60.960675,88.092374,37.293513,1805.631278,4617.811451
pattern_27,A1850827_200_EN_5,6218582,4218582,EX012,EX3600BH,DT033,CAT 793,A-185-08-27,25.54,148.04,135.45806,135.45806,336.374402,46.763772,82.854471,0,363788.5,6591882.93,199.72,LEFT,148.0,487,3/11/2025,19:24:36,19:32:43,1328.117203,EX3600,225,22.0,10.0,32,336.374402,135.45806,71.298099,82.854471,46.763772,1584.407714,4108.368801
pattern_27,A1850827_200_EN_5,6218583,4218583,EX012,EX3600BH,DT015,CAT 793,A-185-08-27,30.4,150.54,144.781949,144.781949,328.237549,38.546193,89.188957,0,363788.06,6591885.49,199.45,STRAIGHT,150.5,458,3/11/2025,19:32:43,19:40:21,1468.963701,EX3600,225,22.0,10.0,32,328.237549,144.781949,55.72045,89.188957,38.546193,1651.091969,4267.955608
pattern_27,A1850827_200_EN_2,6218584,4218584,EX012,EX3600BH,DT040,CAT 793,A-185-08-27,45.47,186.32,97.457876,97.457876,294.757642,48.94866,84.304496,0,363827.42,6591857.33,199.22,STRAIGHT,186.3,460,3/11/2025,19:40:21,19:48:01,1909.76582,EX3600,225,22.0,10.0,32,294.757642,97.457876,64.04661,84.304496,48.94866,2275.642841,6417.312811
pattern_27,A1850827_200_EN_2,6218585,4218585,EX012,EX3600BH,DT012,CAT 793,A-185-08-27,39.44,173.54,89.796797,89.796797,298.59649,47.918522,94.665915,0,363830.36,6591860.23,199.21,STRAIGHT,173.5,480,3/11/2025,19:48:01,19:56:01,1766.332911,EX3600,225,22.0,10.0,32,298.59649,89.796797,66.215255,94.665915,47.918522,2092.273067,5900.21005
pattern_27,A1850827_200_EN_2,6218586,4218586,EX012,EX3600BH,DT019,CAT 793,A-185-08-27,39.22,164.16,99.199513,99.199513,297.948699,42.465978,90.838124,0,363827.8,6591858.49,199.5,LEFT,164.2,450,3/11/2025,19:56:01,20:03:31,1765.589116,EX3600,225,22.0,10.0,32,297.948699,99.199513,65.445083,90.838124,42.465978,1983.494521,5593.45455
pattern_27,A1850827_200_EN_2,6218587,4218587,EX012,EX3600BH,DT069,HIT EH5000,A-185-08-27,51.2,166.52,86.24825,86.24825,284.532317,45.605312,96.126104,0,363829.97,6591855.19,198.37,STRAIGHT,166.5,415,3/11/2025,20:03:31,20:10:26,1715.71146,EX3600,250,22.0,10.0,32,284.532317,86.24825,56.552651,96.126104,45.605312,2106.898424,5941.453554
pattern_27,A1850827_200_EN_2,6218588,4218588,EX012,EX3600BH,DT013,CAT 793,A-185-08-27,38.05,153.53,83.247393,83.247393,298.840844,50.109253,103.738039,0,363828.42,6591855.65,198.88,STRAIGHT,153.5,514,3/11/2025,20:10:26,20:19:00,1567.141066,EX3600,225,22.0,10.0,32,298.840844,83.247393,61.746159,103.738039,50.109253,1849.49822,5209.960203
pattern_27,A1850827_200_EN_2,6218589,4218589,EX012,EX3600BH,DT043,CAT 793,A-185-08-27,38.3,166.32,107.193552,107.193552,293.811288,43.013442,85.623978,0,363830.58,6591858.06,199.43,STRAIGHT,166.3,503,3/11/2025,20:19:00,20:27:23,1657.515221,EX3600,225,22.0,10.0,32,293.811288,107.193552,57.980316,85.623978,43.013442,2037.921722,5729.965113
pattern_27,A1850827_200_EN_2,6218590,4218590,EX012,EX3600BH,DT015,CAT 793,A-185-08-27,31.5,162.91,94.493427,94.493427,286.684407,50.829684,78.684213,0,363826.17,6591859.35,198.5,LEFT,162.9,469,3/11/2025,20:27:23,20:35:12,1658.10532,EX3600,225,22.0,10.0,32,286.684407,94.493427,62.677083,78.684213,50.829684,2045.771298,5769.075059
pattern_27,A1850827_200_EN_2,6218591,4218591,EX012,EX3600BH,DT044,CAT 793,A-185-08-27,37.75,165.57,92.72814,92.72814,293.320494,46.566496,90.004052,0,363823.79,6591856.64,197.84,LEFT,165.6,393,3/11/2025,20:35:12,20:41:45,1827.922183,EX3600,225,22.0,10.0,32,293.320494,92.72814,64.021806,90.004052,46.566496,2032.065428,5666.673419
pattern_27,A1850827_200_EN_2,6218592,4218592,EX012,EX3600BH,DT003,CAT 793,A-185-08-27,41.71,184.95,84.596374,84.596374,273.659865,48.218872,83.162916,0,363826.05,6591858.37,198.59,STRAIGHT,184.9,395,3/11/2025,20:41:45,20:48:20,2089.191475,EX3600,225,22.0,10.0,32,273.659865,84.596374,57.681702,83.162916,48.218872,2432.976217,6860.992931
pattern_27,A1850827_200_EN_2,6218593,4218593,EX012,EX3600BH,DT034,CAT 793,A-185-08-27,49.37,185.99,102.173831,102.173831,302.600896,44.767715,93.137487,0,363828.77,6591859.17,198.6,STRAIGHT,186.0,477,3/11/2025,20:48:20,20:56:17,1931.695276,EX3600,225,22.0,10.0,32,302.600896,102.173831,62.521862,93.137487,44.767715,2212.68738,6239.77841
pattern_27,A1850827_200_EN_2,6218594,4218594,EX012,EX3600BH,DT001,CAT 793,A-185-08-27,41.2,175.99,92.643174,92.643174,280.034834,36.898838,91.146572,0,363828.09,6591859.26,198.49,STRAIGHT,176.0,433,3/11/2025,20:56:17,21:03:30,1823.213258,EX3600,225,22.0,10.0,32,280.034834,92.643174,59.34625,91.146572,36.898838,2262.436902,6380.072065
pattern_27,A1850827_200_EN_2,6218595,4218595,EX012,EX3600BH,DT087,HIT EH5000,A-185-08-27,41.22,175.02,104.427747,104.427747,304.856242,46.527931,97.624943,0,363828.22,6591857.85,199.39,RIGHT,175.0,427,3/11/2025,21:03:30,21:10:37,1745.650187,EX3600,250,22.0,10.0,32,304.856242,104.427747,56.275621,97.624943,46.527931,2066.756191,5638.528733
pattern_27,A1850827_200_EN_2,6218596,4218596,EX012,EX3600BH,DT014,CAT 793,A-185-08-27,40.92,172.57,100.0546,100.0546,299.775851,46.560879,90.005596,0,363821.01,6591862.81,198.31,LEFT,172.6,411,3/11/2025,21:10:37,21:17:28,1642.73302,EX3600,225,22.0,10.0,32,299.775851,100.0546,63.154775,90.005596,46.560879,2072.361564,5837.724302
pattern_27,A1850827_200_EN_2,6218597,4218597,EX012,EX3600BH,DT001,CAT 793,A-185-08-27,54.02,162.07,94.86744,94.86744,299.689318,54.813084,88.183734,0,363824.74,6591865.49,198.17,RIGHT,162.1,492,3/11/2025,21:17:28,21:25:40,1646.931345,EX3600,225,22.0,10.0,32,299.689318,94.86744,61.82506,88.183734,54.813084,1946.840688,5398.518395
pattern_27,A1850827_200_EN_2,6218598,4218598,EX012,EX3600BH,DT006,CAT 793,A-185-08-27,32.53,158.17,96.687418,96.687418,311.644524,49.42026,91.620127,0,363823.76,6591865.25,199.02,LEFT,158.2,432,3/11/2025,21:25:40,21:32:52,1534.602686,EX3600,225,22.0,10.0,32,311.644524,96.687418,73.916719,91.620127,49.42026,1827.108099,5088.852415
pattern_27,A1850827_200_EN_2,6218599,4218599,EX012,EX3600BH,DT033,CAT 793,A-185-08-27,36.13,162.42,88.62001,88.62001,281.729228,45.638271,81.622848,0,363822.89,6591861.96,199.5,LEFT,162.4,433,3/11/2025,21:32:52,21:40:05,1735.125174,EX3600,225,22.0,10.0,32,281.729228,88.62001,65.848099,81.622848,45.638271,2075.496983,5852.901492
pattern_27,A1850827_200_EN_2,6218600,4218600,EX012,EX3600BH,DT061,HIT EH5000,A-185-08-27,30.66,160.58,99.695935,99.695935,283.933859,42.334719,76.89633,0,363824.06,6591865.57,199.15,RIGHT,160.6,443,3/11/2025,21:40:05,21:47:28,1707.76514,EX3600,250,22.0,10.0,32,283.933859,99.695935,65.006876,76.89633,42.334719,2036.035224,5741.619332
pattern_27,A1850827_200_EN_2,6218601,4218601,EX012,EX3600BH,DT036,CAT 793,A-185-08-27,43.22,169.3,105.770196,105.770196,304.330602,44.679568,92.043059,0,363823.04,6591863.17,198.6,STRAIGHT,169.3,751,3/11/2025,21:47:28,21:59:59,1801.40548,EX3600,225,22.0,10.0,32,304.330602,105.770196,61.837778,92.043059,44.679568,2002.714587,5647.655134
pattern_27,A1850827_200_EN_2,6218602,4218602,EX012,EX3600BH,DT011,CAT 793,A-185-08-27,29.58,177.48,93.760956,93.760956,285.44429,53.854631,82.663183,0,363825.05,6591868.4,198.63,LEFT,177.5,474,3/11/2025,21:59:59,22:07:53,1943.807483,EX3600,225,22.0,10.0,32,285.44429,93.760956,55.16552,82.663183,53.854631,2238.349933,6312.14681
pattern_27,A1850827_200_EN_2,6218603,4218603,EX012,EX3600BH,DT001,CAT 793,A-185-08-27,37.51,188.88,93.896726,93.896726,293.325255,36.849192,101.118262,0,363824.96,6591861.95,199.28,LEFT,188.9,400,3/11/2025,22:07:53,22:14:33,1948.731857,EX3600,225,22.0,10.0,32,293.325255,93.896726,61.461075,101.118262,36.849192,2318.121752,6457.102863
pattern_27,A1850827_200_EN_2,6218604,4218604,EX012,EX3600BH,DT067,HIT EH5000,A-185-08-27,52.84,193.3,96.362884,96.362884,305.703772,45.539947,95.170518,0,363824.94,6591864.87,199.22,RIGHT,193.3,563,3/11/2025,22:14:33,22:23:56,1897.939242,EX3600,250,22.0,10.0,32,305.703772,96.362884,68.630424,95.170518,45.539947,2276.318883,6419.21925
pattern_27,A1850827_200_EN_2,6218605,4218605,EX012,EX3600BH,DT006,CAT 793,A-185-08-27,48.24,181.52,93.768482,93.768482,274.226245,47.059005,82.203753,0,363826.65,6591869.21,199.09,RIGHT,181.5,436,3/11/2025,22:23:56,22:31:12,1919.078882,EX3600,225,22.0,10.0,32,274.226245,93.768482,51.195005,82.203753,47.059005,2383.000087,6499.066984
pattern_27,A1850827_200_EN_2,6218606,4218606,EX012,EX3600BH,DT010,CAT 793,A-185-08-27,46.96,168.45,86.342806,86.342806,302.994164,54.021146,90.94726,0,363824.32,6591863.14,198.97,RIGHT,168.4,473,3/11/2025,22:31:12,22:39:05,1650.588069,EX3600,225,22.0,10.0,32,302.994164,86.342806,71.682952,90.94726,54.021146,2001.37974,5643.890867
pattern_27,A1850827_200_EN_2,6218607,4218607,EX012,EX3600BH,DT016,CAT 793,A-185-08-27,46.34,164.8,85.91214,85.91214,269.489187,39.927637,88.696579,0,363825.5,6591866.39,199.24,LEFT,164.8,444,3/11/2025,22:39:05,22:46:29,1926.173962,EX3600,225,22.0,10.0,32,269.489187,85.91214,54.95283,88.696579,39.927637,2201.433375,6208.042118
pattern_27,A1850827_200_EN_3,6218608,4218608,EX012,EX3600BH,DT007,CAT 793,A-185-08-27,34.62,144.97,102.323712,102.323712,284.554705,43.278866,75.735263,0,363819.39,6591869.95,198.65,STRAIGHT,145.0,441,3/11/2025,22:46:29,22:53:50,1587.216732,EX3600,225,22.0,10.0,32,284.554705,102.323712,63.216864,75.735263,43.278866,1834.114852,5172.203883
pattern_27,A1850827_200_EN_3,6218609,4218609,EX012,EX3600BH,DT036,CAT 793,A-185-08-27,29.2,146.46,95.862094,95.862094,270.949553,36.274636,88.8079,0,363818.17,6591868.67,199.27,LEFT,146.5,413,3/11/2025,22:53:50,23:00:43,1678.315992,EX3600,225,22.0,10.0,32,270.949553,95.862094,50.004923,88.8079,36.274636,1945.963384,5206.775073
pattern_27,A1850827_200_EN_3,6218610,4218610,EX012,EX3600BH,DT026,CAT 793,A-185-08-27,50.5,159.55,87.712547,87.712547,271.598163,45.813097,80.557406,0,363818.46,6591872.28,199.61,RIGHT,159.5,436,3/11/2025,23:00:43,23:07:59,1779.505841,EX3600,225,22.0,10.0,32,271.598163,87.712547,57.515112,80.557406,45.813097,2114.801186,5747.302893
pattern_27,A1850827_200_EN_3,6218611,4218611,EX012,EX3600BH,DT044,CAT 793,A-185-08-27,47.92,169.77,99.12055,99.12055,306.48309,43.637656,98.033669,0,363818.28,6591871.04,199.61,LEFT,169.8,431,3/11/2025,23:07:59,23:15:10,1631.489926,EX3600,225,22.0,10.0,32,306.48309,99.12055,65.691215,98.033669,43.637656,1994.175996,5623.576308
pattern_27,A1850827_200_EN_3,6218612,4218612,EX012,EX3600BH,DT004,CAT 793,A-185-08-27,40.05,169.53,95.250642,95.250642,278.477555,44.414292,85.910055,0,363819.79,6591875.79,199.95,LEFT,169.5,402,3/11/2025,23:15:10,23:21:52,1810.652656,EX3600,225,22.0,10.0,32,278.477555,95.250642,52.902567,85.910055,44.414292,2191.587594,6143.382163
pattern_27,A1850827_200_EN_3,6218613,4218613,EX012,EX3600BH,DT005,CAT 793,A-185-08-27,40.16,161.27,113.515025,113.515025,295.663622,48.156645,72.408263,0,363822.14,6591871.16,199.64,STRAIGHT,161.3,406,3/11/2025,23:21:52,23:28:38,1613.330615,EX3600,225,22.0,10.0,32,295.663622,113.515025,61.583688,72.408263,48.156645,1963.632886,5428.07639
pattern_27,A1850827_200_EN_3,6218614,4218614,EX012,EX3600BH,DT008,CAT 793,A-185-08-27,38.44,162.7,92.94136,92.94136,273.741644,43.449724,89.07831,0,363821.77,6591870.64,199.16,RIGHT,162.7,449,3/11/2025,23:28:38,23:36:07,1855.415042,EX3600,225,22.0,10.0,32,273.741644,92.94136,48.272249,89.07831,43.449724,2139.698784,5780.400245
pattern_27,A1850827_200_EN_3,6218615,4218615,EX012,EX3600BH,DT025,CAT 793,A-185-08-27,57.64,179.2,109.614375,109.614375,307.026515,42.47805,92.523125,0,363819.46,6591874.53,198.62,LEFT,179.2,413,3/11/2025,23:36:07,23:43:00,1825.198476,EX3600,225,22.0,10.0,32,307.026515,109.614375,62.410965,92.523125,42.47805,2101.207271,5925.404505
pattern_27,A1850827_200_EN_3,6218616,4218616,EX012,EX3600BH,DT050,HIT EH5000,A-185-08-27,46.99,179.4,116.525928,116.525928,311.041322,42.080166,89.33464,0,363818.44,6591872.64,199.33,RIGHT,179.4,474,3/11/2025,23:43:00,23:50:54,1792.93823,EX3600,250,22.0,10.0,32,311.041322,116.525928,63.100588,89.33464,42.080166,2076.328795,5760.437814
pattern_27,A1850827_200_EN_3,6218617,4218617,EX012,EX3600BH,DT067,HIT EH5000,A-185-08-27,62.7,189.33,102.894385,102.894385,305.125847,49.339321,87.21215,0,363825.0,6591873.52,199.08,STRAIGHT,189.3,463,3/11/2025,23:50:54,23:58:37,1870.821833,EX3600,250,22.0,10.0,32,305.125847,102.894385,65.679992,87.21215,49.339321,2233.807825,6299.338065
pattern_27,A1850827_200_EN_3,6218618,4218618,EX012,EX3600BH,DT035,CAT 793,A-185-08-27,38.17,166.74,99.484955,99.484955,319.837259,46.641281,99.677774,0,363817.73,6591870.17,199.71,LEFT,166.7,462,3/11/2025,23:58:37,00:06:19,1641.152776,EX3600,225,22.0,10.0,32,319.837259,99.484955,74.033249,99.677774,46.641281,1876.810284,5292.605
pattern_27,A1850827_200_EN_3,6218619,4218619,EX012,EX3600BH,DT031,CAT 793,A-185-08-27,30.98,135.13,109.482944,109.482944,306.161301,55.366078,82.976884,0,363817.59,6591872.05,199.86,RIGHT,135.1,440,4/11/2025,00:06:19,00:13:39,1355.402413,EX3600,225,22.0,10.0,32,306.161301,109.482944,58.335396,82.976884,55.366078,1588.908811,4480.722848
pattern_27,A1850827_200_EN_3,6218620,4218620,EX012,EX3600BH,DT004,CAT 793,A-185-08-27,28.44,139.49,89.674698,89.674698,277.816217,44.652199,81.037961,0,363819.98,6591872.71,199.71,STRAIGHT,139.5,427,4/11/2025,00:13:39,00:20:46,1518.087034,EX3600,225,22.0,10.0,32,277.816217,89.674698,62.451359,81.037961,44.652199,1807.532363,4835.328075
pattern_27,A1850827_200_EN_4,6218621,4218621,EX012,EX3600BH,DT040,CAT 793,A-185-08-27,33.25,155.67,94.319838,94.319838,302.243445,53.118358,86.831304,0,363816.12,6591879.72,199.33,LEFT,155.7,432,4/11/2025,00:20:46,00:27:58,1521.090046,EX3600,225,22.0,10.0,32,302.243445,94.319838,67.973944,86.831304,53.118358,1854.119398,4711.073928
pattern_27,A1850827_200_EN_4,6218622,4218622,EX012,EX3600BH,DT005,CAT 793,A-185-08-27,36.31,172.28,118.327829,118.327829,333.850387,47.984523,94.217368,0,363815.99,6591876.55,198.63,RIGHT,172.3,439,4/11/2025,00:27:58,00:35:17,1654.237221,EX3600,225,22.0,10.0,32,333.850387,118.327829,73.320667,94.217368,47.984523,1857.757878,4913.959572
pattern_27,A1850827_200_EN_4,6218623,4218623,EX012,EX3600BH,DT042,CAT 793,A-185-08-27,35.19,168.12,111.129135,111.129135,306.514266,44.002419,83.870935,0,363816.73,6591877.65,199.42,RIGHT,168.1,500,4/11/2025,00:35:17,00:43:37,1634.126712,EX3600,225,22.0,10.0,32,306.514266,111.129135,67.511776,83.870935,44.002419,1974.584946,5396.25592
pattern_27,A1850827_200_EN_4,6218624,4218624,EX012,EX3600BH,DT038,CAT 793,A-185-08-27,49.15,147.44,115.401029,115.401029,312.852499,47.53479,88.516876,0,363816.22,6591877.97,198.16,LEFT,147.4,458,4/11/2025,00:43:37,00:51:15,1398.725423,EX3600,225,22.0,10.0,32,312.852499,115.401029,61.399804,88.516876,47.53479,1696.609712,4539.077501
pattern_27,A1850827_200_EN_4,6218625,4218625,EX012,EX3600BH,DT009,CAT 793,A-185-08-27,29.14,151.45,106.48462,106.48462,298.541093,48.690381,84.138591,0,363816.49,6591878.28,199.49,LEFT,151.5,378,4/11/2025,00:51:15,00:57:33,1548.416756,EX3600,225,22.0,10.0,32,298.541093,106.48462,59.227501,84.138591,48.690381,1826.31986,4846.91034
pattern_27,A1850827_200_EN_4,6218626,4218626,EX012,EX3600BH,DT009,CAT 793,A-185-08-27,54.7,181.93,97.235,97.235,313.812058,47.714177,104.757649,0,363814.51,6591881.35,199.9,LEFT,181.9,424,4/11/2025,00:57:33,01:04:37,1827.988251,EX3600,225,22.0,10.0,32,313.812058,97.235,64.105232,104.757649,47.714177,2087.123276,5593.908057
pattern_27,A1850827_200_EN_4,6218627,4218627,EX012,EX3600BH,DT006,CAT 793,A-185-08-27,48.6,182.11,114.467064,114.467064,325.479479,47.13179,99.579074,0,363815.46,6591879.46,199.7,STRAIGHT,182.1,348,4/11/2025,01:04:37,01:10:25,1618.08245,EX3600,225,22.0,10.0,32,325.479479,114.467064,64.30155,99.579074,47.13179,2014.220968,5552.466349
pattern_27,A1850827_200_EN_4,6218628,4218628,EX012,EX3600BH,DT054,HIT EH5000,A-185-08-27,44.15,179.25,119.934248,119.934248,321.900285,48.637826,92.956145,0,363815.47,6591876.62,199.72,STRAIGHT,179.2,481,4/11/2025,01:10:25,01:18:26,1524.160764,EX3600,250,22.0,10.0,32,321.900285,119.934248,60.372067,92.956145,48.637826,2004.633051,5584.616774
pattern_27,A1850827_200_EN_4,6218629,4218629,EX012,EX3600BH,DT013,CAT 793,A-185-08-27,46.38,174.71,110.517159,110.517159,314.152547,53.44627,90.937061,0,363814.22,6591879.34,199.27,STRAIGHT,174.7,450,4/11/2025,01:18:26,01:25:56,1696.606665,EX3600,225,22.0,10.0,32,314.152547,110.517159,59.252056,90.937061,53.44627,2002.09695,5283.375363
pattern_27,A1850827_200_EN_4,6218630,4218630,EX012,EX3600BH,DT003,CAT 793,A-185-08-27,59.36,181.13,105.293416,105.293416,281.847409,47.65794,69.221484,0,363816.78,6591874.65,199.73,STRAIGHT,181.1,457,4/11/2025,01:25:56,01:33:33,1968.262766,EX3600,225,22.0,10.0,32,281.847409,105.293416,59.674569,69.221484,47.65794,2313.524996,6207.503852
pattern_27,A1850827_200_EN_4,6218631,4218631,EX012,EX3600BH,DT049,HIT EH5000,A-185-08-27,54.87,164.6,95.390448,95.390448,290.711105,48.254826,89.294581,0,363814.47,6591876.56,199.22,RIGHT,164.6,359,4/11/2025,01:33:33,01:39:32,1676.740536,EX3600,250,22.0,10.0,32,290.711105,95.390448,57.77125,89.294581,48.254826,2038.264411,5379.229493
pattern_27,A1850827_200_EN_4,6218632,4218632,EX012,EX3600BH,DT004,CAT 793,A-185-08-27,47.21,164.75,104.807854,104.807854,306.108432,49.595966,91.718124,0,363815.7,6591880.89,199.5,STRAIGHT,164.8,524,4/11/2025,01:39:32,01:48:16,1698.725879,EX3600,225,22.0,10.0,32,306.108432,104.807854,59.986488,91.718124,49.595966,1937.585458,5037.356936
pattern_27,A1850827_200_EN_4,6218633,4218633,EX012,EX3600BH,DT087,HIT EH5000,A-185-08-27,48.08,158.54,108.00283,108.00283,309.546458,40.728642,86.113229,0,363816.71,6591877.6,199.64,LEFT,158.5,457,4/11/2025,01:48:16,01:55:53,1460.873652,EX3600,250,22.0,10.0,32,309.546458,108.00283,74.701757,86.113229,40.728642,1843.845738,4942.746407
pattern_27,A1850827_200_EN_5,6218634,4218634,EX012,EX3600BH,DT043,CAT 793,A-185-08-27,38.64,169.66,159.667566,159.667566,352.760877,41.169794,93.622007,0,363810.73,6591884.27,199.67,RIGHT,169.7,531,4/11/2025,01:55:53,02:04:44,1372.432947,EX3600,225,22.0,10.0,32,352.760877,159.667566,58.30151,93.622007,41.169794,1731.412661,4306.70976
pattern_27,A1850827_200_EN_5,6218635,4218635,EX012,EX3600BH,DT029,CAT 793,A-185-08-27,39.55,168.16,160.260282,160.260282,343.055762,44.137434,71.182746,0,363811.53,6591881.9,199.67,LEFT,168.2,555,4/11/2025,02:04:44,02:13:59,1480.848574,EX3600,225,22.0,10.0,32,343.055762,160.260282,67.475301,71.182746,44.137434,1764.663103,4551.307717
pattern_27,A1850827_200_EN_5,6218636,4218636,EX012,EX3600BH,DT038,CAT 793,A-185-08-27,33.15,165.77,146.923541,146.923541,334.475416,39.652284,89.725007,0,363812.98,6591882.98,199.11,RIGHT,165.8,452,4/11/2025,02:13:59,02:21:31,1442.985344,EX3600,225,22.0,10.0,32,334.475416,146.923541,58.174584,89.725007,39.652284,1784.175519,4575.317443
pattern_27,A1850827_200_EN_5,6218637,4218637,EX012,EX3600BH,DT001,CAT 793,A-185-08-27,32.16,162.67,132.673992,132.673992,340.860665,40.027539,98.724054,0,363812.86,6591884.34,199.45,RIGHT,162.7,515,4/11/2025,02:21:31,02:30:06,1317.377704,EX3600,225,22.0,10.0,32,340.860665,132.673992,69.43508,98.724054,40.027539,1718.074559,4328.406514
pattern_27,A1850827_200_EN_5,6218638,4218638,EX012,EX3600BH,DT071,HIT EH5000,A-185-08-27,45.01,168.1,126.914595,126.914595,341.264344,45.969689,105.431464,0,363810.76,6591884.13,198.01,LEFT,168.1,472,4/11/2025,02:30:06,02:37:58,1438.869211,EX3600,250,22.0,10.0,32,341.264344,126.914595,62.948596,105.431464,45.969689,1773.287156,4455.775363
pattern_27,A1850827_200_EN_5,6218639,4218639,EX012,EX3600BH,DT011,CAT 793,A-185-08-27,32.45,150.36,138.253521,138.253521,350.269807,51.004867,93.103454,0,363816.03,6591885.67,199.75,STRAIGHT,150.4,531,4/11/2025,02:37:58,02:46:49,1311.535523,EX3600,225,22.0,10.0,32,350.269807,138.253521,67.907964,93.103454,51.004867,1545.409902,3979.613585
pattern_27,A1850827_200_EN_5,6218640,4218640,EX012,EX3600BH,DT031,CAT 793,A-185-08-27,37.59,162.69,125.623725,125.623725,306.497321,37.366511,83.968511,0,363812.67,6591886.81,199.35,RIGHT,162.7,507,4/11/2025,02:46:49,02:55:16,1589.891847,EX3600,225,22.0,10.0,32,306.497321,125.623725,59.538575,83.968511,37.366511,1910.858654,5133.621036
pattern_27,A1850827_200_EN_5,6218641,4218641,EX012,EX3600BH,DT045,CAT 793,A-185-08-27,50.17,175.22,164.71299,164.71299,386.241343,41.258404,108.309789,0,363810.64,6591883.41,198.53,LEFT,175.2,578,4/11/2025,02:55:16,03:04:54,1380.565136,EX3600,225,22.0,10.0,32,386.241343,164.71299,71.960161,108.309789,41.258404,1633.132651,4128.508888
pattern_27,A1850827_200_EN_5,6218642,4218642,EX012,EX3600BH,DT018,CAT 793,A-185-08-27,38.7,167.44,135.568851,135.568851,340.200351,40.258013,95.422432,0,363815.1,6591886.55,198.95,RIGHT,167.4,611,4/11/2025,03:04:54,03:15:05,1396.048735,EX3600,225,22.0,10.0,32,340.200351,135.568851,68.951055,95.422432,40.258013,1771.89402,4526.631143
pattern_27,A1850827_200_EN_5,6218643,4218643,EX012,EX3600BH,DT014,CAT 793,A-185-08-27,43.72,160.42,128.244011,128.244011,331.173644,47.230265,94.878125,0,363811.24,6591880.79,198.51,STRAIGHT,160.4,459,4/11/2025,03:15:05,03:22:44,1432.588996,EX3600,225,22.0,10.0,32,331.173644,128.244011,60.821244,94.878125,47.230265,1743.835144,4479.108808
pattern_27,A1850827_200_EN_5,6218644,4218644,EX012,EX3600BH,DT043,CAT 793,A-185-08-27,39.87,168.12,139.034765,139.034765,340.443918,44.562931,96.41223,0,363811.81,6591883.39,198.14,LEFT,168.1,472,4/11/2025,03:22:44,03:30:36,1418.481728,EX3600,225,22.0,10.0,32,340.443918,139.034765,60.433991,96.41223,44.562931,1777.754102,4645.293255
pattern_27,A1850827_200_EN_5,6218645,4218645,EX012,EX3600BH,DT013,CAT 793,A-185-08-27,34.46,152.04,139.925041,139.925041,341.671185,54.002819,90.161906,0,363812.8,6591883.48,199.54,RIGHT,152.0,522,4/11/2025,03:30:36,03:39:18,1369.569765,EX3600,225,22.0,10.0,32,341.671185,139.925041,57.581419,90.161906,54.002819,1601.983528,3937.131109
pattern_27,A1850827_200_EN_5,6218646,4218646,EX012,EX3600BH,DT080,HIT EH5000,A-185-08-27,28.53,141.54,106.872793,106.872793,286.702372,35.714654,89.393225,0,363811.74,6591883.86,199.45,STRAIGHT,141.5,423,4/11/2025,03:39:18,03:46:21,1410.062194,EX3600,250,22.0,10.0,32,286.702372,106.872793,54.7217,89.393225,35.714654,1777.212197,4543.478547
pattern_27,A1850827_200_EN_5,6218647,4218647,EX012,EX3600BH,DT021,CAT 793,A-185-08-27,45.7,165.33,115.555452,115.555452,319.338197,49.314622,94.317558,0,363810.22,6591886.88,199.67,RIGHT,165.3,442,4/11/2025,03:46:21,03:53:43,1536.671782,EX3600,225,22.0,10.0,32,319.338197,115.555452,60.150564,94.317558,49.314622,1863.850189,4740.717103
pattern_27,A1850827_200_EN_2,6218648,4218648,EX012,EX3600BH,DT049,HIT EH5000,A-185-08-27,32.04,148.65,100.319733,100.319733,285.81127,48.335279,84.136213,0,363831.47,6591862.04,199.29,STRAIGHT,148.7,412,4/11/2025,03:53:43,04:00:35,1492.298303,EX3600,250,22.0,10.0,32,285.81127,100.319733,53.020046,84.136213,48.335279,1872.365765,5246.387956
pattern_27,A1850827_200_EN_2,6218649,4218649,EX012,EX3600BH,DT025,CAT 793,A-185-08-27,33.92,153.17,97.359586,97.359586,283.984492,46.530395,85.598292,0,363831.17,6591866.11,199.96,STRAIGHT,153.2,486,4/11/2025,04:00:35,04:08:41,1693.805981,EX3600,225,22.0,10.0,32,283.984492,97.359586,54.496218,85.598292,46.530395,1941.677337,5265.949606
pattern_27,A1850827_200_EN_2,6218650,4218650,EX012,EX3600BH,DT034,CAT 793,A-185-08-27,32.05,160.11,104.038681,104.038681,296.326121,53.108844,82.057511,0,363833.24,6591866.48,199.54,RIGHT,160.1,401,4/11/2025,04:08:41,04:15:22,1656.980846,EX3600,225,22.0,10.0,32,296.326121,104.038681,57.121085,82.057511,53.108844,1945.182705,5332.490262
pattern_27,A1850827_200_EN_2,6218651,4218651,EX012,EX3600BH,DT031,CAT 793,A-185-08-27,33.43,174.2,108.611295,108.611295,320.650735,53.169619,95.838705,0,363829.2,6591865.48,199.93,LEFT,174.2,425,4/11/2025,04:15:22,04:22:27,1510.295193,EX3600,225,22.0,10.0,32,320.650735,108.611295,63.031116,95.838705,53.169619,1955.716825,5229.093769
pattern_27,A1850827_200_EN_2,6218652,4218652,EX012,EX3600BH,DT032,CAT 793,A-185-08-27,40.93,178.44,88.66993,88.66993,277.568781,50.546571,82.676864,0,363834.63,6591863.58,199.57,RIGHT,178.4,408,4/11/2025,04:22:27,04:29:15,2030.792141,EX3600,225,22.0,10.0,32,277.568781,88.66993,55.675416,82.676864,50.546571,2314.364351,6447.034592
pattern_27,A1850827_200_EN_2,6218653,4218653,EX012,EX3600BH,DT023,CAT 793,A-185-08-27,53.44,177.46,94.586619,94.586619,289.780914,50.338721,87.310722,0,363833.07,6591863.3,198.78,RIGHT,177.5,462,4/11/2025,04:29:15,04:36:57,1917.187794,EX3600,225,22.0,10.0,32,289.780914,94.586619,57.544852,87.310722,50.338721,2204.569558,5927.630164
pattern_27,A1850827_200_EN_2,6218654,4218654,EX012,EX3600BH,DT032,CAT 793,A-185-08-27,48.47,165.69,94.085518,94.085518,294.879451,44.474865,86.944611,0,363834.45,6591864.08,199.01,LEFT,165.7,410,4/11/2025,04:36:57,04:43:47,1726.24904,EX3600,225,22.0,10.0,32,294.879451,94.085518,69.374456,86.944611,44.474865,2022.758435,5523.295254
pattern_27,A1850827_200_EN_2,6218655,4218655,EX012,EX3600BH,DT040,CAT 793,A-185-08-27,41.3,163.95,98.173479,98.173479,280.321577,32.730471,87.786,0,363833.46,6591869.6,199.21,RIGHT,163.9,462,4/11/2025,04:43:47,04:51:29,1790.522951,EX3600,225,22.0,10.0,32,280.321577,98.173479,61.631628,87.786,32.730471,2105.469406,5885.731108
pattern_27,A1850827_200_EN_2,6218656,4218656,EX012,EX3600BH,DT074,HIT EH5000,A-185-08-27,35.87,172.63,98.475768,98.475768,280.563382,40.966625,81.143115,0,363834.63,6591863.57,199.14,STRAIGHT,172.6,410,4/11/2025,04:51:29,04:58:19,1809.10923,EX3600,250,22.0,10.0,32,280.563382,98.475768,59.977873,81.143115,40.966625,2215.034719,6206.175768
pattern_27,A1850827_200_EN_2,6218657,4218657,EX012,EX3600BH,DT010,CAT 793,A-185-08-27,41.2,149.65,95.095251,95.095251,289.086611,50.656486,75.067801,0,363831.55,6591860.49,198.68,STRAIGHT,149.6,511,4/11/2025,04:58:19,05:06:50,1607.670663,EX3600,225,22.0,10.0,32,289.086611,95.095251,68.267073,75.067801,50.656486,1863.565729,5138.066188
pattern_27,A1850827_200_EN_2,6218658,4218658,EX012,EX3600BH,DT043,CAT 793,A-185-08-27,35.21,145.61,91.414982,91.414982,303.378205,57.253126,85.960045,0,363835.47,6591862.96,198.66,STRAIGHT,145.6,446,4/11/2025,05:06:50,05:14:16,1468.352279,EX3600,225,22.0,10.0,32,303.378205,91.414982,68.750053,85.960045,57.253126,1727.916932,4678.810187
pattern_27,A1850827_200_EN_2,6218659,4218659,EX012,EX3600BH,DT041,CAT 793,A-185-08-27,45.97,147.15,88.545087,88.545087,271.302045,39.877598,87.922337,0,363829.95,6591867.39,199.46,STRAIGHT,147.2,410,4/11/2025,05:14:16,05:21:06,1653.965315,EX3600,225,22.0,10.0,32,271.302045,88.545087,54.957023,87.922337,39.877598,1952.587811,5506.297627
pattern_27,A1850827_200_EN_3,6218660,4218660,EX012,EX3600BH,DT020,CAT 793,A-185-08-27,45.1,153.6,115.570773,115.570773,306.018399,47.880978,86.250783,0,363828.46,6591871.14,198.94,STRAIGHT,153.6,482,4/11/2025,05:21:06,05:29:08,1476.982158,EX3600,225,22.0,10.0,32,306.018399,115.570773,56.315864,86.250783,47.880978,1806.893375,4945.903584
pattern_27,A1850827_200_EN_3,6218661,4218661,EX012,EX3600BH,DT062,HIT EH5000,A-185-08-27,45.96,150.79,110.195215,110.195215,305.597157,48.834237,99.013385,0,363825.98,6591874.0,198.24,STRAIGHT,150.8,377,4/11/2025,05:29:08,05:35:25,1554.641649,EX3600,250,22.0,10.0,32,305.597157,110.195215,47.55432,99.013385,48.834237,1776.297258,5009.158267
pattern_27,A1850827_200_EN_3,6218662,4218662,EX012,EX3600BH,DT036,CAT 793,A-185-08-27,43.42,162.53,98.666477,98.666477,287.666493,45.671119,82.695925,0,363825.59,6591876.12,199.55,STRAIGHT,162.5,409,4/11/2025,05:35:25,05:42:14,1781.865347,EX3600,225,22.0,10.0,32,287.666493,98.666477,60.632973,82.695925,45.671119,2033.950348,5735.739982
pattern_27,A1850827_200_EN_3,6218663,4218663,EX012,EX3600BH,DT089,HIT EH5000,A-185-08-27,32.88,161.84,105.71603,105.71603,292.498174,43.205875,81.110483,0,363828.38,6591871.27,199.64,STRAIGHT,161.8,441,4/11/2025,05:42:14,05:49:35,1658.247329,EX3600,250,22.0,10.0,32,292.498174,105.71603,62.465786,81.110483,43.205875,1991.830953,5375.374448
pattern_27,A1850827_200_EN_3,6218664,4218664,EX012,EX3600BH,DT008,CAT 793,A-185-08-27,40.37,153.85,114.000481,114.000481,304.146182,47.446688,85.579152,0,363826.2,6591869.21,199.08,STRAIGHT,153.8,456,4/11/2025,05:49:35,05:57:11,1416.885651,EX3600,225,22.0,10.0,32,304.146182,114.000481,57.119862,85.579152,47.446688,1821.008177,4980.929837
pattern_27,A1850827_200_EN_3,6218665,4218665,EX012,EX3600BH,DT026,CAT 793,A-185-08-27,29.51,151.29,91.003487,91.003487,289.206919,49.007153,89.256425,0,363826.86,6591869.71,199.69,RIGHT,151.3,454,4/11/2025,05:57:11,06:04:45,1582.665777,EX3600,225,22.0,10.0,32,289.206919,91.003487,59.939853,89.256425,49.007153,1883.231468,5175.112726
pattern_27,A1850827_200_EN_3,6218666,4218666,EX012,EX3600BH,DT079,HIT EH5000,A-185-08-27,44.01,164.5,108.896965,108.896965,295.174495,39.577216,94.393697,0,363829.9,6591873.32,199.74,LEFT,164.5,436,4/11/2025,06:04:45,06:12:01,1704.639096,EX3600,250,22.0,10.0,32,295.174495,108.896965,52.306617,94.393697,39.577216,2006.229934,5588.62042
pattern_27,A1850827_200_EN_3,6218667,4218667,EX012,EX3600BH,DT038,CAT 793,A-185-08-27,48.93,168.6,110.565839,110.565839,334.802496,60.144212,94.999981,0,363828.24,6591868.9,199.3,RIGHT,168.6,543,4/11/2025,06:12:01,06:21:04,1516.866436,EX3600,225,22.0,10.0,32,334.802496,110.565839,69.092465,94.999981,60.144212,1812.846165,5100.034307
pattern_27,A1850827_200_EN_3,6218668,4218668,EX012,EX3600BH,DT050,HIT EH5000,A-185-08-27,40.89,171.38,102.468462,102.468462,308.216875,54.562571,94.70316,0,363829.14,6591871.06,199.3,LEFT,171.4,452,4/11/2025,06:21:04,06:28:36,1678.110618,EX3600,250,22.0,10.0,32,308.216875,102.468462,56.482682,94.70316,54.562571,2001.775675,5452.373774
pattern_27,A1850827_200_EN_3,6218669,4218669,EX012,EX3600BH,DT036,CAT 793,A-185-08-27,35.58,172.9,120.632611,120.632611,321.817732,48.367434,88.716487,0,363830.3,6591874.84,199.79,LEFT,172.9,550,4/11/2025,06:28:36,06:37:46,1631.698179,EX3600,225,22.0,10.0,32,321.817732,120.632611,64.101201,88.716487,48.367434,1934.10521,5236.158544
pattern_27,A1850827_200_EN_3,6218670,4218670,EX012,EX3600BH,DT014,CAT 793,A-185-08-27,57.57,172.71,106.268003,106.268003,304.402547,51.554133,80.204209,0,363831.81,6591872.84,198.16,STRAIGHT,172.7,429,4/11/2025,06:37:46,06:44:55,1637.163801,EX3600,225,22.0,10.0,32,304.402547,106.268003,66.376202,80.204209,51.554133,2042.543155,5638.871859
pattern_27,A1850827_200_EN_3,6218671,4218671,EX012,EX3600BH,DT027,CAT 793,A-185-08-27,47.55,159.6,108.521847,108.521847,305.828744,38.76211,89.992439,0,363828.82,6591870.58,198.48,LEFT,159.6,523,4/11/2025,06:44:55,06:53:38,1618.355554,EX3600,225,22.0,10.0,32,305.828744,108.521847,68.552348,89.992439,38.76211,1878.756765,5024.930157
pattern_27,A1850827_200_EN_3,6218672,4218672,EX012,EX3600BH,DT005,CAT 793,A-185-08-27,52.78,161.57,125.960418,125.960418,316.190642,46.136624,80.752203,0,363832.21,6591871.34,198.42,LEFT,161.6,435,4/11/2025,06:53:38,07:00:53,1622.041393,EX3600,225,22.0,10.0,32,316.190642,125.960418,63.341398,80.752203,46.136624,1839.538352,5067.177947
pattern_27,A1850827_200_EN_4,6218673,4218673,EX012,EX3600BH,DT042,CAT 793,A-185-08-27,33.43,170.36,130.29253,130.29253,329.367463,43.507841,96.070812,0,363826.8,6591878.36,199.08,LEFT,170.4,447,4/11/2025,07:00:53,07:08:20,1432.780418,EX3600,225,22.0,10.0,32,329.367463,130.29253,59.496281,96.070812,43.507841,1862.018751,4984.746312
pattern_27,A1850827_200_EN_4,6218674,4218674,EX012,EX3600BH,DT066,HIT EH5000,A-185-08-27,40.96,163.89,105.2909,105.2909,289.871717,39.042984,80.015888,0,363826.07,6591879.3,199.12,LEFT,163.9,464,4/11/2025,07:08:20,07:16:04,1617.988685,EX3600,250,22.0,10.0,32,289.871717,105.2909,65.521944,80.015888,39.042984,2035.405081,5407.884124
pattern_27,A1850827_200_EN_4,6218675,4218675,EX012,EX3600BH,DT030,CAT 793,A-185-08-27,35.55,157.45,103.219754,103.219754,310.606863,46.806908,88.423417,0,363824.59,6591881.67,199.22,RIGHT,157.4,503,4/11/2025,07:16:04,07:24:27,1455.108502,EX3600,225,22.0,10.0,32,310.606863,103.219754,72.156783,88.423417,46.806908,1824.829737,4972.825301
pattern_27,A1850827_200_EN_4,6218676,4218676,EX012,EX3600BH,DT046,CAT 793,A-185-08-27,33.87,172.63,115.673117,115.673117,328.656325,56.583855,95.723016,0,363821.2,6591877.7,198.77,STRAIGHT,172.6,504,4/11/2025,07:24:27,07:32:51,1617.961004,EX3600,225,22.0,10.0,32,328.656325,115.673117,60.676336,95.723016,56.583855,1890.957313,4980.613222
pattern_27,A1850827_200_EN_4,6218677,4218677,EX012,EX3600BH,DT002,CAT 793,A-185-08-27,41.44,189.03,111.100798,111.100798,312.25433,45.899662,98.718347,0,363819.57,6591880.45,198.96,LEFT,189.0,495,4/11/2025,07:32:51,07:41:06,1844.56422,EX3600,225,22.0,10.0,32,312.25433,111.100798,56.535522,98.718347,45.899662,2179.383842,6077.188363
pattern_27,A1850827_200_EN_4,6218678,4218678,EX012,EX3600BH,DT017,CAT 793,A-185-08-27,37.35,181.84,112.469547,112.469547,314.159437,48.493074,83.543557,0,363824.64,6591875.27,199.86,STRAIGHT,181.8,528,4/11/2025,07:41:06,07:49:54,1829.174313,EX3600,225,22.0,10.0,32,314.159437,112.469547,69.653259,83.543557,48.493074,2083.723562,5504.276233
pattern_27,A1850827_200_EN_4,6218679,4218679,EX012,EX3600BH,DT020,CAT 793,A-185-08-27,52.39,166.21,100.141436,100.141436,300.469333,45.010064,92.983625,0,363824.12,6591877.88,199.14,RIGHT,166.2,477,4/11/2025,07:49:54,07:57:51,1706.918974,EX3600,225,22.0,10.0,32,300.469333,100.141436,62.334208,92.983625,45.010064,1991.431708,5410.843186
pattern_27,A1850827_200_EN_4,6218680,4218680,EX012,EX3600BH,DT067,HIT EH5000,A-185-08-27,53.79,190.35,113.598389,113.598389,334.915979,49.378917,106.852221,0,363824.03,6591878.49,199.31,RIGHT,190.3,470,4/11/2025,07:57:51,08:05:41,1580.86743,EX3600,250,22.0,10.0,32,334.915979,113.598389,65.086453,106.852221,49.378917,2046.037582,5367.788142
pattern_27,A1850827_200_EN_4,6218681,4218681,EX012,EX3600BH,DT026,CAT 793,A-185-08-27,39.45,165.03,117.352391,117.352391,319.336919,40.802617,96.807866,0,363825.37,6591877.35,198.61,LEFT,165.0,404,4/11/2025,08:05:41,08:12:25,1515.780125,EX3600,225,22.0,10.0,32,319.336919,117.352391,64.374045,96.807866,40.802617,1860.494725,5216.933013
pattern_27,A1850827_200_EN_4,6218682,4218682,EX012,EX3600BH,DT038,CAT 793,A-185-08-27,47.62,169.95,100.580797,100.580797,294.473273,48.936419,73.756652,0,363821.28,6591879.01,198.27,LEFT,169.9,589,4/11/2025,08:12:25,08:22:14,1680.840694,EX3600,225,22.0,10.0,32,294.473273,100.580797,71.199404,73.756652,48.936419,2077.660924,5815.30871
pattern_27,A1850827_200_EN_4,6218683,4218683,EX012,EX3600BH,DT046,CAT 793,A-185-08-27,42.78,160.54,103.303824,103.303824,302.818925,49.843858,88.101323,0,363822.07,6591879.32,198.76,LEFT,160.5,496,4/11/2025,08:22:14,08:30:30,1573.019721,EX3600,225,22.0,10.0,32,302.818925,103.303824,61.56992,88.101323,49.843858,1908.562094,5164.511026
pattern_27,A1850827_200_EN_4,6218684,4218684,EX012,EX3600BH,DT071,HIT EH5000,A-185-08-27,33.26,150.64,110.909651,110.909651,320.539501,51.70133,98.604591,0,363824.42,6591878.18,199.73,LEFT,150.6,473,4/11/2025,08:30:30,08:38:23,1476.355607,EX3600,250,22.0,10.0,32,320.539501,110.909651,59.323929,98.604591,51.70133,1691.798931,4755.138251
