Date,Time,Date Time,Pre_Leach_Density_pct_w_w,Leach_Tank_01_Density_pct_w_w,Leach_Tank_01_pH,Leach_Tank_01_CN_ppm,Leach_Tank_01_DO_ppm,Leach_Tank_02_Density_pct_w_w,Leach_Tank_02_pH,Leach_Tank_02_CN_ppm,Leach_Tank_02_DO_ppm,CIL_Tank_01_Density_pct_w_w,CIL_Tank_01_pH,CIL_Tank_01_CN_ppm,CIL_Tank_01_DO_ppm,CIL_Tank_01_Carbon_gpl,CIL_Tank_02_Density_pct_w_w,CIL_Tank_02_pH,CIL_Tank_02_CN_ppm,CIL_Tank_02_DO_ppm,CIL_Tank_02_Carbon_gpl,CIL_Tank_03_Density_pct_w_w,CIL_Tank_03_pH,CIL_Tank_03_CN_ppm,CIL_Tank_03_DO_ppm,CIL_Tank_03_Carbon_gpl,CIL_Tank_04_Density_pct_w_w,CIL_Tank_04_pH,CIL_Tank_04_CN_ppm,CIL_Tank_04_DO_ppm,CIL_Tank_04_Carbon_gpl,CIL_Tank_05_Density_pct_w_w,CIL_Tank_05_pH,CIL_Tank_05_CN_ppm,CIL_Tank_05_DO_ppm,CIL_Tank_05_Carbon_gpl,CIL_Tank_06_Density_pct_w_w,CIL_Tank_06_pH,CIL_Tank_06_CN_ppm,CIL_Tank_06_DO_ppm,CIL_Tank_06_Carbon_gpl,Tailing_Density_pct_w_w,Tailing_CN_ppm,DO_Purity_pct_w_w,DO_Flow,Feed_Ton_Dry,Feed_Grade_Au_ppm,Feed_Grade_Ag_ppm,Feed_Grade_Cu_ppm,Tail_Ton_Dry,Tail_Solution_Volume_m3,Tail_Solid_Au_ppm,Tail_Solid_Ag_ppm,Tail_Solid_Cu_ppm,Tail_Solution_Au_ppm,Tail_Solution_Ag_ppm,Tail_Solution_Cu_ppm,Slurry_Volume_m3,Residence_Time_hr,Au_Input_g,Au_Tail_g,Recovery_pct,NaCN_Added_Est_kg,NaCN_in_Tails_Est_kg,NaCN_Loss_pct,NaCN_Utilisation_pct,NaCN_Difference_ppm,NaCN_Difference_kg,Avg_Tank_CN_ppm,Avg_Tank_DO_ppm,Avg_Tank_Carbon_gpl,Au_Recovery_pct,Au_Tail_to_Feed_Solid_Ratio,CN_to_Au_Ratio,DO_Carbon_Interaction,45um,38um,45um_au,45um_ag,45um_cu,lt_38um,lt_38um_au,lt_38um_ag,lt_38um_cu
2025-01-02,1900-01-01 06:00:00,2025-01-02 06:00:00,35,35.0,11.0,300.0,0.0,35.0,10.7,300.0,0.0,34.0,10.6,0.0,0.0,16.0,34,10.4,0.0,0.0,14.0,34.0,10.4,0.0,0.0,11.0,33.0,10.4,0.0,0.0,9.0,33.0,10.4,0.0,0.0,15.0,33,10.4,210.0,0.0,19.0,21,150.0,63.3504219055176,352.1283030192057,1199.8416,0.53,10.0,71.0,1356.2,2439.7,0.03,11.1,62.8,0.01,0.872,1.81,850.3604648727273,7.582666723534785,635.916048,40.686,93.60198565078517,359.95248,365.955,101.6675867881227,-1.6675867881227049,150.0,-6.002520000000004,270.0,,14.0,94.33962264150944,0.0566037735849056,509.4339622641509,,,,,,,,,,
2025-01-03,1900-01-02 06:00:00,2025-01-03 06:00:00,40,40.0,10.9,350.0,0.0,42.0,10.8,350.0,0.0,40.0,10.8,0.0,0.0,15.0,40,10.7,0.0,0.0,15.2,39.0,10.7,0.0,0.0,15.2,38.0,10.7,0.0,0.0,14.8,38.0,10.6,0.0,0.0,14.0,38,10.7,280.0,0.0,12.0,25,160.0,60.75439453125,371.3124519348145,780.5872000000002,0.49,22.0,79.0,830.7,1462.1,0.04,10.6,63.3,0.01,0.681,1.42,553.2234373818184,11.655326879345102,382.48772800000006,33.228,91.31266245488536,273.20552000000004,233.936,85.62638119464057,14.373618805359428,190.0,39.26952000000003,326.6666666666667,,14.366666666666667,91.83673469387756,0.0816326530612245,666.6666666666667,,,,,,,,,,
2025-01-04,1900-01-03 06:00:00,2025-01-04 06:00:00,41,39.0,10.6,300.0,0.0,38.0,10.6,300.0,0.0,36.0,10.7,0.0,0.0,16.0,37,10.6,0.0,0.0,14.6,37.0,10.6,0.0,0.0,16.2,35.0,10.5,0.0,0.0,14.6,36.0,10.5,0.0,0.0,15.0,35,10.5,290.0,0.0,13.0,26,180.0,61.2955741882324,372.5651040395101,1121.3455,0.4,14.5,65.0,1013.5,2084.1,0.02,9.6,67.2,0.01,0.611,1.8,794.7281380000001,8.113466343631588,448.5382000000001,20.27,95.48087543045386,336.40365,375.138,111.51424783886856,-11.514247838868556,120.0,-38.73434999999995,296.6666666666667,,14.9,95.0,0.0499999999999999,741.6666666666666,,,,,,,,,,
2025-01-05,1900-01-04 06:00:00,2025-01-05 06:00:00,42,41.0,10.9,250.0,0.0,40.0,10.9,350.0,0.0,40.0,10.8,0.0,0.0,15.8,39,10.8,0.0,0.0,13.0,38.0,10.7,0.0,0.0,18.0,37.0,10.7,0.0,0.0,15.0,37.0,10.7,0.0,0.0,15.0,38,10.8,150.0,0.0,17.0,23,140.0,60.5916328430176,372.8309454600016,223.8813,0.31,13.0,48.0,165.7,311.4,0.04,11.0,67.1,0.01,0.48,1.72,158.6707831636364,40.6376011477186,69.403203,6.628,90.45000848159702,55.97032500000001,43.596,77.89127542139515,22.10872457860485,110.0,12.374325000000011,250.0,,15.633333333333333,87.09677419354838,0.1290322580645161,806.4516129032259,,,,,,,,,,
2025-01-07,1900-01-06 06:00:00,2025-01-07 06:00:00,37,40.0,10.6,350.0,0.0,40.0,10.7,300.0,0.0,39.0,10.7,0.0,0.0,17.8,38,10.7,0.0,0.0,15.0,38.0,10.6,0.0,0.0,7.0,37.0,10.7,0.0,0.0,10.0,37.0,10.7,0.0,0.0,15.0,37,10.8,250.0,0.0,17.2,24,170.0,70.52001953125,292.5846353848775,1098.9388,0.37,12.5,48.0,882.0,1943.724049824337,0.04,12.4,50.1,0.01,0.511,1.71,778.847898618182,8.278895033856966,406.607356,35.28,91.323324706403,384.62858,330.43308847013725,85.90965561377088,14.09034438622912,180.0,54.19549152986275,300.0,,13.666666666666666,89.1891891891892,0.1081081081081081,810.8108108108108,,,,,,,,,,
2025-01-08,1900-01-07 06:00:00,2025-01-08 06:00:00,42,40.0,10.6,300.0,0.0,39.0,10.7,350.0,0.0,39.0,10.7,0.0,0.0,17.2,39,10.7,0.0,0.0,14.8,38.0,10.7,0.0,0.0,15.0,38.0,10.6,0.0,0.0,15.0,37.0,10.6,0.0,0.0,13.2,37,10.7,210.0,0.0,12.0,27,170.0,64.5100860595703,333.24194650650026,1103.224,0.49,19.0,48.0,1135.4,2231.6,0.03,12.3,53.7,0.01,0.431,1.75,781.8849367272728,8.246737719477398,540.57976,34.062000000000005,93.69898717628644,330.96719999999993,379.372,114.62525591659842,-14.62525591659842,130.0,-48.40480000000008,286.6666666666667,,14.533333333333331,93.87755102040816,0.0612244897959183,585.0340136054423,,,,,,,,,,
2025-01-09,1900-01-08 06:00:00,2025-01-09 06:00:00,38,41.0,10.9,350.0,0.0,41.0,10.8,350.0,0.0,40.0,10.8,0.0,0.0,18.0,39,10.8,0.0,0.0,13.4,38.0,10.8,0.0,0.0,15.0,37.0,10.7,0.0,0.0,15.4,38.0,10.8,0.0,0.0,13.0,40,10.8,210.0,0.0,19.0,25,190.0,64.9129180908203,333.99076455434164,933.8154,0.405,15.0,47.5,926.5588380186516,2018.2469739020137,0.0299578516359058,12.047977821443002,47.62592222212621,0.0099897964298744,0.3300787331409728,0.7095913132613969,661.8204416727274,9.742823874860848,378.1952370000001,27.75771220130012,92.66048075552573,326.83539,383.4669250413826,117.32723467962956,-17.32723467962957,160.0,-56.63153504138256,303.3333333333333,,15.633333333333333,92.60299959607262,0.0739700040392737,748.9711934156378,,,,,,,,,,
2025-01-10,1900-01-09 06:00:00,2025-01-10 06:00:00,39,40.0,10.9,300.0,0.0,39.0,10.8,300.0,0.0,40.0,10.8,0.0,0.0,18.0,39,10.7,0.0,0.0,13.0,37.0,10.7,0.0,0.0,17.0,37.0,10.7,0.0,0.0,16.0,38.0,10.7,0.0,0.0,13.0,37,10.7,220.0,0.0,18.0,25,180.0,64.3880157470703,335.4515084902445,987.9856,0.45,19.5,51.5,984.1,1891.3,0.04,14.6,46.0,0.01,0.51,0.56,700.2123397818182,9.208635200586665,444.59352,39.364,91.14606978527262,296.39568,340.434,114.85794934663016,-14.85794934663015,120.0,-44.03832,273.3333333333333,,15.833333333333334,91.11111111111111,0.0888888888888888,607.4074074074074,,,,,,,,,,
2025-01-11,1900-01-10 06:00:00,2025-01-11 06:00:00,39,36.0,10.9,300.0,0.0,37.0,10.8,250.0,0.0,35.0,10.9,0.0,0.0,18.6,36,10.9,0.0,0.0,13.8,37.0,10.9,0.0,0.0,17.0,37.0,10.9,0.0,0.0,15.0,37.0,11.0,0.0,0.0,14.2,36,11,270.0,0.0,18.8,25,180.0,65.6901092529297,335.71252899169923,750.0071999999999,0.52,43.0,55.0,926.1605421564316,2058.3196685443404,0.0499037096064233,14.105595460876756,49.79539628402591,0.0099914345364924,0.590416258289075,1.2366456613634913,531.5505573818181,12.130548845174737,390.003744,46.21884674470214,88.1491274235813,225.00216,370.49754033798126,164.66399270921724,-64.66399270921724,120.0,-145.4953803379813,273.3333333333333,,16.233333333333334,90.40313276799552,0.0959686723200448,525.6410256410256,,,,,,,,,,
2025-01-13,1900-01-12 06:00:00,2025-01-13 06:00:00,40,38.0,11.0,300.0,0.0,37.0,11.0,300.0,0.0,37.0,11.0,0.0,0.0,19.0,35,10.9,0.0,0.0,14.0,36.0,10.9,0.0,0.0,18.0,37.0,10.9,0.0,0.0,16.6,36.0,10.9,0.0,0.0,14.0,34,10.7,240.0,0.0,19.0,22,140.0,63.0533866882324,355.34034945170083,1263.6536,0.53,20.0,67.0,1348.2,3114.7,0.04,18.7,53.7,0.01,0.833,2.4,895.5857696000002,7.199757096274433,669.7364080000001,53.928,91.94787690263958,379.09608,436.058,115.02572118392784,-15.025721183927844,160.0,-56.96192000000002,280.0,,16.766666666666666,92.45283018867924,0.0754716981132075,528.3018867924528,,,,,,,,,,
2025-01-14,1900-01-13 06:00:00,2025-01-14 06:00:00,41,40.0,10.6,350.0,0.0,41.0,10.5,350.0,0.0,38.0,10.8,0.0,0.0,17.2,36,10.6,0.0,0.0,16.0,35.0,10.6,0.0,0.0,8.0,37.0,10.5,0.0,0.0,16.0,36.0,10.6,0.0,0.0,14.0,36,10.6,290.0,290.0,19.0,25,300.0,61.5,338.78,936.0382,0.85,27.5,65.0,939.2,1887.9,0.05,19.3,54.2,0.01,0.779,1.5,663.3958006545455,9.719687694191045,795.6324699999999,46.96000000000001,94.09777733178738,327.61337,566.37,172.87755991155063,-72.87755991155063,50.0,-238.75663000000003,330.0,290.0,15.033333333333331,94.11764705882352,0.0588235294117647,388.2352941176471,4359.666666666667,,,,,,,,,
2025-01-15,1900-01-14 06:00:00,2025-01-15 06:00:00,41,41.0,10.5,350.0,0.0,40.0,10.4,300.0,0.0,39.0,10.5,0.0,0.0,17.4,40,10.5,0.0,0.0,15.0,39.0,10.4,0.0,0.0,15.6,36.0,10.4,0.0,0.0,14.6,37.0,10.5,0.0,0.0,15.2,35,10.5,270.0,0.0,13.0,0,160.0,58.8826484680176,383.10402221679686,799.94,0.38,10.5,41.0,746.0,1644.0,0.05,21.5,54.6,0.01,0.69,1.48,566.9392945454547,11.373351718669817,303.97720000000004,37.3,87.72934285860914,279.979,263.04,93.94990338561108,6.05009661438892,190.0,16.938999999999965,306.6666666666667,,15.133333333333333,86.8421052631579,0.131578947368421,807.0175438596492,,,,,,,,,,
2025-01-16,1900-01-15 06:00:00,2025-01-16 06:00:00,38,38.0,10.8,400.0,0.0,41.0,10.6,350.0,0.0,39.0,10.5,0.0,0.0,17.0,38,10.5,0.0,0.0,14.2,37.0,10.5,0.0,0.0,16.2,35.0,10.4,0.0,0.0,15.2,37.0,10.4,0.0,0.0,14.6,34,10.4,220.0,0.0,12.0,25,140.0,59.5906562805176,376.1779029846192,1063.3278,0.75,24.0,66.0,1011.4,2308.9,0.045,20.6,55.0,0.01,0.8,1.6,753.609411709091,8.5561564118165,797.49585,45.513,94.29301105454029,425.33112,323.246,75.99867134104835,24.00132865895165,260.0,102.08512000000002,323.3333333333333,,14.866666666666664,94.0,0.06,431.1111111111111,,,,,,,,,,
2025-01-17,1900-01-16 06:00:00,2025-01-17 06:00:00,39,40.0,10.9,300.0,0.0,39.0,10.9,300.0,0.0,39.0,0.9,0.0,0.0,17.4,38,10.9,0.0,0.0,14.2,38.0,10.9,0.0,0.0,18.2,37.0,10.8,0.0,0.0,14.0,35.0,10.8,0.0,0.0,15.4,38,10.7,270.0,0.0,12.4,20,150.0,59.5703125,375.3543355308333,992.9528,0.54,21.0,76.0,972.2,2246.0,0.05,18.2,58.8,0.01,0.801,0.739,703.7327298909091,9.162569433141972,536.194512,48.61000000000001,90.93426006568302,297.88584,336.9,113.0970173003188,-13.09701730031881,150.0,-39.01416,290.0,,15.266666666666667,90.74074074074076,0.0925925925925925,537.037037037037,,,,,,,,,,
2025-01-18,1900-01-17 06:00:00,2025-01-18 06:00:00,38,37.0,10.9,400.0,0.0,37.0,10.9,350.0,0.0,38.0,11.0,0.0,0.0,17.0,37,11,0.0,0.0,14.0,39.0,11.0,0.0,0.0,17.0,39.0,10.7,0.0,0.0,15.0,37.0,10.8,0.0,0.0,16.0,37,10.8,250.0,0.0,17.0,28,100.0,62.63427734375,383.1023345947266,734.7948999999999,0.62,14.0,70.5,591.6,1366.7,0.06,16.5,62.2,0.0099898144881012,0.83,0.63,520.769185490909,12.381684976083443,455.57283799999993,35.496,92.20849070900933,293.91795999999994,136.67,46.49937009633573,53.50062990366427,300.0,157.24795999999995,333.3333333333333,,16.0,90.32258064516128,0.0967741935483871,537.6344086021505,,,,,,,,,,
2025-01-19,1900-01-18 06:00:00,2025-01-19 06:00:00,32,39.0,11.4,350.0,9.2,38.0,11.1,350.0,9.3,38.0,10.7,0.0,9.5,17.72,39,10.9,0.0,9.3,15.0,40.0,10.7,0.0,8.9,16.0,35.0,10.8,0.0,9.1,14.6,34.0,10.8,0.0,9.1,15.2,35,10.8,280.0,8.8,17.0,29,190.0,95.0154571533203,294.3901906569799,1064.069,0.63,15.0,56.0,1250.7,2756.3,0.05,16.0,65.3,0.0099684569653571,0.7,0.6,754.1347203636363,8.55019643823167,670.36347,62.535,90.67147856371112,372.42415,523.697,140.61843196795914,-40.61843196795914,160.0,-151.27285000000006,326.6666666666667,9.15,15.92,92.06349206349206,0.0793650793650793,518.5185185185186,145.66799999999998,,,,,,,,,
2025-01-20,1900-01-19 06:00:00,2025-01-20 06:00:00,39,38.0,10.6,400.0,9.7,37.0,10.9,350.0,9.3,35.0,10.9,0.0,9.1,15.0,35,11.1,0.0,9.3,16.0,35.0,11.0,0.0,8.9,5.0,35.0,11.0,0.0,9.1,14.4,36.0,10.9,0.0,8.7,16.0,35,10.9,300.0,9.7,18.2,25,240.0,95.05615234375,278.19577156819867,285.0275,0.53,13.0,57.0,284.64487714889145,657.5954257565149,0.0399564975938772,12.964152798955755,52.57198682088735,0.0099937145262956,0.5898288967336494,0.7801911343134978,202.00676272727276,31.919723443642223,151.064575,11.373412348909175,92.47115854335196,114.01099999999998,157.8229021815636,138.42778519753674,-38.427785197536735,160.0,-43.81190218156361,350.0,9.225,14.1,92.46103818983448,0.0753896181016552,660.377358490566,130.07250000000002,,,,,,,,,
2025-01-23,1900-01-22 06:00:00,2025-01-23 06:00:00,34,37.0,10.9,400.0,8.9,37.0,10.8,350.0,9.1,37.0,10.8,0.0,8.6,16.34,36,10.8,0.0,8.5,11.53,36.0,10.7,0.0,8.8,16.34,36.0,10.6,0.0,7.7,14.42,36.0,10.5,0.0,7.5,13.07,36,10.4,240.0,7.3,13.46,28,220.0,94.94,294.46,874.5456,0.57,17.5,63.0,780.3036472061563,1719.6088041272685,0.0299614449298143,11.027605384432652,59.5269536871747,0.0099905566304514,0.5301407566189437,0.9697266006742552,619.8143179636364,10.403115599498452,498.490992,23.379024754300566,95.31004067686332,349.81824,378.3139369079991,108.14585794840174,-8.14585794840174,180.0,-28.495696907999104,330.0,8.3,14.193333333333332,94.74360615266414,0.0525639384733585,578.9473684210527,117.80466666666668,,,,,,,,,
2025-01-24,1900-01-23 06:00:00,2025-01-24 06:00:00,40,38.0,10.4,400.0,10.2,37.0,10.5,450.0,10.4,38.0,10.7,0.0,8.4,16.34,37,10.7,0.0,7.5,10.57,37.0,10.7,0.0,7.2,17.3,37.0,10.7,0.0,7.2,14.42,37.0,10.6,0.0,7.2,11.53,37,10.6,280.0,6.7,14.42,28,220.0,94.9503555297852,304.52051978288995,530.1571000000001,0.7,22.0,71.5,525.713549954322,1158.5511001867844,0.069450783889513,12.483107273953577,62.00825522849718,0.0099752922285353,0.4599491624851178,1.868072645573625,375.7367956000001,17.160949035357127,371.1099700000001,36.51121814566635,90.16161755350676,212.06284000000005,254.88124204109255,120.19137442519045,-20.19137442519045,180.0,-42.818402041092526,376.6666666666667,8.1,14.096666666666666,90.07845944435527,0.0992154055564472,538.0952380952382,114.183,,,,,,,,,
2025-01-26,1900-01-25 06:00:00,2025-01-26 06:00:00,41,39.0,10.7,300.0,9.1,38.0,10.7,300.0,8.1,37.0,10.7,0.0,7.4,14.42,-,-,,,,37.0,10.7,0.0,7.4,10.0,33.0,10.5,0.0,6.2,13.26,33.0,10.5,340.0,5.2,17.3,-,-,,,,38,260.0,58.1258125305176,387.9611541748047,1298.2086,0.66,19.5,53.5,1109.4455069913683,2444.961353637956,0.0497699857587448,12.942260225730577,54.84624722787187,0.0099797184875293,0.7196090501277882,2.2833225810769155,920.0758405090908,7.008117935617385,856.817676,55.21708708306389,93.5555616288355,389.46258,635.6899519458685,163.2223439658487,-63.22234396584869,40.0,-246.22737194586855,313.3333333333333,7.233333333333334,13.745,92.45909306685684,0.0754090693314316,474.7474747474747,99.42216666666668,73.7,65.3,0.82,11.0,0.041,36.3,1.04,17.0,0.046
2025-01-27,1900-01-26 06:00:00,2025-01-27 06:00:00,40,40.0,10.6,400.0,8.2,40.0,10.5,400.0,8.2,38.0,10.5,0.0,8.4,15.96,37,10.5,0.0,8.4,14.8,38.0,10.5,0.0,6.4,13.46,38.0,10.5,0.0,6.5,14.2,36.0,10.5,0.0,6.2,11.5,37,10.6,250.0,6.1,11.53,30,270.0,58.2926445007324,389.0382662455241,777.3320000000001,0.74,20.0,55.5,514.5425942308277,1188.712263899602,0.0797728884121087,14.485358369049312,53.95935745733387,0.0099917945968809,0.7499088282079243,2.3798154229874813,550.9163883636364,11.704135393670573,575.2256800000001,41.046548952852746,92.8642704281122,310.93280000000004,320.9523112528925,103.22240408631464,-3.2224040863146257,130.0,-10.019511252892473,350.0,7.300000000000001,13.575,89.21987994430964,0.1078012005569036,472.97297297297297,99.0975,73.7,65.3,0.82,11.0,0.041,36.3,1.04,17.0,0.046
2025-01-28,1900-01-27 06:00:00,2025-01-28 06:00:00,40,40.0,10.6,200.0,7.0,39.0,10.7,250.0,8.1,37.0,10.7,0.0,6.5,15.76,38,10.7,0.0,6.4,14.61,38.0,10.6,0.0,5.0,13.07,39.0,10.5,0.0,5.8,13.26,37.0,10.4,0.0,5.7,13.46,36,10.4,220.0,5.6,12.69,28,130.0,58.5123710632324,385.828029123942,1239.1180000000002,0.67,18.0,54.5,1327.4155463835623,3066.636575803609,0.0696236766362234,13.98708844442827,50.35688474298892,0.0099822504575876,0.6999247992250982,1.774088629054168,878.1967207272728,7.342318466709978,830.2090600000001,92.41955076330495,88.86791830923828,247.82360000000003,398.6627548544692,160.86553292522146,-60.86553292522146,70.0,-150.83915485446917,223.33333333333331,6.2625,13.808333333333332,89.60840647220546,0.1039159352779453,333.3333333333333,86.47468749999999,73.7,65.3,0.82,11.0,0.041,36.3,1.04,17.0,0.046
2025-01-29,1900-01-28 06:00:00,2025-01-29 06:00:00,42,36.0,10.4,300.0,7.7,37.0,10.5,300.0,8.2,37.0,10.5,0.0,6.3,16.3,36,10.6,0.0,6.6,14.2,36.0,10.6,0.0,6.4,13.4,35.0,10.6,0.0,6.3,13.4,37.0,10.6,0.0,6.0,12.5,34,10.5,300.0,5.7,11.1,28,200.0,58.4025077819824,388.22241566975913,1206.4464,0.69,21.5,49.0,1201.318135611029,2414.8909416723354,0.0690410542440559,15.943417907357018,52.800532567580746,0.0099606525272779,0.8396857421605288,1.571465447642066,855.0414667636364,7.541154728326707,832.4480159999999,82.94027056508921,90.03658258882929,361.93392,482.9781883344671,133.44374805612776,-33.44374805612776,100.0,-121.04426833446706,300.0,6.65,13.483333333333333,89.99405010955711,0.1000594989044289,434.7826086956522,89.66416666666666,73.7,65.3,0.82,11.0,0.041,36.3,1.04,17.0,0.046
2025-01-30,1900-01-29 06:00:00,2025-01-30 06:00:00,43,41.0,10.7,300.0,8.5,40.0,10.3,300.0,8.2,38.0,10.2,0.0,7.8,17.3,36,10.2,0.0,7.4,14.0,35.0,10.2,0.0,6.6,5.7,35.0,10.3,0.0,6.8,10.5,34.0,10.3,0.0,7.0,13.2,34,10.4,290.0,6.9,11.3,30,220.0,58.80126953125,368.7981051127116,1143.3906,0.6,24.0,61.0,1183.7766858154016,2490.6192647106222,0.0594141448639896,17.881372701234962,51.83623737773998,0.0099657541831944,0.6197033105798079,1.5297002834522957,810.3521016000001,7.957034957111536,686.03436,70.33307949764985,89.74787800750245,343.01718,547.9362382363369,159.74017343281082,-59.74017343281082,80.0,-204.91905823633687,296.6666666666667,7.399999999999999,12.0,90.09764252266838,0.0990235747733161,494.4444444444445,88.8,73.7,65.3,0.82,11.0,0.041,36.3,1.04,17.0,0.046
2025-01-31,1900-01-30 06:00:00,2025-01-31 06:00:00,38,39.0,10.4,300.0,8.0,40.0,10.4,300.0,7.9,38.0,10.3,0.0,7.8,16.73,37,10.2,0.0,7.8,15.0,36.0,10.2,0.0,7.8,14.8,36.0,10.2,0.0,6.7,13.65,35.0,10.1,0.0,7.0,5.96,36,10.2,250.0,6.4,14.8,30,130.0,58.2316093444824,383.391807047526,1094.139651955452,0.67,23.5,61.0,1050.7133354609748,2112.145018778437,0.0596328599077316,17.00083290016005,55.28150865857637,0.0099794926635021,0.3500003750217961,2.200903404206856,775.446611513155,8.315208170705397,733.073566810153,62.65704113672974,91.45283038790072,328.2418955866356,274.57885244119683,83.65137300662613,16.34862699337387,170.0,53.66304314543879,283.3333333333333,7.425,13.49,91.09957314809976,0.0890042685190024,422.8855721393034,100.16325,73.7,65.3,0.82,11.0,0.041,36.3,1.04,17.0,0.046
2025-02-02,1900-01-01 06:00:00,2025-02-02 06:00:00,40,38.0,10.3,250.0,8.1,40.0,9.9,300.0,10.1,37.0,9.9,0.0,10.1,17.3,36,9.9,0.0,8.6,15.0,35.0,9.9,0.0,8.3,12.5,36.0,9.9,0.0,8.5,6.73,35.0,9.9,0.0,7.8,13.4,35,9.9,250.0,8.4,15.38,30,200.0,58.6100273132324,385.22147407531736,1135.5384,0.32,9.0,42.0,1203.074673757406,2418.4219364460305,0.0502494408398418,12.463516859671053,50.676272017479874,0.0100200510067616,0.481490373498473,1.7192582017118212,804.787033309091,8.012057517238285,363.372288,60.45382964488479,83.36311500868091,283.88460000000003,483.6843872892061,170.38063610678634,-70.38063610678634,50.0,-199.79978728920605,266.6666666666667,8.7375,13.385,84.29704973754943,0.1570295026245057,833.3333333333334,116.9514375,,,,,,,,,
2025-02-03,1900-01-02 06:00:00,2025-02-03 06:00:00,43,41.0,10.0,350.0,7.4,40.0,10.1,350.0,8.6,40.0,10.0,0.0,7.2,17.3,41,10,0.0,7.4,15.19,38.0,10.0,0.0,7.0,15.38,38.0,9.7,0.0,6.7,11.73,39.0,10.0,0.0,7.0,12.5,39,10,180.0,6.2,5.38,32,160.0,58.6100273132324,385.22147407531736,1140.5793,0.5,14.5,43.0,1171.0045194505988,2250.620217930679,0.0803060358906717,10.258429964153326,45.17573138714727,0.0100091828411826,0.46,1.7234514633681903,808.3596566181818,7.976647457859997,570.2896499999999,94.03873096713863,83.51035636590308,399.202755,360.0992348689086,90.20459662632054,9.795403373679465,190.0,39.103520131091386,293.3333333333333,7.1875,12.913333333333334,83.93879282186565,0.1606120717813435,586.6666666666666,92.81458333333332,,,,,,,,,
2025-02-04,1900-01-03 06:00:00,2025-02-04 06:00:00,43,43.0,4.1,350.0,7.2,41.0,10.6,300.0,7.0,41.0,10.3,0.0,6.9,17.3,39,10.3,0.0,6.9,15.0,37.0,10.2,0.0,6.0,14.61,38.0,10.2,0.0,6.0,10.57,0.0,10.2,0.0,6.1,14.61,37,10.1,220.0,5.6,16.34,29,170.0,59.2203788757324,384.4966480255127,1201.152,0.48,15.0,42.5,1146.392093103536,2107.934541774536,0.0500398222429896,10.201323018589052,43.422758410831314,0.0100029225958606,0.52100050533668,0.7408114016772563,851.2891810909091,7.574394392910086,576.55296,57.3652565596698,90.05030577595686,420.4032,358.3488721016711,85.23933026715093,14.760669732849069,180.0,62.05432789832895,290.0,6.4625,14.738333333333337,89.5750370327105,0.1042496296728951,604.1666666666667,95.24647916666667,,,,,,,,,
2025-02-05,1900-01-04 06:00:00,2025-02-05 06:00:00,36,40.0,10.0,250.0,7.2,40.0,10.4,250.0,7.1,10.4,7.2,0.0,7.2,16.3,38,10.4,0.0,6.4,10.3,40.0,10.4,0.0,6.3,14.4,38.0,10.3,0.0,7.1,11.7,39.0,10.2,0.0,6.11,13.4,38,10.2,240.0,6.9,14.8,30,180.0,84.3546524047852,1.5794993877410894,1227.578,0.7,15.0,46.5,1274.3854577828818,2449.3139258494525,0.050022798068371,12.228239106921505,45.16082321436759,0.0100017464416107,0.7215785516037693,0.8901200388895143,870.018008,7.41134084663682,859.3045999999999,63.748326415941705,92.58140519485852,306.8945,440.8765066529015,143.65735021412942,-43.65735021412942,70.0,-133.98200665290148,246.66666666666663,6.78875,13.483333333333334,92.85388599023273,0.0714611400976729,352.3809523809524,91.53497916666667,,,,,,,,,
2025-02-06,1900-01-05 06:00:00,2025-02-06 06:00:00,40,40.0,10.0,350.0,6.2,39.0,10.0,300.0,6.1,36.0,10.0,0.0,6.5,16.34,36,10,0.0,6.2,14.42,36.0,10.1,0.0,6.2,14.42,36.0,10.1,0.0,5.2,10.57,36.0,10.2,0.0,6.7,14.23,37,10.2,240.0,5.5,14.61,30,220.0,64.2252655029297,333.8065442721049,1526.631,0.68,12.0,49.0,1467.7914922941727,2821.031988684199,0.0502433036069355,11.139660582580817,46.20121954185502,0.0100186984973286,1.0524448699177993,1.7334105600765168,1081.9650250909092,5.959527203255229,1038.1090800000002,73.74669357901307,92.89605543388436,534.32085,620.6270375105238,116.15250228594373,-16.15250228594371,130.0,-86.30618751052384,296.6666666666667,6.075,14.098333333333334,92.61127888133302,0.0738872111866698,436.2745098039216,85.64737500000001,,,,,,,,,
2025-02-07,1900-01-06 06:00:00,2025-02-07 06:00:00,42,42.0,10.8,250.0,5.9,42.0,10.3,300.0,5.9,39.0,10.4,0.0,5.6,17.88,38,10.2,0.0,5.7,13.46,38.0,10.2,0.0,5.4,6.73,37.0,10.1,0.0,5.9,11.53,37.0,10.1,0.0,6.2,14.42,38,10,250.0,6.4,16.34,31,190.0,67.29736328125,324.3734331607819,1049.3045999999997,0.52,15.5,54.5,1114.2253950218694,2141.4931878696384,0.0599264748749513,12.956915603881733,42.259114100768784,0.0099960678669456,0.9595476121933356,1.653917781432538,743.6707874181816,8.670503277916382,545.6383919999998,66.77160013981086,87.76266459274169,262.3261499999999,406.8837056952312,155.10604097046038,-55.106040970460384,60.0,-144.55755569523131,266.6666666666667,5.875,13.393333333333333,88.4756779086632,0.115243220913368,512.8205128205128,78.68583333333333,,,,,,,,,
2025-02-08,1900-01-07 06:00:00,2025-02-08 06:00:00,-,38.0,10.2,200.0,6.2,37.0,10.2,250.0,6.1,37.0,10.3,0.0,5.7,17.3,37,10.3,0.0,5.2,15.19,36.0,10.3,0.0,5.2,12.5,36.0,10.3,0.0,5.1,13.46,37.0,10.2,0.0,5.3,14.25,37,10.2,180.0,5.2,10.57,24,140.0,67.3828125,214.9657595793406,181.4692,0.45,13.0,64.0,196.6035908653584,377.8636283376137,0.0599876566097421,12.99132236645752,41.30573911912611,0.0099993342070049,0.959908225539992,1.6511491050461318,128.6121712,50.135223904843,81.66114,11.793788697073351,85.55764872119916,36.29384,52.90090796726592,145.7572634013538,-45.75726340135381,60.0,-16.607067967265913,210.0,5.5,13.878333333333336,86.66940964227953,0.1333059035772047,466.6666666666666,76.33083333333335,,,,,,,,,
2025-02-14,1900-01-13 06:00:00,2025-02-14 06:00:00,35,36.0,10.1,200.0,6.2,38.0,10.1,200.0,6.0,38.0,10.1,0.0,6.2,16.5,37,10.1,0.0,6.2,16.5,35.0,10.1,0.0,6.1,12.3,36.0,10.1,0.0,6.2,11.53,36.0,10.1,0.0,6.2,15.3,36,10.1,200.0,6.1,17.3,28,180.0,88.28125,98.09003608226776,943.8448,0.78,24.0,48.0,1045.514679251674,2009.4341534831244,0.0499720097094819,11.142686043252905,45.48975403995536,0.0099978419562486,0.8817543634460104,2.2576307971269785,668.9285509818181,9.639295542903596,736.198944,52.24646970297054,92.90321316964962,188.76896,361.6981476269624,191.60891050465204,-91.60891050465204,20.0,-172.9291876269624,200.0,6.15,14.905,93.59333208852796,0.0640666791147204,256.4102564102564,91.66575,,,,,,,,,
2025-02-18,1900-01-17 06:00:00,2025-02-18 06:00:00,0,40.0,10.0,200.0,6.9,39.0,10.3,250.0,6.7,37.0,10.8,0.0,6.3,17.69,37,10.6,0.0,6.3,14.8,36.0,10.6,0.0,6.5,14.42,36.0,10.6,0.0,6.3,13.46,35.0,10.5,0.0,6.3,13.46,36,10.5,160.0,5.6,11.5,30,110.0,63.7247734069824,0.0,1257.949,0.85,13.5,54.0,1400.868956295198,2947.372804086432,0.0697730006691425,10.840195306637645,36.22759245729947,0.0099902460809969,0.5491589487020504,2.331346315800059,891.5427640000001,7.232406857378744,1069.25665,97.74283062496596,90.8588054490972,251.58980000000005,324.21100844950746,128.86492554527547,-28.86492554527547,90.0,-72.62120844950744,203.33333333333331,6.362500000000001,14.22166666666667,91.79141168598322,0.0820858831401677,239.21568627450984,90.4853541666667,71.7,63.4,0.77,8.0,0.028,36.6,0.95,15.0,0.042
2025-02-19,1900-01-18 06:00:00,2025-02-19 06:00:00,38,38.0,10.5,200.0,6.7,38.0,10.2,200.0,6.4,38.0,10.2,0.0,6.7,17.3,38,10.2,0.0,6.4,16.7,38.0,10.3,0.0,6.5,14.42,38.0,10.3,0.0,6.2,14.42,37.0,10.3,0.0,5.4,13.4,37,10.5,150.0,5.2,14.42,30,130.0,55.35888671875,287.07887265773024,593.989,0.99,24.0,58.0,367.58599551596166,773.3863767043747,0.0699411546603714,9.476279247076349,42.75801021476099,0.0099974661009059,0.4798721492075725,2.8070856271771407,420.976204,15.316780233022389,588.04911,25.70938896336846,95.6280200877494,118.7978,100.54022897156872,84.63138961459616,15.36861038540384,70.0,18.25757102843129,183.33333333333331,6.1875,15.11,92.93523690299278,0.0706476309700721,185.1851851851852,93.493125,71.7,63.4,0.77,8.0,0.028,36.6,0.95,15.0,0.042
2025-02-20,1900-01-19 06:00:00,2025-02-20 06:00:00,43,40.0,10.0,200.0,6.8,40.0,10.0,150.0,6.8,0.0,0.0,0.0,0.0,0.0,40,10,0.0,6.7,15.38,0.0,0.0,0.0,0.0,0.0,40.0,10.0,0.0,6.8,15.38,39.0,10.0,0.0,6.4,13.84,39,10.1,130.0,5.3,13.46,30,90.0,54.8380546569824,0.0,1207.382,0.89,22.2236,51.0,1103.90686141863,2550.2798778648216,0.0598857277194388,10.863591618367876,46.21735154228186,0.0099926606332879,0.6189983203725844,3.2925658346226614,855.704552,7.53531108947519,1074.56998,66.10826573053643,93.84793294425214,241.47640000000004,229.52518900783397,95.05077473733829,4.949225262661727,110.0,11.951210992166097,160.0,6.466666666666666,14.515,93.27126654837764,0.0672873345162234,179.7752808988764,93.86366666666666,71.7,63.4,0.77,8.0,0.028,36.6,0.95,15.0,0.042
2025-02-21,1900-01-20 06:00:00,2025-02-21 06:00:00,39,41.0,10.9,300.0,6.2,41.0,10.8,300.0,5.9,40.0,10.6,0.0,5.3,12.5,39,10.6,0.0,5.5,18.07,39.0,10.3,0.0,5.4,14.46,39.0,10.3,0.0,5.3,16.34,39.0,10.0,0.0,5.5,13.46,39,10,120.0,5.3,13.46,27,80.0,95.0113906860352,284.4117713369274,1253.8829999999998,1.02,26.0,51.5,1320.5292487997615,2778.341241286628,0.0698337688381368,11.855882247510202,47.19802981286159,0.0099928553527438,0.7388462829640338,2.4057443274539283,888.6610789090909,7.255859576876579,1278.9606599999995,92.2175343046811,92.78965044126682,376.16489999999993,222.26729930293016,59.08772969060384,40.91227030939616,220.0,153.89760069706975,240.0,5.550000000000001,14.715000000000003,93.15355207469248,0.0684644792530753,235.2941176470588,81.66825000000003,71.7,63.4,0.77,8.0,0.028,36.6,0.95,15.0,0.042
2025-02-22,1900-01-21 06:00:00,2025-02-22 06:00:00,40,42.0,10.1,250.0,6.8,43.0,10.2,250.0,6.6,41.0,10.4,0.0,6.0,16.34,42,10.5,0.0,5.8,13.48,40.0,10.5,0.0,5.9,14.42,41.0,10.4,0.0,5.6,15.38,40.0,10.4,0.0,5.6,14.23,40,10.4,0.0,5.4,13.46,28,110.0,94.98291015625,286.496551873954,909.454,0.79,20.0,50.0,822.7792550423748,1731.0949672921251,0.05,16.0,51.0,0.01,0.84,2.05,644.5548530909091,10.003803352157156,718.46866,41.13896275211874,94.2740769302145,227.3635,190.42044640213376,83.7515460494467,16.248453950553298,140.0,36.94305359786623,250.0,5.9625,14.551666666666668,93.67088607594935,0.0632911392405063,316.4556962025316,86.76431250000002,71.7,63.4,0.77,8.0,0.028,36.6,0.95,15.0,0.042
2025-02-23,1900-01-22 06:00:00,2025-02-23 06:00:00,38,39.0,10.5,250.0,6.5,39.0,10.5,250.0,6.9,38.0,10.5,0.0,6.2,17.3,39,10.4,0.0,6.0,14.42,38.0,10.4,0.0,5.8,9.61,38.0,10.4,0.0,5.5,11.53,38.0,10.4,0.0,5.6,14.23,38,10.4,170.0,5.1,13.26,30,120.0,94.9381484985352,247.79803233027923,1607.2542,0.74,15.5,59.0,1764.7216276377364,3391.7189115926208,0.0498511745835412,15.171860069472832,48.74016481875248,0.0099885524256256,0.8356122642902465,2.049124029809375,1139.1048857454546,5.6605849739467065,1189.368108,87.9734459507198,92.60334581371508,401.8135500000001,407.0062693911145,101.29232062759316,-1.2923206275931705,130.0,-5.1927193911143945,223.33333333333331,5.95,13.391666666666667,93.26335478600797,0.0673664521399205,301.80180180180184,79.68041666666667,75.1,66.7,0.74,8.0,0.028,33.3,0.93,16.0,0.04
2025-02-24,1900-01-23 06:00:00,2025-02-24 06:00:00,39,39.0,10.5,300.0,6.5,39.0,10.2,300.0,6.6,38.0,10.2,0.0,6.5,17.3,38,10.2,0.0,6.0,15.38,38.0,10.2,0.0,5.7,14.42,37.0,10.3,0.0,5.5,14.42,37.0,10.3,0.0,5.5,9.61,35,10.4,160.0,5.3,12.5,29,100.0,95.0154571533203,288.9535114617553,1428.0324999999998,0.85,17.5,63.0,1336.0794029661752,2567.887029579719,0.0798344421366857,15.555539024640412,51.91337872736423,0.0099950205647971,0.56891532211673,4.977395222495214,1012.0855790909088,6.371002742467511,1213.827625,106.6651537861207,91.21249577870492,428.4097499999999,256.7887029579719,59.939976379616,40.060023620384,200.0,171.621047042028,253.33333333333331,5.95,13.938333333333333,90.60771268980167,0.0939228731019831,298.03921568627453,82.93308333333333,75.1,66.7,0.74,8.0,0.028,33.3,0.93,16.0,0.04
2025-02-25,1900-01-24 06:00:00,2025-02-25 06:00:00,43,40.0,9.4,200.0,8.1,41.0,9.1,150.0,8.3,40.0,9.1,0.0,8.7,18.2,38,9,0.0,7.5,16.3,39.0,9.4,0.0,6.7,15.3,40.0,9.6,0.0,6.8,15.3,40.0,9.6,0.0,6.3,12.5,38,9.8,210.0,6.7,5.0,30,120.0,95.0113906860352,282.0513839910893,1741.1128,0.57,16.0,59.0,1847.3981769416148,3251.745966013843,0.0846998848758285,15.410814754268788,50.705993522026624,0.0099926805508382,0.5686832766536329,4.956979833166008,1233.9741262545454,5.225393193268544,992.4342959999998,156.47441290677034,84.23327231460667,348.22256,390.20951592166114,112.05750595873546,-12.057505958735462,80.0,-41.98695592166115,186.66666666666663,7.387499999999999,13.766666666666666,85.14037107441604,0.1485962892558396,327.48538011695905,101.70125,75.1,66.7,0.74,8.0,0.028,33.3,0.93,16.0,0.04
2025-02-26,1900-01-25 06:00:00,2025-02-26 06:00:00,41,42.0,9.9,200.0,7.8,42.0,10.2,200.0,8.6,40.0,10.0,0.0,7.6,18.6,41,9.9,0.0,7.9,15.3,41.0,9.9,0.0,6.5,15.3,42.0,9.7,0.0,5.8,13.8,42.0,9.6,0.0,5.9,12.5,40,9.5,130.0,6.3,18.2,31,80.0,94.8974609375,281.13269178307,1173.5111,0.74,19.0,73.0,1027.7393419032433,1732.6084704282666,0.0846662981944219,15.44164590452192,51.867387474284776,0.0099922055384782,0.5598422590584456,4.224155003370415,831.6993214181819,7.752801804629487,868.3982139999999,87.014885587719,89.97984056336176,234.70222,138.6086776342613,59.057250346529024,40.942749653470976,120.0,96.0935423657387,176.66666666666666,7.05,15.616666666666667,88.55860835210514,0.1144139164789486,238.73873873873876,110.0975,75.1,66.7,0.74,8.0,0.028,33.3,0.93,16.0,0.04
2025-02-27,1900-01-26 06:00:00,2025-02-27 06:00:00,41,42.0,9.6,200.0,7.1,41.0,9.5,200.0,7.3,40.0,9.9,0.0,6.9,18.2,39,9.9,0.0,7.5,16.3,38.0,9.9,0.0,6.9,16.3,39.0,9.9,0.0,6.5,11.5,38.0,9.9,0.0,6.3,6.7,38,10,160.0,6.7,18.2,30,120.0,94.9,,1698.6408,0.7,16.0,57.0,1968.0957996613065,3317.9030071892507,0.0299264280772541,10.44990756171624,53.17570207453028,0.0099862144138705,0.6071475913371506,4.233050033800433,1203.8730615272727,5.356046418897235,1189.04856,58.89807739771017,95.04662135937409,339.72816000000006,398.1483608627101,117.196160854817,-17.196160854816995,80.0,-58.42020086271003,186.66666666666663,6.9,14.533333333333331,95.72479598896368,0.0427520401103631,266.6666666666667,100.28,75.1,66.7,0.74,8.0,0.028,33.3,0.93,16.0,0.04
2025-02-28,1900-01-27 06:00:00,2025-02-28 06:00:00,42,41.0,9.1,200.0,6.9,41.0,9.1,200.0,6.7,41.0,9.3,0.0,6.9,18.4,41,9.4,0.0,6.7,15.3,41.0,9.5,0.0,6.3,15.3,41.0,9.6,0.0,6.3,14.4,40.0,9.6,0.0,6.3,7.6,40,9.6,150.0,5.7,20.1,33,110.0,79.1015625,,1441.8582,0.71,19.0,48.0,1309.1174221978808,2407.14660375848,0.0698418867445091,14.715951380603036,47.26839634244201,0.0099940593416899,0.8284001019983834,4.724973401032024,1021.8842297454548,6.309912426778676,1023.719322,91.4312307364082,91.06872081326132,288.37164,264.7861264134328,91.82113969786792,8.17886030213208,90.0,23.58551358656723,183.33333333333331,6.4750000000000005,15.183333333333332,90.16311454302688,0.0983688545697312,258.21596244131456,98.31208333333332,75.1,66.7,0.74,8.0,0.028,33.3,0.93,16.0,0.04
2025-03-01,06:00:00,2025-03-01 06:00:00,42,40.0,9.9,200.0,5.1,41.0,10.0,200.0,6.4,41.0,10.1,0.0,4.9,17.3,40,10.1,0.0,5.0,14.42,40.0,10.1,0.0,5.6,15.38,40.0,10.0,0.0,5.6,15.38,39.0,9.7,0.0,5.5,6.73,40,9.6,150.0,5.9,13.46,29,100.0,67.9606094360352,340.8262199719747,1504.331953868517,0.8539054990297147,19.723477880224117,54.54117609032106,1294.7108670946066,2285.1595381741377,0.072066321382269,19.425245986930264,26.35602886332028,0.0111534736779872,0.2635673155005533,0.4342513992132258,1066.1610829417236,6.047866596489198,1284.5573277744418,93.30504944515611,92.73640440736018,300.8663907737034,228.51595381741376,75.95263572968905,24.04736427031095,100.0,72.35043695628966,183.33333333333331,5.5,13.778333333333336,91.56038678001754,0.0843961321998246,214.69979235600823,75.78083333333335,75.1,66.7,0.74,8.0,0.028,33.3,0.93,16.0,0.04
2025-03-02,1900-01-01 06:00:00,2025-03-02 06:00:00,42,40.0,10.2,250.0,5.7,41.0,10.3,250.0,5.9,41.0,10.3,0.0,5.5,17.3,41,10,0.0,5.2,15.0,41.0,10.0,0.0,5.3,15.0,40.0,10.3,0.0,5.7,14.42,39.0,10.2,0.0,5.1,7.69,39,10.1,190.0,5.2,17.3,33,180.0,68.9453125,340.92447928016384,1584.939184894265,0.485180022571258,8.351138083159608,56.51986729361178,1588.2297278592462,3318.614306656181,0.0814496689896447,9.52253065408355,49.57113502803385,0.0113198772497256,0.7677214391468863,1.3683045009348027,1123.289625948699,5.740282693837041,768.9808295010707,129.36078561364914,83.17763191865512,396.2347962235663,597.3505751981126,150.75671821135853,-50.75671821135853,70.0,-201.11577897454623,230.0,5.45,14.451666666666666,83.2124850157691,0.1678751498423088,474.05084566568297,78.76158333333333,73.2,65.0,0.76,7.0,0.027,35.0,0.97,16.0,0.039
2025-03-03,1900-01-02 06:00:00,2025-03-03 06:00:00,44,41.0,10.9,200.0,0.0,41.0,10.5,250.0,0.0,40.0,10.3,0.0,0.0,18.26,40,10.2,0.0,0.0,14.42,40.0,10.0,0.0,0.0,15.38,41.0,9.9,0.0,0.0,15.38,41.0,9.7,0.0,0.0,7.69,40,9.8,130.0,0.0,18.26,35,110.0,95.01953125,280.09657171272363,1426.2556898050125,0.4579637080027493,12.59658086945906,67.4423266906071,1644.349639066534,3024.190674972506,0.0423299902332589,5.869885308020863,54.79249362507303,0.01,0.4802548305597629,1.110547907004952,1010.8263052472614,6.378939652171729,653.1733442631224,69.60530416174922,89.34351734143799,285.2511379610025,332.6609742469756,116.62038462838828,-16.62038462838828,90.0,-47.40983628597314,193.33333333333331,,14.898333333333335,90.75691162999212,0.0924308837000786,422.1586338718628,,73.2,65.0,0.76,7.0,0.027,35.0,0.97,16.0,0.039
2025-03-04,1900-01-03 06:00:00,2025-03-04 06:00:00,44,39.0,9.9,200.0,0.0,41.0,10.2,200.0,0.0,39.0,10.4,0.0,0.0,16.34,38,10.4,0.0,0.0,16.34,38.0,10.4,0.0,0.0,16.34,39.0,10.4,0.0,0.0,4.8,38.0,10.3,0.0,0.0,10.57,38,10.3,180.0,0.0,14.4,33,130.0,94.0226211547852,284.8267500183235,1234.688612247025,0.2136495858416042,8.59118999395531,56.6165756892602,1209.8373025344883,2629.885392572712,0.152645166363541,9.537285908803096,56.829601843656704,0.01,0.2878121592849778,0.0369994506693198,875.0574928252553,7.368658691421129,263.790710649922,184.6758163181947,29.991539177708603,246.93772244940504,341.88510103445253,138.44992884977356,-38.44992884977356,70.0,-94.94737858504752,193.33333333333331,,13.131666666666666,28.55349297203448,0.7144650702796552,904.9085331560952,,73.2,65.0,0.76,7.0,0.027,35.0,0.97,16.0,0.039
2025-03-05,1900-01-04 06:00:00,2025-03-05 06:00:00,42,41.0,9.5,200.0,0.0,40.0,9.5,200.0,0.0,40.0,9.5,0.0,0.0,16.34,40,9.5,0.0,0.0,15.19,39.0,10.1,0.0,0.0,15.19,39.0,10.1,0.0,0.0,15.0,38.0,10.1,0.0,0.0,11.53,38,10.1,140.0,0.0,10.38,34,100.0,94.6980743408203,282.4710648978595,1543.6649968860684,1.0854070421127937,27.704169769704023,41.09720809252253,1585.6646764005318,3430.8118852199973,0.0702365947659321,13.88144435330472,46.7718032787537,0.0100000011917744,0.1287882135749141,1.2436662194800925,1094.0374832476173,5.893765157715901,1675.504858283162,111.37168731099706,93.3529475154661,308.7329993772137,343.08118852199976,111.12553216341448,-11.125532163414476,100.0,-34.34818914478609,180.0,,13.938333333333333,93.52900874595272,0.0647099125404728,165.8364033179865,,73.2,65.0,0.76,7.0,0.027,35.0,0.97,16.0,0.039
2025-03-06,1900-01-05 06:00:00,2025-03-06 06:00:00,40,40.0,10.0,250.0,0.0,40.0,10.1,250.0,0.0,39.0,9.8,0.0,0.0,17.19,37,9.5,0.0,0.0,15.38,38.0,9.5,0.0,0.0,15.78,39.0,9.2,0.0,0.0,15.76,38.0,9.5,0.0,0.0,12.5,38,9.5,100.0,0.0,10.57,32,80.0,94.39697265625,287.3824506694917,759.4838256979491,0.5597651915621764,15.410567057729324,37.92232470699915,759.4838256979492,1703.2573497936446,0.0574202980341136,13.51484706755108,49.43329070954657,0.0099999997610225,0.0100000000000136,0.0099999999999999,538.2669004673829,11.979187266393554,425.1326091801871,43.60978762366509,89.74207419474105,189.8709564244873,136.26058798349158,71.76483994679994,28.23516005320006,170.0,53.61036844099573,200.0,,14.53,89.74207419474105,0.1025792580525895,357.29267023882966,,73.2,65.0,0.76,7.0,0.027,35.0,0.97,16.0,0.039
2025-03-08,1900-01-07 06:00:00,2025-03-08 06:00:00,40,39.0,11.0,150.0,0.0,39.0,10.9,200.0,0.0,38.0,10.9,0.0,0.0,16.34,38,10.7,0.0,0.0,12.38,37.0,10.7,0.0,0.0,14.42,35.0,10.5,0.0,0.0,10.57,36.0,10.2,0.0,0.0,7.69,35,10.1,130.0,0.0,12.5,26,110.0,60.9171562194824,368.0426554361979,1588.703996996165,1.4874086379553753,22.30176298601295,40.441280388687645,1603.2922357033608,3217.611566872325,0.0591915165205738,15.269662636570054,37.206609757396194,0.0100100185997584,0.4999889978757876,0.5056834537257345,1125.9578509620094,5.726679728278355,2363.052048286326,94.9012988569433,95.98395223982624,238.30559954942476,353.9372723559557,148.522432131331,-48.52243213133099,40.0,-115.631672806531,160.0,,12.316666666666668,96.02049396446024,0.0397950603553975,107.5696321220371,,73.2,65.0,0.76,7.0,0.027,35.0,0.97,16.0,0.039
2025-03-09,1900-01-08 06:00:00,2025-03-09 06:00:00,42,40.0,10.9,300.0,0.0,40.0,10.8,300.0,0.0,39.0,10.8,0.0,0.0,18.26,38,10.9,0.0,0.0,14.8,38.0,10.9,0.0,0.0,14.42,38.0,10.8,0.0,0.0,10.57,35.0,10.8,0.0,0.0,8.65,35,10.8,120.0,0.0,15.38,28,110.0,76.5340194702148,395.07716064453126,1619.7710539447548,0.5758703984651283,12.103929458267023,39.69101473534531,1627.0562616938928,3317.1911984303147,0.1005251430361222,12.918341021112656,52.87212928089642,0.01,0.5872983782512344,0.5034321190248008,1147.9759215048464,5.616842548010514,932.7782022574468,163.56006343459694,82.46527812948888,485.9313161834265,364.8910318273346,75.09107144878838,24.908928551211616,190.0,121.04028435609187,240.0,,13.68,82.54379052924882,0.1745620947075117,416.7604388759585,,70.6,62.8,0.79,8.0,0.03,37.2,1.02,16.0,0.042
2025-03-10,1900-01-09 06:00:00,2025-03-10 06:00:00,44,40.0,10.8,250.0,0.0,41.0,10.9,300.0,0.0,40.0,10.8,0.0,0.0,17.69,40,10.3,0.0,0.0,15.38,38.0,10.1,0.0,0.0,15.0,39.0,10.1,0.0,0.0,11.53,40.0,10.3,0.0,0.0,8.65,38,10.4,180.0,0.0,15.0,30,150.0,66.4591445922852,386.8824755350749,1691.849146408123,0.7755927526866461,29.062497170930797,60.82196285555444,1930.9909751129128,3707.407165625757,0.13342848671073,11.425422407955953,44.68513618296407,0.01,0.6522821459793516,0.721254887308403,1199.0596313997935,5.377547397265426,1312.1859365932287,257.64920366139296,80.3648860671136,422.9622866020308,556.1110748438634,131.48006157038623,-31.480061570386223,100.0,-133.14878824183268,243.33333333333331,,13.875,82.79657897156272,0.1720342102843728,313.738534160394,,70.6,62.8,0.79,8.0,0.03,37.2,1.02,16.0,0.042
2025-03-11,1900-01-10 06:00:00,2025-03-11 06:00:00,43,42.0,0.0,250.0,0.0,41.0,0.0,250.0,0.0,40.0,0.0,0.0,0.0,16.34,40,0,0.0,0.0,18.26,39.0,0.0,0.0,0.0,11.53,40.0,0.0,0.0,0.0,13.4,39.0,0.0,0.0,0.0,11.53,39,0,200.0,0.0,14.42,34,140.0,79.9072265625,391.0251490275065,1681.3703730177472,0.8435480710149412,38.97766847784601,52.7976890126142,1580.3416659079314,3530.5233057615897,0.0886351638594732,17.418455915876134,53.1777126636654,0.01,0.5498700276813608,0.9956634636592008,1191.6330389133052,5.411061786168813,1418.3167348207928,140.07384251170248,90.12393782906318,420.3425932544368,494.27326280662254,117.58819371117951,-17.588193711179514,110.0,-73.93066955218575,233.33333333333331,,14.246666666666668,89.49257702020121,0.1050742297979878,276.6094089369336,,70.6,62.8,0.79,8.0,0.03,37.2,1.02,16.0,0.042
2025-03-12,1900-01-11 06:00:00,2025-03-12 06:00:00,43,41.0,9.0,150.0,0.0,40.0,10.0,200.0,0.0,40.0,0.0,0.0,0.0,17.3,39,0,0.0,0.0,14.03,39.0,0.0,0.0,0.0,11.53,38.0,0.0,0.0,0.0,8.65,39.0,0.0,0.0,0.0,5.76,37,10,180.0,0.0,12.5,31,130.0,63.4318046569824,363.5112851460775,1455.5055652432363,0.5830461246751267,38.747811935277895,41.16052306933569,1330.1554117993085,2752.668421092967,0.09,21.53602738688139,55.50080872576631,0.0100000008117596,0.2476546460630983,1.0273815662837371,1031.5564896942064,6.250748324904086,848.6268792581487,119.71398706193776,85.89321290805812,218.32583478648544,357.84689474208574,163.90497033575832,-63.90497033575832,20.0,-139.5210599556003,176.66666666666666,,11.628333333333332,84.56382845351249,0.1543617154648751,303.006330356977,,70.6,62.8,0.79,8.0,0.03,37.2,1.02,16.0,0.042
2025-03-13,1900-01-12 06:00:00,2025-03-13 06:00:00,43,43.0,11.2,300.0,0.0,41.0,10.9,250.0,0.0,42.0,10.7,0.0,0.0,17.3,40,10.5,0.0,0.0,15.96,39.0,10.0,0.0,0.0,13.46,39.0,9.9,0.0,0.0,8.84,38.0,9.8,0.0,0.0,9.23,38,9.9,180.0,0.0,15.76,34,130.0,62.08,373.2,1350.1487128712872,1.1383931611700584,29.819884976211675,46.19363826493391,1423.428350112487,2806.669786404556,0.08,22.245455412768152,67.69691209667444,0.0100000000002991,0.7071920420223552,0.6973247758497697,956.887215049505,6.738516199807738,1537.00006129523,113.87426800899894,92.59113445232806,405.0446138613861,364.86707223259225,90.08071203668854,9.91928796331146,170.0,40.17754162879385,243.33333333333331,,13.425000000000002,92.9725508964078,0.0702744910359218,213.7515769009289,,70.6,62.8,0.79,8.0,0.03,37.2,1.02,16.0,0.042
2025-03-14,1900-01-13 06:00:00,2025-03-14 06:00:00,36,41.0,10.8,200.0,0.0,42.0,10.6,250.0,0.0,41.0,10.4,0.0,0.0,16.15,40,10.3,0.0,0.0,15.38,39.0,10.3,0.0,0.0,14.42,39.0,10.2,0.0,0.0,6.7,40.0,10.1,0.0,0.0,9.6,40,10.1,150.0,0.0,14.4,30,130.0,62.1500663757324,373.88454920450846,1417.3212852503425,1.0252842044337755,24.992064419421247,44.97575033069981,1541.628214272813,2911.6502541775,0.12,19.54400542592869,70.91781372664354,0.01,0.0102314049325698,0.0263122636311917,1004.4942490737884,6.4191507377423935,1453.1571263749536,184.99538571273757,87.26941620041963,283.4642570500685,378.514533043075,133.53166179826957,-33.53166179826957,70.0,-95.0502759930065,200.0,,12.775,88.29592814547735,0.1170407185452265,195.06786424204415,,70.6,62.8,0.79,8.0,0.03,37.2,1.02,16.0,0.042
2025-03-15,1900-01-14 06:00:00,2025-03-15 06:00:00,38,38.0,11.4,250.0,0.0,39.0,11.0,250.0,0.0,38.0,10.2,0.0,0.0,13.46,39,10.6,0.0,0.0,17.3,38.0,10.4,0.0,0.0,14.23,38.0,10.4,0.0,0.0,11.07,39.0,10.3,0.0,0.0,9.23,39,10.2,140.0,0.0,15.0,35,90.0,73.7386016845703,396.7029561360677,1188.6047698750124,1.0839096987926806,24.52387218316602,77.49054048710889,1262.6374259109857,2481.962081153734,0.12,27.24719578332201,65.66380499434436,0.0100259802654856,0.9127575846601316,3.1460319957642686,842.3966169041452,7.65435172768946,1288.3402380987682,151.51649110931828,88.23940395334431,297.1511924687531,223.37658730383603,75.17270432200105,24.827295677998947,160.0,73.77460516491706,213.33333333333331,,13.381666666666668,88.92896704092023,0.1107103295907977,196.8183637169738,,70.6,62.8,0.79,8.0,0.03,37.2,1.02,16.0,0.042
2025-03-16,1900-01-15 06:00:00,2025-03-16 06:00:00,39,40.0,11.5,250.0,0.0,39.0,11.2,250.0,0.0,39.0,11.1,0.0,0.0,16.34,39,11,0.0,0.0,17.3,38.0,10.8,0.0,0.0,13.84,38.0,10.8,0.0,0.0,7.69,38.0,10.7,0.0,0.0,9.61,38,10.5,120.0,0.0,14.42,30,100.0,74.45068359375,393.2411023457845,1468.5444829979438,0.9652259273391826,25.426588675216777,66.97220726840426,1453.6890258070837,2612.525927597682,0.13,24.33213354789035,52.53003853337806,0.0105976629651341,1.0245089786264634,1.277188987738904,1040.7975263138153,6.195249159398786,1417.4772104405306,188.9795733549209,86.66789335567597,367.1361207494859,261.25259275976816,71.15959939502466,28.840400604975343,150.0,105.88352798971772,206.66666666666663,,13.2,86.53165064076053,0.1346834935923946,214.11222058278128,,71.4,63.2,0.76,8.0,0.029,36.8,1.01,16.0,0.043
2025-03-17,1900-01-16 06:00:00,2025-03-17 06:00:00,40,41.0,10.6,200.0,0.0,40.0,10.5,200.0,0.0,40.0,10.6,0.0,0.0,17.3,40,10.7,0.0,0.0,15.38,39.0,10.8,0.0,0.0,4.8,38.0,10.8,0.0,0.0,8.65,37.0,10.9,0.0,0.0,13.46,36,11,150.0,0.0,8.65,31,110.0,73.79150390625,395.4741755167643,1893.0510741089024,0.9762687043554902,31.03110574485114,74.26213174533184,1827.3464496759705,2867.4857994271983,0.1511886468560666,20.28454494194777,55.06738139650727,0.01,0.4627354962786033,1.3328167212791977,1341.6569248866367,4.8059976290472495,1848.126519399067,276.2740370637474,85.0511296621846,378.6102148217805,315.4234379369918,83.31086314865222,16.689136851347783,90.0,63.18677688478874,183.33333333333331,,11.373333333333331,84.51362353606552,0.1548637646393447,187.78982929127665,,71.4,63.2,0.76,8.0,0.029,36.8,1.01,16.0,0.043
2025-03-18,1900-01-17 06:00:00,2025-03-18 06:00:00,39,38.0,9.6,250.0,0.0,37.0,9.9,300.0,0.0,37.0,10.0,0.0,0.0,18.26,36,10,0.0,0.0,15.76,36.0,10.1,0.0,0.0,15.38,36.0,10.2,0.0,0.0,12.5,36.0,10.3,0.0,0.0,8.65,37,10.4,150.0,0.0,12.88,31,130.0,90.1326446533203,370.7458051045736,195.1491457056618,0.7948244461401845,20.49251086062598,46.31652205487728,352.0380526086906,528.1461648048099,0.1283122116790738,20.921440664784324,52.62969369893486,0.01,0.4253239667735075,3.307723360350988,138.30752181103088,46.62074712617497,155.1093116502328,45.17078112541524,70.87809839084703,48.78728642641545,68.6590014246253,140.7313389486866,-40.73133894868661,120.0,-19.871714998209853,233.33333333333331,,13.905,83.85653431997697,0.1614346568002303,293.5658741580527,,71.4,63.2,0.76,8.0,0.029,36.8,1.01,16.0,0.043
2025-03-20,1900-01-19 06:00:00,2025-03-20 06:00:00,40,40.0,11.0,450.0,0.0,39.0,11.0,350.0,0.0,38.0,10.7,0.0,0.0,17.88,36,10.4,0.0,0.0,14.42,36.0,10.1,0.0,0.0,8.26,37.0,10.0,0.0,0.0,13.46,37.0,9.9,0.0,0.0,7.3,37,9.8,110.0,0.0,9.23,27,80.0,94.9422149658203,206.5593657549316,1866.780309028934,1.38590107765391,25.40317580083492,56.31797942747226,1819.746173709356,3961.090151141384,0.14,21.369555924980634,45.92467550579172,0.0158359194969736,0.2106076144564725,0.1011508666294394,1323.0381171990518,4.873631315816349,2587.172842026299,254.7644643193098,90.15278530367628,840.0511390630202,316.8872120913107,37.722371574278405,62.2776284257216,370.0,523.1639269717095,303.3333333333333,,11.758333333333333,89.89826891274262,0.1010173108725737,218.87084022390977,,71.4,63.2,0.76,8.0,0.029,36.8,1.01,16.0,0.043
2025-03-21,1900-01-20 06:00:00,2025-03-21 06:00:00,41,39.0,11.0,350.0,0.0,40.0,11.0,350.0,0.0,39.0,11.0,0.0,0.0,16.92,38,10.9,0.0,0.0,13.46,38.0,10.8,0.0,0.0,9.61,38.0,10.6,0.0,0.0,13.46,37.0,10.6,0.0,0.0,8.65,37,10.4,110.0,0.0,18.84,30,80.0,94.9544219970703,0.0,1721.4836497979857,0.7462854986641282,24.253646449502224,57.851392691556526,1768.517785117564,3858.025224602362,0.1102231945502709,19.940680861363184,50.89826811001975,0.0114044784604883,0.4835346862625557,1.209503978662465,1220.0624121659175,5.284975535434436,1284.7182840316332,194.9316798946276,84.82689299922598,602.519277429295,308.6420179681889,51.22525195957863,48.77474804042137,270.0,293.87725946110606,270.0,,13.49,85.23042525312718,0.1476957474687282,361.791835005916,,71.4,63.2,0.76,8.0,0.029,36.8,1.01,16.0,0.043
2025-03-22,1900-01-21 06:00:00,2025-03-22 06:00:00,42,41.0,10.5,350.0,0.0,41.0,10.6,350.0,0.0,40.0,10.6,0.0,0.0,17.88,40,10.7,0.0,0.0,13.46,38.0,10.7,0.0,0.0,8.65,38.0,10.7,0.0,0.0,13.46,37.0,10.6,0.0,0.0,12.5,37,10.6,130.0,0.0,16.73,31,110.0,,,1800.1088395864624,0.7898440509926016,16.760620469123264,51.51377553579456,1661.1285481929697,3671.847442761517,0.09,5.785233607516211,28.66517320327125,0.01,0.580624134995392,5.3201774740143,1275.7862284923694,5.054138268618696,1421.8052580865626,149.50156933736727,89.4850881661133,630.0380938552618,403.9032187037668,64.10774564951231,35.89225435048769,240.0,226.13487515149492,276.6666666666667,,13.78,88.60534558855049,0.1139465441144951,350.2801170927072,,71.4,63.2,0.76,8.0,0.029,36.8,1.01,16.0,0.043
2025-03-23,1900-01-22 06:00:00,2025-03-23 06:00:00,43,41.0,11.0,400.0,0.0,41.0,11.0,350.0,0.0,39.0,10.7,0.0,0.0,15.38,40,10.7,0.0,0.0,5.0,39.0,10.5,0.0,0.0,10.0,39.0,10.6,0.0,0.0,8.07,38.0,10.5,0.0,0.0,11.92,37,10.4,120.0,0.0,13.02,32,90.0,,,1754.3321485148515,0.83911388416819,19.979785304285933,44.81972820067468,1422.8558956819877,3354.7343867854715,0.0947718978102189,24.21956072647653,54.00992955565,0.010078201890351,0.0099999999999999,1.0179850985662549,1243.3430390747076,5.186018497999219,1472.084463261423,134.84675354424095,90.83974072754724,701.7328594059406,301.9260948106924,43.025788341490966,56.97421165850904,310.0,399.8067645952482,290.0,,10.565,88.70571687606314,0.1129428312393686,345.60267142698484,,74.2,65.6,0.81,10.0,0.035,34.4,1.0,18.0,0.045
2025-03-24,1900-01-23 06:00:00,2025-03-24 06:00:00,44,43.0,11.0,400.0,0.0,42.0,10.8,450.0,0.0,42.0,10.8,0.0,0.0,16.34,41,10.6,0.0,0.0,10.38,40.0,10.5,0.0,0.0,9.61,39.0,10.5,0.0,0.0,9.61,39.0,10.5,0.0,0.0,14.42,39,10.5,100.0,0.0,15.38,29,90.0,,,1521.111837875941,0.7448428387910091,13.97963643291151,44.31786394078065,1535.887121525859,3042.695133860841,0.07,12.186839353392946,49.0,0.01,0.6633186381783429,0.01,1078.0534443709853,5.981150594776154,1132.989259442125,107.51209850681012,90.51075748416643,608.4447351503765,273.8425620474757,45.0069737196092,54.9930262803908,310.0,334.60217310290074,316.6666666666667,,12.623333333333331,90.6020443032492,0.0939795569675079,425.1456148530123,,74.2,65.6,0.81,10.0,0.035,34.4,1.0,18.0,0.045
2025-03-25,1900-01-24 06:00:00,2025-03-25 06:00:00,42,42.0,10.7,450.0,0.0,40.0,10.6,500.0,0.0,39.0,10.3,0.0,0.0,16.92,37,10.4,0.0,0.0,9.43,38.0,10.5,0.0,0.0,10.57,35.0,10.5,0.0,0.0,11.92,35.0,10.5,0.0,0.0,14.23,37,10.5,160.0,0.0,17.3,30,130.0,,,1570.89827781104,0.2451946031402567,16.643321209862847,42.30956685327522,1556.1229941611216,2982.7408276510696,0.08,12.14756117734865,44.0,0.01,0.00999918,1.1398149266352005,1113.3384521649878,5.791590138166232,385.1757798015907,124.48983953288972,67.6797332384149,706.9042250149679,387.7563075946391,54.85273589734575,45.14726410265425,320.0,319.14791742032884,370.0,,13.395,67.37285446929751,0.326271455307025,1509.0054807949905,,74.2,65.6,0.81,10.0,0.035,34.4,1.0,18.0,0.045
2025-03-26,1900-01-25 06:00:00,2025-03-26 06:00:00,40,40.0,10.2,250.0,0.0,39.0,10.8,450.0,0.0,40.0,10.9,0.0,0.0,15.38,39,10.9,0.0,0.0,5.76,39.0,10.9,0.0,0.0,5.75,39.0,10.8,0.0,0.0,11.15,39.0,10.8,0.0,0.0,15.0,39,10.7,200.0,0.0,16.34,33,150.0,,,1684.525572205814,0.5995178088060859,13.401353146184542,49.21030495074987,1794.905956853614,3739.770532573751,0.08,12.883095402346868,43.70103490648621,0.1145467085569816,0.2309473756308892,0.01,1193.8692146287754,5.40092660149961,1009.9030799266476,143.5924765482891,85.7815587057405,421.13139305145353,560.9655798860626,133.20440820652007,-33.20440820652007,100.0,-139.8341868346091,300.0,,11.563333333333333,86.65594268845548,0.1334405731154452,500.4021491829195,,74.2,65.6,0.81,10.0,0.035,34.4,1.0,18.0,0.045
2025-03-27,1900-01-26 06:00:00,2025-03-27 06:00:00,41,40.0,10.3,400.0,0.0,39.0,10.6,450.0,0.0,37.0,10.2,0.0,0.0,17.3,37,10.6,0.0,0.0,8.65,36.0,10.8,0.0,0.0,10.57,36.0,10.8,0.0,0.0,13.46,36.0,10.7,0.0,0.0,9.61,36,10.4,180.0,0.0,12.5,28,130.0,,,1717.494124556728,0.5583990281251847,19.265842268479503,48.150867144019024,1726.8916968667843,3879.858967888841,0.08,11.807054847805778,38.474384765590095,0.01,0.6949495103059906,0.4725979028042458,1217.234926822205,5.2972518762944,959.047049963192,138.15133574934276,85.59493658265828,686.9976498226912,504.38166582554936,73.41825200649906,26.58174799350094,270.0,182.61598399714185,343.3333333333333,,12.015,85.6733275004796,0.1432667249952039,614.8530281044169,,74.2,65.6,0.81,10.0,0.035,34.4,1.0,18.0,0.045
2025-03-28,1900-01-27 06:00:00,2025-03-28 06:00:00,42,39.0,10.1,350.0,0.0,38.0,10.6,350.0,0.0,38.0,10.8,0.0,0.0,17.3,39,10.8,0.0,0.0,10.57,39.0,10.6,0.0,0.0,9.61,38.0,10.6,0.0,0.0,14.42,38.0,10.6,0.0,0.0,11.53,37,10.5,180.0,0.0,13.65,30,160.0,,,1625.15,0.7149030009049244,22.77630362221749,44.63963343318298,1694.7006658851308,4021.695165721431,0.08,10.4212582920542,56.09497500206563,0.0100180049422093,0.00999912,0.364306228832579,1151.7881272727277,5.598251837573598,1161.824611920638,135.57605327081046,88.33076422381114,568.8025,643.471226515429,113.12735554351976,-13.127355543519757,190.0,-74.66872651542894,293.3333333333333,,12.84666666666667,88.80967069676082,0.1119032930323917,410.3120744521032,,74.2,65.6,0.81,10.0,0.035,34.4,1.0,18.0,0.045
2025-03-29,1900-01-28 06:00:00,2025-03-29 06:00:00,39,40.0,11.5,450.0,0.0,39.0,10.4,450.0,0.0,39.0,10.4,0.0,0.0,19.2,40,10.4,0.0,0.0,13.7,40.0,10.3,0.0,0.0,12.5,38.0,10.4,0.0,0.0,16.2,37.0,10.4,0.0,0.0,12.5,37,10.3,140.0,0.0,13.7,29,110.0,,,1795.2684704492765,0.8398441299315114,20.686036415916515,48.37883802673264,1727.1250982848678,4400.670302425224,0.07,13.413459096395783,44.812591357170135,0.01,5.1279523866012005,0.5303790668041664,1272.3557268747782,5.067765141308312,1507.7456865579477,120.89875687994076,91.98148879099485,807.8708117021745,484.0737332667746,59.919695854196895,40.08030414580311,340.0,323.79707843539984,346.6666666666667,,14.633333333333333,91.66512004963248,0.0833487995036751,412.7750070658196,,74.2,65.6,0.81,10.0,0.035,34.4,1.0,18.0,0.045
2025-03-30,1900-01-29 06:00:00,2025-03-30 06:00:00,41,39.0,10.3,400.0,0.0,37.0,10.6,450.0,0.0,38.0,10.8,0.0,0.0,17.5,36,10.8,0.0,0.0,12.5,37.0,10.8,0.0,0.0,12.5,38.0,10.8,0.0,0.0,12.5,38.0,10.7,0.0,0.0,6.25,36,10.5,220.0,0.0,14.5,29,170.0,,,1417.510149652903,0.5471614146600179,18.72500271342028,52.86086630521204,1417.5101496529028,3360.571434500809,0.09,19.139883754234983,51.13171898599104,0.0100001673301078,0.0348743852425934,0.3294268802448308,1004.6281024267304,6.418295471154478,775.6068587790161,127.57591346876124,83.55147172504442,567.0040598611611,571.2971438651376,100.75715225126038,-0.7571522512603792,230.0,-4.29308400397656,356.6666666666667,,12.625,83.55147172504442,0.1644852827495558,651.8490834889806,,71.6,63.1,0.88,13.0,0.038,36.9,1.03,20.0,0.048
2025-04-02,1900-01-01 06:00:00,2025-04-02 06:00:00,37.42,38.0,10.7,350.0,6.8,37.0,10.9,400.0,6.7,37.0,10.9,0.0,7.1,18.7,38,10.9,0.0,6.5,12.5,37.0,10.7,0.0,6.8,12.5,38.0,10.6,0.0,7.1,11.3,37.0,10.3,0.0,5.6,16.3,37,10.3,170.0,9.1,16.3,30,100.0,95.0,226.2,1963.33830675241,0.4059513290204669,11.698304703789724,41.72271819327003,1978.2181431279157,4782.010228793292,0.0601525387093491,9.478682508223756,38.1237263332818,0.01,0.5285644204519822,0.1730610565648285,1391.4714035856173,4.633943596242403,797.0197949429339,118.9948434300388,85.07002659343502,687.1684073633435,478.2010228793292,69.59007686546309,30.40992313453691,250.0,208.96738448401425,306.6666666666667,6.9625,14.6,85.18232743454907,0.1481767256545093,755.4271774565503,101.6525,71.6,63.1,0.88,13.0,0.038,36.9,1.03,20.0,0.048
2025-04-03,1900-01-02 06:00:00,2025-04-03 06:00:00,38,38.0,10.5,400.0,7.6,36.0,10.4,350.0,7.3,37.0,10.6,0.0,7.0,7.5,35,10.6,0.0,6.9,8.8,36.0,10.7,0.0,6.9,11.8,36.0,10.8,0.0,7.1,12.5,35.0,10.8,0.0,7.2,16.0,37,10.7,150.0,6.9,16.0,31,100.0,95.07,231.77,569.1141091284283,0.6109587975030485,14.427118868509734,54.09957283677864,569.114109128428,1244.231904273471,0.1519545764769462,8.905623755856226,26.19137135274012,0.0221902516198969,0.444442583894869,4.727691760691791,403.3466904332024,15.986247446519814,347.70527175512325,86.47949341966485,75.12850668523387,227.6456436513713,124.4231904273471,54.65652161474937,45.34347838525063,300.0,103.2224532240242,300.0,7.1125,12.1,75.12850668523387,0.2487149331476613,491.0314758148697,86.06125,71.6,63.1,0.88,13.0,0.038,36.9,1.03,20.0,0.048
2025-04-04,1900-01-03 06:00:00,2025-04-04 06:00:00,43,40.0,11.1,450.0,0.0,38.0,10.5,350.0,0.0,39.0,10.7,0.0,0.0,16.3,38,10.6,0.0,0.0,10.0,36.0,10.4,0.0,0.0,6.3,34.0,10.5,0.0,0.0,12.5,34.0,10.5,0.0,0.0,15.2,36,10.5,110.0,0.0,15.2,31,80.0,95.0032501220703,228.1240341186524,2297.358216202941,0.400635739614531,9.516090050621742,51.54807534118696,2140.267637811728,4975.573137237755,0.0761851934164404,12.168247742717316,34.24792286014149,0.0100129375130646,0.279292179848669,0.0099990211033028,1628.200423047103,3.9602004204942176,920.4038081079852,163.05670394963465,82.2842210654452,1033.8111972913237,398.0458509790204,38.50276066093457,61.49723933906543,370.0,635.7653463123032,303.3333333333333,,12.583333333333334,80.98392482664138,0.1901607517335861,757.1299895141243,,71.6,63.1,0.88,13.0,0.038,36.9,1.03,20.0,0.048
2025-04-05,1900-01-04 06:00:00,2025-04-05 06:00:00,0,40.0,10.4,400.0,8.8,39.0,10.8,400.0,9.4,38.0,10.6,0.0,7.6,17.25,38,10.4,0.0,7.9,16.0,37.0,10.5,0.0,7.5,11.75,35.0,10.5,0.0,7.6,9.25,35.0,10.4,0.0,11.1,10.75,36,10.5,140.0,9.7,18.75,30,100.0,95.0276641845703,229.45794671376547,2126.6493076597794,0.6262516194559146,13.68752423628664,45.70755611441937,2044.7440600208888,4482.167049861299,0.0835491037447822,15.769058738032232,48.8628027898893,0.01,0.4389571761846808,0.0099991660861759,1507.2143638650584,4.278090863906663,1331.8175729367365,170.8365336022126,87.17267761938987,850.6597230639118,448.21670498613,52.69048161487417,47.30951838512583,300.0,402.4430180777818,313.3333333333333,8.7,13.958333333333334,86.6588602489572,0.133411397510428,500.331374161645,121.4375,71.6,63.1,0.88,13.0,0.038,36.9,1.03,20.0,0.048
2025-04-06,1900-01-05 06:00:00,2025-04-06 06:00:00,42,40.0,10.9,350.0,7.8,39.0,10.8,350.0,7.2,39.0,10.7,0.0,6.5,17.0,38,10.7,0.0,6.7,16.25,38.0,10.6,0.0,7.0,11.25,36.0,10.5,0.0,5.7,8.5,36.0,10.5,0.0,6.1,10.5,36,10.5,120.0,6.8,19.0,29,100.0,95.03173828125,233.3176598866781,2135.74,1.0784593848365225,38.963179538122056,39.74855575041851,2079.171523814524,3996.36562641541,0.1049297379415115,14.27389794938956,55.33589825099549,0.0099999999970541,0.3932832342057897,0.4097280917650226,1513.6571854545457,4.259881340347015,2303.3088465707547,218.16692312931127,90.52810814085458,747.5090000000001,399.636562641541,53.46244160826705,46.53755839173295,250.0,347.87243735845914,273.3333333333333,6.725,13.75,90.27040429923863,0.0972959570076134,253.44796213606725,92.46875,72.8,64.0,0.8,12.0,0.036,36.0,0.96,18.0,0.045
2025-04-07,1900-01-06 06:00:00,2025-04-07 06:00:00,40,41.0,10.5,400.0,7.1,40.0,10.5,450.0,7.0,39.0,10.6,0.0,6.4,17.0,38,10.7,0.0,5.7,7.75,37.0,10.6,0.0,5.5,10.0,37.0,10.6,0.0,5.6,10.5,38.0,10.6,0.0,6.7,13.0,37,10.4,160.0,7.0,15.0,30,120.0,94.9666290283203,229.38946863810227,2005.0955914642889,1.1730244887246286,29.371382288340605,30.36277024428048,1996.7001877802004,4021.625608021648,0.1063784698133797,30.333496842784708,18.82071207969255,0.0100009505474363,0.4772085549942305,0.181440118029232,1421.0659300959633,4.537439019148515,2352.026231021404,212.4059106521457,90.96923716875789,802.0382365857154,482.5950729625978,60.17108049823282,39.82891950176718,280.0,319.4431636231176,336.6666666666667,6.375,12.208333333333334,90.93126607023866,0.0906873392976133,287.007364213434,77.828125,72.8,64.0,0.8,12.0,0.036,36.0,0.96,18.0,0.045
2025-04-08,1900-01-07 06:00:00,2025-04-08 06:00:00,40,39.0,10.4,350.0,6.7,39.0,10.6,450.0,6.3,39.0,10.4,0.0,6.0,17.0,37,10.4,0.0,5.1,14.5,38.0,10.3,0.0,5.4,12.5,38.0,10.3,0.0,5.3,10.0,37.0,10.3,0.0,6.1,11.25,37,10.4,140.0,6.5,17.5,29,100.0,95.0113906860352,233.03361193339032,1943.3687649713547,0.9913473921690446,87.09428337835548,53.86421091062071,1981.5222449796224,4100.228223505151,0.1412217827299483,38.0,34.15558892881411,0.0100063530464038,0.39540429718232,0.1151463188348979,1377.3184447015165,4.681560771080336,1926.5535571771293,279.83410395507167,85.47488581811882,680.1790677399741,410.0228223505151,60.28159962535965,39.718400374640346,250.0,270.15624538945906,313.3333333333333,5.925,13.791666666666666,85.75456153458391,0.1424543846541608,316.06814705768016,81.71562499999999,72.8,64.0,0.8,12.0,0.036,36.0,0.96,18.0,0.045
2025-04-09,1900-01-08 06:00:00,2025-04-09 06:00:00,42,41.0,10.9,500.0,6.7,40.0,10.6,550.0,6.5,39.0,10.5,0.0,5.8,17.0,39,10.5,0.0,5.8,15.0,38.0,10.5,0.0,6.0,12.75,37.0,10.4,0.0,5.5,10.25,36.0,10.3,0.0,6.1,12.5,37,10.3,120.0,6.8,15.25,29,90.0,95.0764923095703,236.4515808105469,62.31000000000002,0.992510596570354,58.56633998103752,52.15007333674954,62.309999999999945,126.07574300199266,0.0599254324706375,38.336942399911216,56.70625783751748,0.0100481799078242,0.2512767936518795,0.5096357056643935,44.16079636363638,146.01185963461293,61.843335272298766,3.7339536972454224,93.9622375138652,31.15500000000001,11.34681687017934,36.42053240307924,63.57946759692076,410.0,19.80818312982067,390.0,6.15,13.791666666666666,93.9622375138652,0.060377624861348,392.9429079625498,84.81875,72.8,64.0,0.8,12.0,0.036,36.0,0.96,18.0,0.045
2025-04-12,1900-01-11 06:00:00,2025-04-12 06:00:00,40,39.0,11.0,450.0,6.7,39.0,11.0,400.0,6.9,40.0,10.4,0.0,6.1,17.25,38,10.2,0.0,6.2,13.75,38.0,10.2,0.0,6.2,12.75,36.0,10.1,0.0,5.8,7.25,36.0,10.2,0.0,6.3,12.5,37,10.1,90.0,6.7,16.25,30,70.0,95.02766418,226.69102083583337,1756.300023286099,0.8808398971155548,18.60091172733667,44.79151309875793,1953.166567032284,4326.7915565114745,0.08,26.5,46.50200045190685,0.0100083573806202,0.315241155668366,0.7532901398044036,1244.7377255944025,5.180207739683371,1547.019131815374,156.2533253625827,89.89971603135737,790.3350104787446,302.8754089558032,38.32240821171983,61.67759178828017,380.0,487.4596015229414,313.3333333333333,6.362500000000001,13.291666666666666,90.91775925886506,0.0908224074113493,355.7210956944518,84.56822916666667,72.8,64.0,0.8,12.0,0.036,36.0,0.96,18.0,0.045
2025-04-13,1900-01-12 06:00:00,2025-04-13 06:00:00,39,39.0,11.0,500.0,6.4,39.0,10.7,450.0,6.1,38.0,10.6,0.0,6.1,16.25,36,10.4,0.0,5.7,13.5,37.0,10.4,0.0,5.8,12.25,39.0,10.4,0.0,0.0,11.75,37.0,10.4,0.0,6.4,12.5,0,10.3,150.0,6.7,15.0,30,110.0,94.95849609,225.1288815816244,1836.8942662444515,0.5862637504308593,18.90478659750407,47.69923424336303,1880.0520121618956,3785.475932545384,0.08,26.7032655464163,48.01735533046292,0.01,0.8693450556832715,0.5607945445280336,1301.857063603795,4.952924695243175,1076.9045216734137,150.40416097295164,86.03365869991548,918.4471331222258,416.4023525799922,45.337650645655394,54.662349354344606,390.0,502.0447805422335,366.6666666666667,6.171428571428572,13.541666666666666,86.3542646221592,0.1364573537784079,625.4295381510362,83.57142857142857,72.3,63.8,0.79,10.0,0.033,36.2,0.94,16.0,0.041
2025-04-14,1900-01-13 06:00:00,2025-04-14 06:00:00,44,37.0,10.7,550.0,6.2,36.0,10.6,500.0,6.3,37.0,10.8,0.0,6.2,15.0,38,10.8,0.0,5.9,13.0,37.0,10.7,0.0,6.2,10.5,36.0,10.2,0.0,6.4,15.0,35.0,10.5,0.0,6.3,15.0,34,10.5,0.0,6.0,15.5,30,130.0,94.97476959,228.84271138509115,1562.0342857588514,1.3630779151655876,33.62840386959136,42.28120548932655,1587.8910862290716,2992.6821878433257,0.0911398307563339,21.85541352086359,42.59040040706306,0.010145745219721,0.5137562218097179,0.01,1107.0562992523642,5.824455363611202,2129.174437649343,144.72012485840884,93.20299350305072,859.1188571673683,389.0486844196323,45.28461704383707,54.71538295616293,420.0,470.070172747736,525.0,6.1875,14.0,93.31367416768232,0.0668632583231767,385.1577332145556,86.625,72.3,63.8,0.79,10.0,0.033,36.2,0.94,16.0,0.041
2025-04-15,1900-01-14 06:00:00,2025-04-15 06:00:00,42,38.0,11.3,650.0,6.3,38.0,11.4,650.0,6.4,37.0,11.0,0.0,5.9,18.75,36,10.9,0.0,6.0,11.25,36.0,10.8,0.0,6.0,7.5,35.0,10.8,0.0,5.8,7.5,34.0,10.7,0.0,6.1,13.75,33,10.7,190.0,6.1,15.0,29,160.0,94.78352356,284.5826098826666,2297.2000000000003,0.9368051656520524,16.69119690742197,38.19499843885927,2216.098786673133,3911.824806595423,0.1029261348371625,18.333576193332284,37.32906228668921,0.01005904729219,0.598286677389821,0.0099999999999999,1628.0882909090913,3.960473173355709,2152.0288265358954,228.09448252959123,89.40095598548496,1493.1800000000003,625.8919690552677,41.91671259026157,58.08328740973843,490.0,867.2880309447326,496.6666666666667,6.075,12.291666666666666,89.01306924737953,0.1098693075262047,530.1707173240953,74.671875,72.3,63.8,0.79,10.0,0.033,36.2,0.94,16.0,0.041
2025-04-16,1900-01-15 06:00:00,2025-04-16 06:00:00,42,39.0,10.5,550.0,6.2,40.0,10.9,550.0,6.4,36.0,10.9,0.0,5.7,17.5,37,10.8,0.0,5.5,6.25,37.0,10.8,0.0,5.2,9.25,35.0,10.8,0.0,5.1,7.0,34.0,10.8,0.0,5.4,13.25,34,10.9,200.0,5.2,14.75,28,150.0,93.68082428,255.1965170602417,1705.7299654306744,1.4455755656314613,19.47384344398949,46.200994715464965,1674.9722894975937,3116.413751208917,0.06961560742951,13.238967974079472,45.92400381140881,0.0101901412045684,0.7362089857625447,0.5066709194472295,1208.897346408867,5.333786213655226,2465.76155959198,116.60421336097212,95.27106694857116,938.1514809868708,467.4620626813375,49.82799389599637,50.17200610400364,400.0,470.68941830553337,433.3333333333333,5.5875,11.333333333333334,95.18422909983953,0.0481577090016047,299.7652586525583,63.32500000000001,72.3,63.8,0.79,10.0,0.033,36.2,0.94,16.0,0.041
2025-04-17,1900-01-16 06:00:00,2025-04-17 06:00:00,41,38.0,10.7,500.0,6.9,38.0,11.0,500.0,6.4,39.0,10.8,0.0,5.2,17.25,38,10.8,0.0,5.2,10.5,36.0,10.8,0.0,5.8,7.75,36.0,10.2,0.0,5.9,7.75,37.0,10.7,0.0,5.1,12.25,36,10.7,170.0,5.8,12.0,30,140.0,88.8386993408203,316.85088711843514,2214.2897696378827,0.8709297494020826,28.94118911001874,48.951546639162295,2250.366449705412,3848.246836613579,0.0806382997313114,20.582440432423585,47.94444478381193,0.0100450117180513,0.7708498001423992,0.218443978789519,1569.3275494633576,4.108766205120746,1928.4908341743164,181.4657242766323,90.59027291906592,1107.1448848189414,538.7545571259011,48.66161281267241,51.33838718732759,360.0,568.3903276930403,390.0,5.7875,11.25,90.74112466744052,0.0925887533255947,447.7973111697537,65.109375,72.3,63.8,0.79,10.0,0.033,36.2,0.94,16.0,0.041
2025-04-18,1900-01-17 06:00:00,2025-04-18 06:00:00,41,38.0,10.7,500.0,6.9,38.0,11.0,500.0,6.4,39.0,10.8,0.0,5.2,17.25,38,10.8,0.0,5.2,10.5,36.0,10.8,0.0,5.8,7.75,36.0,10.2,0.0,5.9,7.75,37.0,10.7,0.0,5.1,12.25,36,10.7,170.0,5.8,12.0,30,140.0,91.6056289672852,307.2712923367818,1993.0629235417157,1.071215082833413,44.1868574903526,82.59835691909804,2124.339136020041,3575.945311715089,0.1242618966227139,12.448637326713984,61.71442073061379,0.010013187019072,1.0524772804807132,0.7986999663180672,1412.5380501755649,4.564832783937095,2134.999064733943,263.9744101117077,87.63585359487718,996.5314617708576,500.6323436401124,50.23748500127412,49.76251499872588,360.0,495.8991181307453,390.0,5.7875,11.25,88.39991159440778,0.1160008840559222,364.0725436468203,65.109375,72.3,63.8,0.79,10.0,0.033,36.2,0.94,16.0,0.041
2025-04-19,1900-01-18 06:00:00,2025-04-19 06:00:00,43,37.0,10.0,550.0,6.8,39.0,10.0,500.0,7.3,36.0,10.0,0.0,6.5,16.25,36,0,0.0,7.0,10.0,35.0,0.0,0.0,7.3,7.5,36.0,0.0,0.0,5.7,8.75,38.0,0.0,0.0,6.3,11.25,36,10,210.0,6.0,17.5,28,190.0,91.0400390625,306.5380258259364,2070.1490345520424,0.9002754680951673,27.30151270771866,104.53714569245705,1989.2077919366536,3525.4597277585576,0.0959224630348907,33.194322588167815,100.6875596951174,0.0100963820871164,0.7663081860383044,0.4909696253011946,1467.1710793970658,4.394852168603137,1863.704391108099,190.8097108907604,89.76180386754838,1138.5819690036233,669.8373482741259,58.83084103819972,41.169158961800285,360.0,468.7446207294973,420.0,6.612500000000001,11.875,89.34520972365861,0.1065479027634138,466.5238750630959,78.52343750000001,72.3,63.8,0.79,10.0,0.033,36.2,0.94,16.0,0.041
2025-04-20,1900-01-19 06:00:00,2025-04-20 06:00:00,44,37.0,11.0,500.0,6.4,36.0,11.0,550.0,6.3,36.0,11.0,0.0,5.8,15.25,35,11,0.0,5.8,11.5,35.0,11.0,0.0,5.8,8.75,35.0,11.0,0.0,5.9,8.25,34.0,11.0,0.0,5.9,13.25,36,11,190.0,5.8,18.5,30,150.0,94.2301406860352,333.90600916544594,2117.0533260822526,0.7306168912732531,19.421741613748672,65.89949576955455,2013.448012446362,3651.937808064846,0.1142383199489737,22.014647951107733,62.43291202817434,0.01,0.681613109538937,1.1870430760919637,1500.4134300124765,4.297482194588449,1546.754919761916,230.0129182464727,85.1293236370066,1058.5266630411263,547.790671209727,51.75029504083866,48.24970495916134,350.0,510.73599183139936,413.3333333333333,5.9625,12.583333333333334,84.36412827112586,0.1563587172887414,565.7319701615621,75.028125,,,,,,,,,
2025-04-21,1900-01-20 06:00:00,2025-04-21 06:00:00,44,40.0,10.0,500.0,7.2,40.0,10.0,500.0,0.0,37.0,0.0,0.0,6.9,18.75,37,0,0.0,7.0,8.75,36.0,0.0,0.0,7.1,6.25,35.0,0.0,0.0,6.7,7.5,35.0,0.0,0.0,6.9,10.0,33,10,190.0,6.9,15.0,30,140.0,93.4244766235352,336.67486406962075,1761.275796465403,0.8676277440472372,20.45367350367989,55.1870045223465,1812.554060799905,3165.393230481154,0.0866834665456634,14.557887645104874,55.375492554138006,0.01,0.7628030616135416,0.4187130849300778,1248.2641917494798,5.165573155601727,1528.131745932278,157.11846929155496,89.7182641673542,880.6378982327013,443.1550522673616,50.32205099924754,49.67794900075246,360.0,437.4828459653397,396.6666666666667,6.957142857142857,11.041666666666666,90.00914077029053,0.0999085922970946,457.18531869016687,76.81845238095238,,,,,,,,,
