date,cu_regime,free_cn_status,support_position,throughput_tpd,cu_solution_ppm_avg,free_cn_ppm_avg,wad_gpl_avg,complexed_cn_gpl_avg,specific_nacn_kgpt,nacn_consumption_tpd,recovery_au_pct,regime_free_cn_band,support_analogue_count,support_specific_nacn_band,support_nacn_tpd_band,support_free_cn_p50,support_recovery_p50,support_comment
2025-11-28,High Cu,Low Free CN,High dose / high complexation risk,12375.184500000001,6099.4375,168.3125,16.866875,16.6985625,5.7780956720281615,71.505,80.5879314132482,186 to 422,20,2.78 to 5.26,37.5 to 63.9,412.359375,79.03062304370931,High-Cu regime: maintaining free CN is likely to be difficult. Current dosing is already high relative to supported analogues and complexation risk is elevated. Complexed/WAD cyanide is elevated.
2025-11-29,High Cu,Low Free CN,High dose / high complexation risk,3711.6765,6570.0,32.0,16.299999999999997,16.267999999999997,8.256376869050953,30.645,68.13461035509305,186 to 422,20,3.27 to 5.51,35.2 to 63.9,397.484375,79.71554754380918,High-Cu regime: maintaining free CN is likely to be difficult. Current dosing is already high relative to supported analogues and complexation risk is elevated. Complexed/WAD cyanide is elevated. Recovery is currently in the lower historical range.
2025-11-25,High Cu,Normal Free CN,High dose / high complexation risk,14910.1785,5182.75,318.6875,15.462499999999999,15.1438125,5.521396004749372,82.32499999999999,72.07836457203084,186 to 422,20,2.77 to 4.60,37.5 to 62.5,412.359375,79.3776324877339,High-Cu regime: maintaining free CN is likely to be difficult. Current dosing is already high relative to supported analogues and complexation risk is elevated. Complexed/WAD cyanide is elevated.
2025-11-27,High Cu,Low Free CN,High dose / high complexation risk,14773.4685,5724.5625,114.8125,15.2540625,15.13925,6.914422296971087,102.15,77.93121643432994,186 to 422,20,2.78 to 4.78,37.5 to 63.9,412.359375,79.3776324877339,High-Cu regime: maintaining free CN is likely to be difficult. Current dosing is already high relative to supported analogues and complexation risk is elevated. Complexed/WAD cyanide is elevated.
2025-11-23,High Cu,Normal Free CN,High dose / high complexation risk,15021.4995,5168.375,193.96875,14.539955357142858,14.345986607142859,4.611057637754473,69.265,63.648346751077554,186 to 422,20,2.77 to 4.60,37.5 to 62.5,412.359375,79.3776324877339,High-Cu regime: maintaining free CN is likely to be difficult. Current dosing is already high relative to supported analogues and complexation risk is elevated. Complexed/WAD cyanide is elevated. Recovery is currently in the lower historical range.
2025-12-03,High Cu,Low Free CN,High dose / high complexation risk,8805.1005,5559.0,31.916666666666668,13.767083333333332,13.735166666666665,6.675676217437836,58.78,58.45295978440057,186 to 422,20,2.78 to 5.26,37.5 to 63.9,412.359375,79.03062304370931,High-Cu regime: maintaining free CN is likely to be difficult. Current dosing is already high relative to supported analogues and complexation risk is elevated. Complexed/WAD cyanide is elevated. Recovery is currently in the lower historical range.
2026-02-06,High Cu,High Free CN,High dose / high complexation risk,13650.5068,4648.59375,429.75,14.1321875,13.7024375,6.256177975751054,45.4,60.797324222589346,186 to 422,20,3.12 to 4.33,30.7 to 57.6,308.71875,77.85646338743865,High-Cu regime: maintaining free CN is likely to be difficult. Current dosing is already high relative to supported analogues and complexation risk is elevated. Complexed/WAD cyanide is elevated. Recovery is currently in the lower historical range.
2025-11-22,High Cu,Low Free CN,High dose / high complexation risk,7050.33,5090.25,101.33333333333334,13.710833333333333,13.6095,8.640021105395066,60.915,69.02724493947271,186 to 422,20,2.78 to 5.26,35.2 to 62.5,412.359375,79.71554754380918,High-Cu regime: maintaining free CN is likely to be difficult. Current dosing is already high relative to supported analogues and complexation risk is elevated. Complexed/WAD cyanide is elevated. Recovery is currently in the lower historical range.
2025-11-21,High Cu,Low Free CN,High dose / high complexation risk,16024.365,4911.6875,130.375,13.31375,13.183375,6.091661042418843,97.61500000000001,74.82696835970319,186 to 422,20,2.77 to 4.60,37.5 to 62.5,412.359375,79.3776324877339,High-Cu regime: maintaining free CN is likely to be difficult. Current dosing is already high relative to supported analogues and complexation risk is elevated. Complexed/WAD cyanide is elevated.
2026-02-05,High Cu,Low Free CN,High dose / high complexation risk,13702.2984,4634.285714285714,150.89285714285714,12.814999999999998,12.66410714285714,6.626625501018136,45.4,65.46646772435525,186 to 422,20,3.13 to 4.42,30.7 to 60.9,296.53125,77.61002140517411,High-Cu regime: maintaining free CN is likely to be difficult. Current dosing is already high relative to supported analogues and complexation risk is elevated. Complexed/WAD cyanide is elevated. Recovery is currently in the lower historical range.
2026-01-14,High Cu,Low Free CN,High dose / high complexation risk,13162.884,4704.6875,100.40625,12.703750000000001,12.60334375,6.487939877005678,42.7,79.75875970508814,186 to 422,20,3.08 to 4.60,38.0 to 63.0,296.53125,77.18486777647709,High-Cu regime: maintaining free CN is likely to be difficult. Current dosing is already high relative to supported analogues and complexation risk is elevated. Complexed/WAD cyanide is elevated.
2025-11-13,High Cu,Low Free CN,High dose / high complexation risk,13495.230000000001,4539.041666666667,142.0,12.582916666666666,12.440916666666666,6.475991887503955,87.39500000000001,81.22552699407214,186 to 422,20,2.66 to 5.26,35.2 to 58.7,518.953125,79.3776324877339,High-Cu regime: maintaining free CN is likely to be difficult. Current dosing is already high relative to supported analogues and complexation risk is elevated. Complexed/WAD cyanide is elevated.
2026-02-07,High Cu,Normal Free CN,High dose / high complexation risk,10072.9776,4189.0,319.2857142857143,12.705714285714286,12.386428571428572,8.249794976214382,45.4,61.00913389502745,186 to 422,20,3.15 to 5.34,43.8 to 63.9,361.875,78.38731201673957,High-Cu regime: maintaining free CN is likely to be difficult. Current dosing is already high relative to supported analogues and complexation risk is elevated. Complexed/WAD cyanide is elevated. Recovery is currently in the lower historical range.
2026-01-04,High Cu,Normal Free CN,High dose / high complexation risk,15477.870799999999,4333.28125,186.59375,12.3696875,12.18309375,6.086625299908823,37.458,56.61331154493624,186 to 422,20,3.15 to 4.78,48.5 to 63.9,385.484375,78.27668986363423,High-Cu regime: maintaining free CN is likely to be difficult. Current dosing is already high relative to supported analogues and complexation risk is elevated. Complexed/WAD cyanide is elevated. Recovery is currently in the lower historical range.
2026-01-02,High Cu,Normal Free CN,High dose / high complexation risk,14598.3908,4148.25,264.90625,12.325,12.06009375,6.4531085165907465,40.86,63.2381037262785,186 to 422,20,3.15 to 4.60,48.5 to 63.0,351.96875,77.85646338743865,High-Cu regime: maintaining free CN is likely to be difficult. Current dosing is already high relative to supported analogues and complexation risk is elevated. Complexed/WAD cyanide is elevated. Recovery is currently in the lower historical range.
2025-12-27,High Cu,Normal Free CN,High dose / high complexation risk,8542.422,4149.25,220.40625,12.265625,12.04521875,8.370576869183001,71.505,70.97104607223923,186 to 422,20,3.33 to 5.26,47.7 to 65.5,397.484375,78.41523179108906,High-Cu regime: maintaining free CN is likely to be difficult. Current dosing is already high relative to supported analogues and complexation risk is elevated. Complexed/WAD cyanide is elevated.
2026-01-21,High Cu,Normal Free CN,High dose / high complexation risk,16879.1756,4229.1875,269.0625,12.281875000000001,12.0128125,4.303527714943614,40.86,77.67584581711793,186 to 422,20,2.58 to 3.88,21.6 to 57.6,308.71875,78.15597962947307,High-Cu regime: maintaining free CN is likely to be difficult. Current dosing is already high relative to supported analogues and complexation risk is elevated. Complexed/WAD cyanide is elevated.
2025-11-20,High Cu,Low Free CN,High dose / high complexation risk,12460.140000000001,4772.90625,45.03125,12.0434375,11.99840625,5.522409860563364,68.81,76.85556465062132,186 to 422,20,2.77 to 4.78,37.5 to 62.5,412.359375,79.03062304370931,High-Cu regime: maintaining free CN is likely to be difficult. Current dosing is already high relative to supported analogues and complexation risk is elevated. Complexed/WAD cyanide is elevated.
2026-02-04,High Cu,Normal Free CN,High dose / high complexation risk,15933.246,4293.25,187.28125,12.095624999999998,11.908343749999998,4.221675859394878,30.945,72.31301843132631,186 to 422,20,3.13 to 4.03,30.0 to 57.6,296.53125,77.85646338743865,High-Cu regime: maintaining free CN is likely to be difficult. Current dosing is already high relative to supported analogues and complexation risk is elevated. Complexed/WAD cyanide is elevated.
2026-02-01,High Cu,Low Free CN,High dose / high complexation risk,15933.246,4229.6875,183.09375,12.0025,11.81940625,5.300865875038897,44.05,70.33207465672004,186 to 422,20,3.13 to 4.03,30.0 to 57.6,296.53125,77.85646338743865,High-Cu regime: maintaining free CN is likely to be difficult. Current dosing is already high relative to supported analogues and complexation risk is elevated. Complexed/WAD cyanide is elevated. Recovery is currently in the lower historical range.
2025-12-20,High Cu,High Free CN,High dose / high complexation risk,15159.186,4036.9375,487.3125,12.26375,11.7764375,5.679724491803188,86.1,68.68740498040502,186 to 422,20,3.28 to 4.78,49.1 to 65.5,395.453125,78.41523179108906,High-Cu regime: maintaining free CN is likely to be difficult. Current dosing is already high relative to supported analogues and complexation risk is elevated. Complexed/WAD cyanide is elevated. Recovery is currently in the lower historical range.
2026-01-22,High Cu,Low Free CN,High dose / high complexation risk,15626.4052,4158.34375,174.375,11.9134375,11.739062500000001,5.473747730540099,45.4,73.64805683021743,186 to 422,20,2.73 to 4.03,28.5 to 53.9,296.53125,77.81901697053975,High-Cu regime: maintaining free CN is likely to be difficult. Current dosing is already high relative to supported analogues and complexation risk is elevated. Complexed/WAD cyanide is elevated.
2026-01-25,High Cu,Normal Free CN,High dose / high complexation risk,7434.5376,4131.083333333333,221.16666666666669,11.877500000000001,11.656333333333334,5.495970590020286,4.54,60.10416371222947,186 to 422,20,3.15 to 5.26,31.3 to 62.5,323.16145833333337,78.01280847605125,High-Cu regime: maintaining free CN is likely to be difficult. Current dosing is already high relative to supported analogues and complexation risk is elevated. Complexed/WAD cyanide is elevated. Recovery is currently in the lower historical range.
2026-03-03,High Cu,High Free CN,High dose / high complexation risk,10524.0355,3731.625,997.3125,12.6521875,11.654875,4.706844631985516,29.105,64.41124203688157,186 to 422,20,2.58 to 3.92,23.6 to 54.6,385.484375,76.12281417382414,High-Cu regime: maintaining free CN is likely to be difficult. Current dosing is already high relative to supported analogues and complexation risk is elevated. Complexed/WAD cyanide is elevated. Recovery is currently in the lower historical range.
2025-11-12,High Cu,Low Free CN,High dose / high complexation risk,15970.657500000001,4164.375,146.6875,11.7815625,11.634875,4.832612558374631,77.18,72.65012153547178,186 to 422,20,2.41 to 4.74,35.2 to 58.7,555.7901785714286,78.77186234251916,High-Cu regime: maintaining free CN is likely to be difficult. Current dosing is already high relative to supported analogues and complexation risk is elevated. Complexed/WAD cyanide is elevated.
2026-01-13,High Cu,Low Free CN,High dose / high complexation risk,17446.928799999998,4272.625,139.375,11.693124999999998,11.553749999999999,4.585334239456517,40.0,69.15576915634234,186 to 422,20,3.08 to 4.55,38.0 to 63.0,296.53125,77.18486777647709,High-Cu regime: maintaining free CN is likely to be difficult. Current dosing is already high relative to supported analogues and complexation risk is elevated. Complexed/WAD cyanide is elevated. Recovery is currently in the lower historical range.
2025-11-09,High Cu,Normal Free CN,High dose / high complexation risk,14258.853000000001,3855.90625,362.625,11.718124999999999,11.3555,6.208774296221442,88.53,77.75073865091575,186 to 422,20,2.56 to 4.39,37.5 to 55.3,600.5558035714286,79.93164754377165,High-Cu regime: maintaining free CN is likely to be difficult. Current dosing is already high relative to supported analogues and complexation risk is elevated. Complexed/WAD cyanide is elevated.
2026-01-26,High Cu,High Free CN,High dose / high complexation risk,13007.509199999999,3684.416666666667,458.5416666666667,11.634166666666667,11.175625,4.8864082294863955,27.24,68.00155969662839,186 to 422,20,3.08 to 4.60,32.5 to 60.9,361.875,78.15597962947307,High-Cu regime: maintaining free CN is likely to be difficult. Current dosing is already high relative to supported analogues and complexation risk is elevated. Complexed/WAD cyanide is elevated. Recovery is currently in the lower historical range.
2026-03-07,High Cu,Normal Free CN,High dose / high complexation risk,11716.7919,3813.1875,228.34375,11.2846875,11.05634375,6.568777584929199,32.7,62.202195600656,186 to 422,20,3.13 to 4.37,30.7 to 62.5,288.5174107142857,76.56468549146518,High-Cu regime: maintaining free CN is likely to be difficult. Current dosing is already high relative to supported analogues and complexation risk is elevated. Complexed/WAD cyanide is elevated. Recovery is currently in the lower historical range.
2026-03-01,High Cu,Normal Free CN,High dose / high complexation risk,14016.830300000001,3613.125,409.5,11.185,10.775500000000001,5.095445865532095,40.777,67.584257724365,186 to 422,20,3.15 to 4.35,30.0 to 57.0,279.50625,77.61002140517411,High-Cu regime: maintaining free CN is likely to be difficult. Current dosing is already high relative to supported analogues and complexation risk is elevated. Complexed/WAD cyanide is elevated. Recovery is currently in the lower historical range.
2025-11-01,High Cu,High Free CN,High dose / high complexation risk,11872.417,3494.46875,502.96875,11.0928125,10.58984375,4.588787607443371,54.48,81.17377473712418,186 to 422,20,2.77 to 4.48,40.1 to 58.7,497.734375,79.3776324877339,High-Cu regime: maintaining free CN is likely to be difficult. Current dosing is already high relative to supported analogues and complexation risk is elevated. Complexed/WAD cyanide is elevated.
2025-10-20,High Cu,High Free CN,High dose / high complexation risk,13800.823,3415.34375,624.46875,11.119375000000002,10.494906250000001,5.921385992704928,81.72,83.33730643208467,186 to 422,20,2.21 to 3.60,33.1 to 49.2,569.578125,78.95223101006852,High-Cu regime: maintaining free CN is likely to be difficult. Current dosing is already high relative to supported analogues and complexation risk is elevated. Complexed/WAD cyanide is elevated.
2025-11-03,High Cu,High Free CN,High dose / high complexation risk,14570.826,3406.6875,478.9375,10.7884375,10.3095,4.941380811218252,72.0,68.52506799518962,186 to 422,18,2.62 to 4.52,37.5 to 57.0,600.5558035714286,79.3776324877339,High-Cu regime: maintaining free CN is likely to be difficult. Current dosing is already high relative to supported analogues and complexation risk is elevated. Complexed/WAD cyanide is elevated. Recovery is currently in the lower historical range.
2025-12-19,High Cu,Low Free CN,High dose / high complexation risk,5047.5285,4290.0,17.375,10.1575,10.140125000000001,11.37190211011191,57.4,65.05409063698778,186 to 422,20,3.52 to 5.51,47.7 to 65.5,397.484375,79.10977739859443,High-Cu regime: maintaining free CN is likely to be difficult. Current dosing is already high relative to supported analogues and complexation risk is elevated. Complexed/WAD cyanide is elevated. Recovery is currently in the lower historical range.
2026-03-06,High Cu,Normal Free CN,High dose / high complexation risk,11911.0519,3609.5,186.10714285714283,10.246785714285716,10.060678571428573,5.2342144525455385,19.215,65.21657036444014,186 to 422,20,3.13 to 4.37,30.7 to 59.0,288.5174107142857,77.18486777647709,High-Cu regime: maintaining free CN is likely to be difficult. Current dosing is already high relative to supported analogues and complexation risk is elevated. Complexed/WAD cyanide is elevated. Recovery is currently in the lower historical range.
2025-10-19,High Cu,High Free CN,High dose / high complexation risk,11716.086,3276.3125,493.5625,10.4125,9.9189375,5.812521348853194,68.10000000000001,85.78437260928352,186 to 422,20,2.32 to 3.60,33.1 to 49.2,576.9375,78.57558851920808,High-Cu regime: maintaining free CN is likely to be difficult. Current dosing is already high relative to supported analogues and complexation risk is elevated. Complexed/WAD cyanide is elevated.
