cu_regime,nacn_band,n_days,mean_solution_cu_ppm,mean_specific_nacn_kgpt,mean_nacn_tpd,mean_free_cn_ppm,mean_wad_gpl,mean_complexed_cn_gpl,mean_recovery_pct,mean_ph,mean_do
Low Cu,Low NaCN,94,696.44,0.81,8.89,574.36,3.29,2.71,79.1,11.53,2.62
Low Cu,Medium NaCN,42,730.5,1.77,17.32,543.03,3.28,2.74,80.24,11.67,2.81
Low Cu,High NaCN,4,769.03,28.09,15.62,660.89,3.55,2.89,90.07,11.67,2.27
Medium Cu,Low NaCN,39,1322.32,0.88,10.7,580.73,5.14,4.56,76.57,11.58,2.28
Medium Cu,Medium NaCN,68,1504.48,2.01,23.87,481.52,5.44,4.96,75.96,11.83,2.95
Medium Cu,High NaCN,33,1981.68,3.84,33.1,405.91,6.63,6.22,72.48,11.45,2.05
High Cu,Low NaCN,6,3845.34,0.91,10.26,451.7,11.82,11.37,72.39,11.53,3.13
High Cu,Medium NaCN,30,3493.47,2.22,25.51,498.57,11.18,10.68,71.07,11.54,2.53
High Cu,High NaCN,104,3995.98,4.7,45.14,291.42,11.68,11.39,70.42,11.4,1.79
