date,cu_regime,throughput_tpd,cu_solution_ppm_avg,specific_nacn_kgpt,nacn_consumption_tpd,free_cn_ppm_avg,wad_gpl_avg,complexed_cn_gpl_avg,recovery_au_pct,flag_high_nacn_low_free,flag_high_nacn_low_recovery,flag_high_nacn_high_complexed
2025-07-02,Medium Cu,1124.04,1137.0,8.07800434148251,9.08,239.0,3.84,3.601,75.44687125790723,True,False,False
2025-07-05,Medium Cu,5381.826,1225.85,4.6378311004480635,24.96,313.8,4.509,4.195200000000001,41.34307591955865,False,True,False
2025-08-28,Medium Cu,3822.5798,1434.0,3.754009268818927,14.35,226.5,4.68125,4.454750000000001,88.12750411485679,True,False,False
2025-09-08,Medium Cu,14688.8208,2283.6875,4.183453582604806,61.45,367.5,7.5159375,7.1484375,68.00015579263196,False,True,False
2025-09-12,High Cu,13371.8458,2751.03125,4.328871336521097,57.885000000000005,273.6875,8.413124999999999,8.1394375,76.30383242320647,True,False,False
2025-09-13,High Cu,10892.1016,2865.15625,4.480769808463777,48.805,270.375,8.70875,8.438375,63.47583939851778,True,True,False
2025-09-14,High Cu,8660.427599999999,3010.28125,7.077017767575358,61.290000000000006,354.9375,9.2425,8.8875625,68.13894795634108,False,True,False
2025-09-23,Medium Cu,13742.791799999999,2429.0625,3.9642600130200623,54.48,558.21875,8.3465625,7.788343749999999,60.739842887712605,False,True,False
2025-10-19,High Cu,11716.086,3276.3125,5.812521348853194,68.10000000000001,493.5625,10.4125,9.9189375,85.78437260928352,False,False,True
2025-10-20,High Cu,13800.823,3415.34375,5.921385992704928,81.72,624.46875,11.119375000000002,10.494906250000001,83.33730643208467,False,False,True
2025-11-01,High Cu,11872.417,3494.46875,4.588787607443371,54.48,502.96875,11.0928125,10.58984375,81.17377473712418,False,False,True
2025-11-02,High Cu,14511.595,3240.09375,3.441386008912184,49.94,694.5625,10.8390625,10.1445,78.20360859228391,False,False,True
2025-11-03,High Cu,14570.826,3406.6875,4.941380811218252,72.0,478.9375,10.7884375,10.3095,68.52506799518962,False,True,True
2025-11-08,High Cu,12606.615,3430.321428571429,3.871380223795206,48.805,167.7857142857143,9.939642857142857,9.771857142857144,81.30632443679863,True,False,False
2025-11-09,High Cu,14258.853000000001,3855.90625,6.208774296221442,88.53,362.625,11.718124999999999,11.3555,77.75073865091575,False,False,True
2025-11-12,High Cu,15970.657500000001,4164.375,4.832612558374631,77.18,146.6875,11.7815625,11.634875,72.65012153547178,True,False,True
2025-11-13,High Cu,13495.230000000001,4539.041666666667,6.475991887503955,87.39500000000001,142.0,12.582916666666666,12.440916666666666,81.22552699407214,True,False,True
2025-11-14,High Cu,15349.603500000001,4527.21875,4.510539962807508,69.235,246.75,13.1271875,12.8804375,80.32728460236167,True,False,True
2025-11-15,High Cu,15798.7935,4314.90625,3.8180130653647697,60.32,405.09375,13.15875,12.753656249999999,81.82935333921192,False,False,True
2025-11-17,High Cu,15021.4995,4178.15625,3.5282762549770745,53.0,214.96875,12.086875,11.871906249999999,84.68905625818451,True,False,True
2025-11-18,High Cu,13433.710500000001,4274.78125,4.650986039932899,62.480000000000004,236.78125,12.46625,12.22946875,79.79470189869429,True,False,True
2025-11-19,High Cu,14517.6255,4500.625,3.566698975669265,51.78,166.78125,12.477187500000001,12.310406250000002,82.70530258356673,True,False,True
2025-11-20,High Cu,12460.140000000001,4772.90625,5.522409860563364,68.81,45.03125,12.0434375,11.99840625,76.85556465062132,True,False,True
2025-11-21,High Cu,16024.365,4911.6875,6.091661042418843,97.61500000000001,130.375,13.31375,13.183375,74.82696835970319,True,False,True
2025-11-22,High Cu,7050.33,5090.25,8.640021105395066,60.915,101.33333333333334,13.710833333333333,13.6095,69.02724493947271,True,True,True
2025-11-23,High Cu,15021.4995,5168.375,4.611057637754473,69.265,193.96875,14.539955357142858,14.345986607142859,63.648346751077554,True,True,True
2025-11-25,High Cu,14910.1785,5182.75,5.521396004749372,82.32499999999999,318.6875,15.462499999999999,15.1438125,72.07836457203084,False,False,True
2025-11-27,High Cu,14773.4685,5724.5625,6.914422296971087,102.15,114.8125,15.2540625,15.13925,77.93121643432994,True,False,True
2025-11-28,High Cu,12375.184500000001,6099.4375,5.7780956720281615,71.505,168.3125,16.866875,16.6985625,80.5879314132482,True,False,True
2025-11-29,High Cu,3711.6765,6570.0,8.256376869050953,30.645,32.0,16.299999999999997,16.267999999999997,68.13461035509305,True,True,True
2025-12-02,High Cu,8414.5005,6453.35,4.278328820587746,36.0,7.226999999999999,14.405,14.397772999999999,67.19122044103638,True,True,True
2025-12-03,High Cu,8805.1005,5559.0,6.675676217437836,58.78,31.916666666666668,13.767083333333332,13.735166666666665,58.45295978440057,True,True,True
2025-12-04,High Cu,13133.925000000001,4981.5625,4.925793317686829,64.695,285.46875,14.501562499999999,14.216093749999999,68.48722787978775,True,True,True
2025-12-09,High Cu,15041.0295,3918.46875,3.471171969977188,52.21,249.3125,11.247499999999999,10.998187499999998,58.07380337371361,True,True,True
2025-12-11,High Cu,16057.566,3880.0625,3.675525917190687,59.019999999999996,147.6875,10.666562500000001,10.518875000000001,,True,False,True
2025-12-12,High Cu,18003.7305,4023.34375,3.5934219299716794,64.695,187.8125,11.072499999999998,10.884687499999998,71.18579162776389,True,False,True
2025-12-13,High Cu,16905.168,4279.9375,4.271770620676469,72.215,138.1875,11.660625000000001,11.5224375,70.00128287651034,True,True,True
2025-12-16,High Cu,15238.282500000001,3822.21875,3.720891773728437,56.7,285.325,10.8821875,10.5968625,76.20646749929976,True,False,True
2025-12-17,High Cu,17088.75,3434.53125,3.452563821227416,59.0,353.4375,10.27125,9.9178125,65.14039404763719,False,True,True
2025-12-18,High Cu,17494.974000000002,3708.65625,4.115467676602434,72.0,157.4375,9.805,9.6475625,69.90998361286894,True,True,False
2025-12-19,High Cu,5047.5285,4290.0,11.37190211011191,57.4,17.375,10.1575,10.140125000000001,65.05409063698778,True,True,True
2025-12-20,High Cu,15159.186,4036.9375,5.679724491803188,86.1,487.3125,12.26375,11.7764375,68.68740498040502,False,True,True
2025-12-21,High Cu,17937.3285,4164.375,4.248124239905625,76.2,522.5,12.9253125,12.4028125,70.15258141354684,False,True,True
2025-12-24,High Cu,8334.4275,4187.8125,3.695514778909529,30.8,537.4375,12.948125,12.4106875,73.95165287145336,False,False,True
2025-12-26,High Cu,8699.638500000001,4161.5,3.9139557350572667,34.05,171.5625,12.0015625,11.83,62.302264794506,True,True,True
2025-12-27,High Cu,8542.422,4149.25,8.370576869183001,71.505,220.40625,12.265625,12.04521875,70.97104607223923,True,False,True
2026-01-02,High Cu,14598.3908,4148.25,6.4531085165907465,40.86,264.90625,12.325,12.06009375,63.2381037262785,True,True,True
2026-01-04,High Cu,15477.870799999999,4333.28125,6.086625299908823,37.458,186.59375,12.3696875,12.18309375,56.61331154493624,True,True,True
2026-01-08,High Cu,16155.070399999999,4313.0625,4.396452521803929,40.025,229.4375,12.6096875,12.38025,72.7255062506527,True,False,True
2026-01-09,High Cu,15200.346,3902.09375,4.088064837471463,25.82,183.46875,11.4209375,11.237468750000001,82.07766882665467,True,False,True
2026-01-10,High Cu,9314.670399999999,3659.1,3.783279331064682,8.0,146.05,10.3915,10.24545,81.88442302695876,True,False,True
2026-01-11,High Cu,9674.279999999999,3556.75,4.13467462178064,24.0,144.14285714285714,10.15357142857143,10.009428571428574,69.75253009964445,True,True,True
2026-01-12,High Cu,15077.218799999999,3818.178571428571,4.045839011104621,25.0,63.642857142857146,9.944642857142858,9.881,59.47512220809573,True,True,True
2026-01-13,High Cu,17446.928799999998,4272.625,4.585334239456517,40.0,139.375,11.693124999999998,11.553749999999999,69.15576915634234,True,True,True
2026-01-14,High Cu,13162.884,4704.6875,6.487939877005678,42.7,100.40625,12.703750000000001,12.60334375,79.75875970508814,True,False,True
2026-01-15,High Cu,15558.001199999999,4434.4375,3.8565365324692227,30.0,477.9375,13.63,13.152062500000001,78.56424649065856,False,False,True
2026-01-16,High Cu,16604.5824,4317.625,3.938671772919746,32.7,326.90625,12.8371875,12.51028125,78.60727533816187,False,False,True
2026-01-17,High Cu,17263.2152,4460.0625,3.4755982188068884,30.0,211.625,12.8640625,12.6524375,81.71972715775955,True,False,True
2026-01-21,High Cu,16879.1756,4229.1875,4.303527714943614,40.86,269.0625,12.281875000000001,12.0128125,77.67584581711793,True,False,True
2026-01-22,High Cu,15626.4052,4158.34375,5.473747730540099,45.4,174.375,11.9134375,11.739062500000001,73.64805683021743,True,False,True
2026-01-25,High Cu,7434.5376,4131.083333333333,5.495970590020286,4.54,221.16666666666669,11.877500000000001,11.656333333333334,60.10416371222947,True,True,True
2026-01-26,High Cu,13007.509199999999,3684.416666666667,4.8864082294863955,27.24,458.5416666666667,11.634166666666667,11.175625,68.00155969662839,False,True,True
2026-01-31,High Cu,16400.3476,3813.3125,3.923392452974594,26.16,141.21875,10.752500000000001,10.611281250000001,58.67613790737269,True,True,True
2026-02-01,High Cu,15933.246,4229.6875,5.300865875038897,44.05,183.09375,12.0025,11.81940625,70.33207465672004,True,True,True
2026-02-02,High Cu,12071.3516,4320.333333333334,4.142038245327889,20.0,211.25,17.28625,17.075,63.758650224399915,True,True,True
2026-02-04,High Cu,15933.246,4293.25,4.221675859394878,30.945,187.28125,12.095624999999998,11.908343749999998,72.31301843132631,True,False,True
2026-02-05,High Cu,13702.2984,4634.285714285714,6.626625501018136,45.4,150.89285714285714,12.814999999999998,12.66410714285714,65.46646772435525,True,True,True
2026-02-06,High Cu,13650.5068,4648.59375,6.256177975751054,45.4,429.75,14.1321875,13.7024375,60.797324222589346,False,True,True
2026-02-07,High Cu,10072.9776,4189.0,8.249794976214382,45.4,319.2857142857143,12.705714285714286,12.386428571428572,61.00913389502745,False,True,True
2026-02-13,High Cu,12006.239300000001,2902.53125,4.447687461968211,26.16,222.25,8.5059375,8.2836875,62.51635205360429,True,True,False
2026-02-20,Medium Cu,11666.284300000001,2572.875,4.192851703433972,25.08,260.375,7.855625000000001,7.595250000000001,68.3338002783521,True,True,False
2026-02-21,Medium Cu,10965.0057,2550.0714285714284,4.9685336688881065,27.24,204.85714285714283,7.549999999999999,7.345142857142856,65.87657782773336,True,True,False
2026-02-22,Medium Cu,9873.264500000001,2601.53125,4.943147223494316,18.16,176.0,7.5971875,7.4211875,65.4680249905402,True,True,False
2026-02-23,High Cu,3999.8134,2836.375,5.107738275990575,10.215,136.625,7.967499999999999,7.830874999999999,60.997410513658714,True,True,False
2026-02-24,High Cu,10939.751900000001,3094.1071428571427,4.797640794760619,34.08,279.2857142857143,9.076642857142858,8.797357142857143,56.899297242813475,True,True,False
2026-02-25,High Cu,12589.0193,3093.125,3.6710564102479375,27.0,224.40625,8.8634375,8.63903125,59.369914995959846,True,True,False
2026-02-26,High Cu,12516.1718,3149.25,4.70271588953421,28.215,264.15625,9.241071428571429,8.97691517857143,62.243613869229875,True,True,False
2026-02-27,High Cu,9547.879,3090.6785714285716,4.279484480270434,30.645,305.92857142857144,9.64857142857143,9.342642857142858,60.86167290649848,False,True,False
2026-02-28,High Cu,13937.183700000001,3155.1875,4.397588588862468,20.43,220.90625,9.150937500000001,8.93003125,66.66372911023275,True,True,False
2026-03-01,High Cu,14016.830300000001,3613.125,5.095445865532095,40.777,409.5,11.185,10.775500000000001,67.584257724365,False,True,True
2026-03-02,High Cu,12380.1898,4052.1785714285716,4.092829013009155,18.89,215.89285714285714,11.756428571428572,11.540535714285715,64.48412068326856,True,True,True
2026-03-03,High Cu,10524.0355,3731.625,4.706844631985516,29.105,997.3125,12.6521875,11.654875,64.41124203688157,False,True,True
2026-03-06,High Cu,11911.0519,3609.5,5.2342144525455385,19.215,186.10714285714283,10.246785714285716,10.060678571428573,65.21657036444014,True,True,True
2026-03-07,High Cu,11716.7919,3813.1875,6.568777584929199,32.7,228.34375,11.2846875,11.05634375,62.202195600656,True,True,True
2026-03-08,High Cu,13407.825200000001,3677.0625,3.555759363569268,27.675,406.09375,11.37321875,10.967125,56.66469203158921,False,True,True
2026-03-10,High Cu,14550.074,3181.78125,3.900323805913289,22.7,261.75,9.624375,9.362625000000001,61.168134275013585,True,True,False
2026-03-11,High Cu,8884.4811,2914.1785714285716,5.115661735157498,22.7,596.6428571428571,9.531071428571428,8.93442857142857,68.69662012534243,False,True,False
2026-03-13,High Cu,9967.4806,3162.5,4.55481197525481,27.24,358.53125,9.80125,9.44271875,62.71257567379189,False,True,False
