timestamp,date,shift,tph,power_kw,specific_energy_kwh_t,util,mill_fill_pct,mill_speed_pct,f80_mm,pattern,notes
2025-10-07T13:00:00,2025-10-07,D,3243.5,26500.0,8.17,86.7,29.6,73.1,145.0,A-185-08-03,"A-185-08-03 hourly synthetic SAG Mill dataset; Bozshakol avg 3000-3300tph, ~25MW operating draw"
2025-10-07T14:00:00,2025-10-07,D,3409.1,26485.9,7.769,61.9,27.5,74.0,137.1,A-185-08-03,"A-185-08-03 hourly synthetic SAG Mill dataset; Bozshakol avg 3000-3300tph, ~25MW operating draw"
2025-10-07T15:00:00,2025-10-07,D,3133.6,26500.0,8.457,84.6,30.0,72.5,145.0,A-185-08-03,"A-185-08-03 hourly synthetic SAG Mill dataset; Bozshakol avg 3000-3300tph, ~25MW operating draw"
2025-10-07T16:00:00,2025-10-07,D,3641.4,26107.1,7.17,86.8,24.9,75.3,123.2,A-185-08-03,"A-185-08-03 hourly synthetic SAG Mill dataset; Bozshakol avg 3000-3300tph, ~25MW operating draw"
2025-10-07T17:00:00,2025-10-07,D,3590.0,26187.6,7.295,26.4,25.5,75.0,126.1,A-185-08-03,"A-185-08-03 hourly synthetic SAG Mill dataset; Bozshakol avg 3000-3300tph, ~25MW operating draw"
2025-10-07T18:00:00,2025-10-07,N,2982.5,26500.0,8.885,85.2,30.0,71.5,145.0,A-185-08-03,"A-185-08-03 hourly synthetic SAG Mill dataset; Bozshakol avg 3000-3300tph, ~25MW operating draw"
2025-10-07T19:00:00,2025-10-07,N,3603.4,26166.4,7.262,96.0,25.3,75.1,125.3,A-185-08-03,"A-185-08-03 hourly synthetic SAG Mill dataset; Bozshakol avg 3000-3300tph, ~25MW operating draw"
2025-10-07T20:00:00,2025-10-07,N,3970.6,25628.4,6.455,88.2,21.6,77.0,106.2,A-185-08-03,"A-185-08-03 hourly synthetic SAG Mill dataset; Bozshakol avg 3000-3300tph, ~25MW operating draw"
2025-10-07T21:00:00,2025-10-07,N,3053.0,26500.0,8.68,83.6,30.0,72.0,145.0,A-185-08-03,"A-185-08-03 hourly synthetic SAG Mill dataset; Bozshakol avg 3000-3300tph, ~25MW operating draw"
2025-10-07T22:00:00,2025-10-07,N,3668.2,26065.6,7.106,96.0,24.6,75.4,121.7,A-185-08-03,"A-185-08-03 hourly synthetic SAG Mill dataset; Bozshakol avg 3000-3300tph, ~25MW operating draw"
2025-10-07T23:00:00,2025-10-07,N,3097.6,26500.0,8.555,91.0,30.0,72.2,145.0,A-185-08-03,"A-185-08-03 hourly synthetic SAG Mill dataset; Bozshakol avg 3000-3300tph, ~25MW operating draw"
2025-10-08T00:00:00,2025-10-08,N,3840.5,25810.3,6.721,96.0,22.9,76.3,112.6,A-185-08-03,"A-185-08-03 hourly synthetic SAG Mill dataset; Bozshakol avg 3000-3300tph, ~25MW operating draw"
2025-10-08T01:00:00,2025-10-08,N,3126.9,26500.0,8.475,90.1,30.0,72.4,145.0,A-185-08-03,"A-185-08-03 hourly synthetic SAG Mill dataset; Bozshakol avg 3000-3300tph, ~25MW operating draw"
2025-10-08T02:00:00,2025-10-08,N,3252.6,26500.0,8.147,38.3,29.5,73.2,145.0,A-185-08-03,"A-185-08-03 hourly synthetic SAG Mill dataset; Bozshakol avg 3000-3300tph, ~25MW operating draw"
2025-10-08T03:00:00,2025-10-08,N,4000.0,25546.8,6.387,71.2,21.1,77.3,103.4,A-185-08-03,"A-185-08-03 hourly synthetic SAG Mill dataset; Bozshakol avg 3000-3300tph, ~25MW operating draw"
2025-10-08T04:00:00,2025-10-08,N,3308.3,26500.0,8.01,79.0,28.8,73.5,143.8,A-185-08-03,"A-185-08-03 hourly synthetic SAG Mill dataset; Bozshakol avg 3000-3300tph, ~25MW operating draw"
2025-10-08T05:00:00,2025-10-08,N,3148.5,26500.0,8.417,69.7,30.0,72.6,145.0,A-185-08-03,"A-185-08-03 hourly synthetic SAG Mill dataset; Bozshakol avg 3000-3300tph, ~25MW operating draw"
2025-10-08T06:00:00,2025-10-08,D,3639.9,26109.3,7.173,84.7,24.9,75.3,123.3,A-185-08-03,"A-185-08-03 hourly synthetic SAG Mill dataset; Bozshakol avg 3000-3300tph, ~25MW operating draw"
2025-10-08T07:00:00,2025-10-08,D,3189.3,26500.0,8.309,88.9,30.0,72.8,145.0,A-185-08-03,"A-185-08-03 hourly synthetic SAG Mill dataset; Bozshakol avg 3000-3300tph, ~25MW operating draw"
2025-10-08T08:00:00,2025-10-08,D,3761.8,25924.8,6.892,76.7,23.7,75.9,116.6,A-185-08-03,"A-185-08-03 hourly synthetic SAG Mill dataset; Bozshakol avg 3000-3300tph, ~25MW operating draw"
2025-10-08T09:00:00,2025-10-08,D,3156.7,26500.0,8.395,72.1,30.0,72.6,145.0,A-185-08-03,"A-185-08-03 hourly synthetic SAG Mill dataset; Bozshakol avg 3000-3300tph, ~25MW operating draw"
2025-10-08T10:00:00,2025-10-08,D,3237.8,26500.0,8.185,96.0,29.7,73.1,145.0,A-185-08-03,"A-185-08-03 hourly synthetic SAG Mill dataset; Bozshakol avg 3000-3300tph, ~25MW operating draw"
2025-10-08T11:00:00,2025-10-08,D,3536.7,26273.0,7.429,80.3,26.1,74.7,129.2,A-185-08-03,"A-185-08-03 hourly synthetic SAG Mill dataset; Bozshakol avg 3000-3300tph, ~25MW operating draw"
2025-10-08T12:00:00,2025-10-08,D,3853.5,25791.7,6.693,82.7,22.7,76.4,111.9,A-185-08-03,"A-185-08-03 hourly synthetic SAG Mill dataset; Bozshakol avg 3000-3300tph, ~25MW operating draw"
2025-10-08T13:00:00,2025-10-08,D,3615.4,26147.5,7.232,82.7,25.2,75.2,124.6,A-185-08-03,"A-185-08-03 hourly synthetic SAG Mill dataset; Bozshakol avg 3000-3300tph, ~25MW operating draw"
2025-10-08T14:00:00,2025-10-08,D,3685.5,26039.2,7.065,83.3,24.4,75.5,120.7,A-185-08-03,"A-185-08-03 hourly synthetic SAG Mill dataset; Bozshakol avg 3000-3300tph, ~25MW operating draw"
2025-10-08T15:00:00,2025-10-08,D,3268.5,26500.0,8.108,88.1,29.3,73.3,145.0,A-185-08-03,"A-185-08-03 hourly synthetic SAG Mill dataset; Bozshakol avg 3000-3300tph, ~25MW operating draw"
2025-10-08T16:00:00,2025-10-08,D,3657.2,26082.6,7.132,95.6,24.7,75.4,122.3,A-185-08-03,"A-185-08-03 hourly synthetic SAG Mill dataset; Bozshakol avg 3000-3300tph, ~25MW operating draw"
2025-10-08T17:00:00,2025-10-08,D,3390.4,26500.0,7.816,79.2,27.8,73.9,138.3,A-185-08-03,"A-185-08-03 hourly synthetic SAG Mill dataset; Bozshakol avg 3000-3300tph, ~25MW operating draw"
2025-10-08T18:00:00,2025-10-08,N,3213.3,26500.0,8.247,84.6,30.0,72.9,145.0,A-185-08-03,"A-185-08-03 hourly synthetic SAG Mill dataset; Bozshakol avg 3000-3300tph, ~25MW operating draw"
2025-10-08T19:00:00,2025-10-08,N,3356.8,26500.0,7.894,73.0,28.2,73.8,140.5,A-185-08-03,"A-185-08-03 hourly synthetic SAG Mill dataset; Bozshakol avg 3000-3300tph, ~25MW operating draw"
2025-10-08T20:00:00,2025-10-08,N,2923.9,26500.0,9.063,88.8,30.0,71.2,145.0,A-185-08-03,"A-185-08-03 hourly synthetic SAG Mill dataset; Bozshakol avg 3000-3300tph, ~25MW operating draw"
2025-10-08T21:00:00,2025-10-08,N,3436.9,26438.5,7.693,96.0,27.2,74.2,135.4,A-185-08-03,"A-185-08-03 hourly synthetic SAG Mill dataset; Bozshakol avg 3000-3300tph, ~25MW operating draw"
2025-10-08T22:00:00,2025-10-08,N,3375.5,26500.0,7.851,96.0,27.9,73.9,139.3,A-185-08-03,"A-185-08-03 hourly synthetic SAG Mill dataset; Bozshakol avg 3000-3300tph, ~25MW operating draw"
2025-10-08T23:00:00,2025-10-08,N,3274.2,26500.0,8.094,79.1,29.2,73.3,145.0,A-185-08-03,"A-185-08-03 hourly synthetic SAG Mill dataset; Bozshakol avg 3000-3300tph, ~25MW operating draw"
2025-10-09T00:00:00,2025-10-09,N,3552.6,26247.4,7.388,43.9,25.9,74.8,128.3,A-185-08-03,"A-185-08-03 hourly synthetic SAG Mill dataset; Bozshakol avg 3000-3300tph, ~25MW operating draw"
2025-10-09T01:00:00,2025-10-09,N,3479.2,26367.6,7.579,82.1,26.7,74.4,132.7,A-185-08-03,"A-185-08-03 hourly synthetic SAG Mill dataset; Bozshakol avg 3000-3300tph, ~25MW operating draw"
2025-10-09T02:00:00,2025-10-09,N,3183.5,26500.0,8.324,76.1,30.0,72.8,145.0,A-185-08-03,"A-185-08-03 hourly synthetic SAG Mill dataset; Bozshakol avg 3000-3300tph, ~25MW operating draw"
2025-10-09T03:00:00,2025-10-09,N,3402.9,26496.7,7.787,83.5,27.6,74.0,137.5,A-185-08-03,"A-185-08-03 hourly synthetic SAG Mill dataset; Bozshakol avg 3000-3300tph, ~25MW operating draw"
2025-10-09T04:00:00,2025-10-09,N,3572.7,26215.1,7.338,68.9,25.7,74.9,127.1,A-185-08-03,"A-185-08-03 hourly synthetic SAG Mill dataset; Bozshakol avg 3000-3300tph, ~25MW operating draw"
2025-10-09T05:00:00,2025-10-09,N,3790.6,25882.5,6.828,83.4,23.4,76.1,115.1,A-185-08-03,"A-185-08-03 hourly synthetic SAG Mill dataset; Bozshakol avg 3000-3300tph, ~25MW operating draw"
2025-10-09T06:00:00,2025-10-09,D,3531.0,26282.4,7.443,67.4,26.1,74.7,129.6,A-185-08-03,"A-185-08-03 hourly synthetic SAG Mill dataset; Bozshakol avg 3000-3300tph, ~25MW operating draw"
2025-10-09T07:00:00,2025-10-09,D,3472.4,26378.8,7.597,76.4,26.8,74.4,133.1,A-185-08-03,"A-185-08-03 hourly synthetic SAG Mill dataset; Bozshakol avg 3000-3300tph, ~25MW operating draw"
2025-10-09T08:00:00,2025-10-09,D,3573.7,26213.6,7.335,74.7,25.6,74.9,127.0,A-185-08-03,"A-185-08-03 hourly synthetic SAG Mill dataset; Bozshakol avg 3000-3300tph, ~25MW operating draw"
2025-10-09T09:00:00,2025-10-09,D,3260.8,26500.0,8.127,75.5,29.4,73.2,145.0,A-185-08-03,"A-185-08-03 hourly synthetic SAG Mill dataset; Bozshakol avg 3000-3300tph, ~25MW operating draw"
2025-10-09T10:00:00,2025-10-09,D,3778.6,25900.0,6.854,96.0,23.5,76.0,115.7,A-185-08-03,"A-185-08-03 hourly synthetic SAG Mill dataset; Bozshakol avg 3000-3300tph, ~25MW operating draw"
2025-10-09T11:00:00,2025-10-09,D,3618.3,26143.0,7.225,76.1,25.2,75.2,124.5,A-185-08-03,"A-185-08-03 hourly synthetic SAG Mill dataset; Bozshakol avg 3000-3300tph, ~25MW operating draw"
2025-10-09T12:00:00,2025-10-09,D,3141.3,26500.0,8.436,70.1,30.0,72.5,145.0,A-185-08-03,"A-185-08-03 hourly synthetic SAG Mill dataset; Bozshakol avg 3000-3300tph, ~25MW operating draw"
2025-10-09T13:00:00,2025-10-09,D,3495.0,26341.3,7.537,88.3,26.5,74.5,131.7,A-185-08-03,"A-185-08-03 hourly synthetic SAG Mill dataset; Bozshakol avg 3000-3300tph, ~25MW operating draw"
2025-10-09T14:00:00,2025-10-09,D,2998.3,26500.0,8.838,91.2,30.0,71.6,145.0,A-185-08-03,"A-185-08-03 hourly synthetic SAG Mill dataset; Bozshakol avg 3000-3300tph, ~25MW operating draw"
2025-10-09T15:00:00,2025-10-09,D,3013.2,26500.0,8.795,96.0,30.0,71.7,145.0,A-185-08-03,"A-185-08-03 hourly synthetic SAG Mill dataset; Bozshakol avg 3000-3300tph, ~25MW operating draw"
2025-10-09T16:00:00,2025-10-09,D,3249.8,26500.0,8.154,83.2,29.5,73.1,145.0,A-185-08-03,"A-185-08-03 hourly synthetic SAG Mill dataset; Bozshakol avg 3000-3300tph, ~25MW operating draw"
2025-10-09T17:00:00,2025-10-09,D,3505.5,26323.9,7.509,93.7,26.4,74.6,131.1,A-185-08-03,"A-185-08-03 hourly synthetic SAG Mill dataset; Bozshakol avg 3000-3300tph, ~25MW operating draw"
2025-10-09T18:00:00,2025-10-09,N,3599.6,26172.4,7.271,82.2,25.4,75.1,125.5,A-185-08-03,"A-185-08-03 hourly synthetic SAG Mill dataset; Bozshakol avg 3000-3300tph, ~25MW operating draw"
2025-10-09T19:00:00,2025-10-09,N,3544.9,26259.8,7.408,66.2,26.0,74.8,128.7,A-185-08-03,"A-185-08-03 hourly synthetic SAG Mill dataset; Bozshakol avg 3000-3300tph, ~25MW operating draw"
2025-10-09T20:00:00,2025-10-09,N,3570.3,26218.9,7.344,82.6,25.7,74.9,127.2,A-185-08-03,"A-185-08-03 hourly synthetic SAG Mill dataset; Bozshakol avg 3000-3300tph, ~25MW operating draw"
2025-10-09T21:00:00,2025-10-09,N,3604.4,26164.9,7.259,93.7,25.3,75.1,125.3,A-185-08-03,"A-185-08-03 hourly synthetic SAG Mill dataset; Bozshakol avg 3000-3300tph, ~25MW operating draw"
2025-10-09T22:00:00,2025-10-09,N,3424.0,26460.5,7.728,80.4,27.4,74.1,136.2,A-185-08-03,"A-185-08-03 hourly synthetic SAG Mill dataset; Bozshakol avg 3000-3300tph, ~25MW operating draw"
2025-10-09T23:00:00,2025-10-09,N,3536.3,26273.8,7.43,83.0,26.1,74.7,129.3,A-185-08-03,"A-185-08-03 hourly synthetic SAG Mill dataset; Bozshakol avg 3000-3300tph, ~25MW operating draw"
2025-10-10T00:00:00,2025-10-10,N,3141.3,26500.0,8.436,88.3,30.0,72.5,145.0,A-185-08-03,"A-185-08-03 hourly synthetic SAG Mill dataset; Bozshakol avg 3000-3300tph, ~25MW operating draw"
2025-10-10T01:00:00,2025-10-10,N,3596.7,26177.0,7.278,81.7,25.4,75.1,125.7,A-185-08-03,"A-185-08-03 hourly synthetic SAG Mill dataset; Bozshakol avg 3000-3300tph, ~25MW operating draw"
2025-10-10T02:00:00,2025-10-10,N,3364.5,26500.0,7.876,69.5,28.1,73.8,140.0,A-185-08-03,"A-185-08-03 hourly synthetic SAG Mill dataset; Bozshakol avg 3000-3300tph, ~25MW operating draw"
2025-10-10T03:00:00,2025-10-10,N,3491.2,26347.7,7.547,96.0,26.6,74.5,132.0,A-185-08-03,"A-185-08-03 hourly synthetic SAG Mill dataset; Bozshakol avg 3000-3300tph, ~25MW operating draw"
2025-10-10T04:00:00,2025-10-10,N,3673.0,26058.3,7.095,92.5,24.6,75.5,121.4,A-185-08-03,"A-185-08-03 hourly synthetic SAG Mill dataset; Bozshakol avg 3000-3300tph, ~25MW operating draw"
2025-10-10T05:00:00,2025-10-10,N,3582.8,26199.0,7.312,91.8,25.5,75.0,126.5,A-185-08-03,"A-185-08-03 hourly synthetic SAG Mill dataset; Bozshakol avg 3000-3300tph, ~25MW operating draw"
2025-10-10T06:00:00,2025-10-10,D,3267.5,26500.0,8.11,95.2,29.3,73.2,145.0,A-185-08-03,"A-185-08-03 hourly synthetic SAG Mill dataset; Bozshakol avg 3000-3300tph, ~25MW operating draw"
2025-10-10T07:00:00,2025-10-10,D,3891.9,25737.4,6.613,80.1,22.4,76.6,110.0,A-185-08-03,"A-185-08-03 hourly synthetic SAG Mill dataset; Bozshakol avg 3000-3300tph, ~25MW operating draw"
2025-10-10T08:00:00,2025-10-10,D,3972.0,25626.4,6.452,32.7,21.6,77.0,106.1,A-185-08-03,"A-185-08-03 hourly synthetic SAG Mill dataset; Bozshakol avg 3000-3300tph, ~25MW operating draw"
2025-10-10T09:00:00,2025-10-10,D,3240.7,26500.0,8.177,88.7,29.6,73.1,145.0,A-185-08-03,"A-185-08-03 hourly synthetic SAG Mill dataset; Bozshakol avg 3000-3300tph, ~25MW operating draw"
2025-10-10T10:00:00,2025-10-10,D,3330.4,26500.0,7.957,90.2,28.5,73.6,142.3,A-185-08-03,"A-185-08-03 hourly synthetic SAG Mill dataset; Bozshakol avg 3000-3300tph, ~25MW operating draw"
2025-10-10T11:00:00,2025-10-10,D,3469.6,26383.6,7.604,95.7,26.8,74.4,133.3,A-185-08-03,"A-185-08-03 hourly synthetic SAG Mill dataset; Bozshakol avg 3000-3300tph, ~25MW operating draw"
2025-10-10T12:00:00,2025-10-10,D,3341.4,26500.0,7.931,35.7,28.4,73.7,141.5,A-185-08-03,"A-185-08-03 hourly synthetic SAG Mill dataset; Bozshakol avg 3000-3300tph, ~25MW operating draw"
2025-10-10T13:00:00,2025-10-10,D,3186.9,26500.0,8.315,91.7,30.0,72.8,145.0,A-185-08-03,"A-185-08-03 hourly synthetic SAG Mill dataset; Bozshakol avg 3000-3300tph, ~25MW operating draw"
2025-10-10T14:00:00,2025-10-10,D,3566.5,26225.1,7.353,96.0,25.7,74.9,127.5,A-185-08-03,"A-185-08-03 hourly synthetic SAG Mill dataset; Bozshakol avg 3000-3300tph, ~25MW operating draw"
2025-10-10T15:00:00,2025-10-10,D,3374.5,26500.0,7.853,75.8,27.9,73.9,139.4,A-185-08-03,"A-185-08-03 hourly synthetic SAG Mill dataset; Bozshakol avg 3000-3300tph, ~25MW operating draw"
2025-10-10T16:00:00,2025-10-10,D,3262.2,26500.0,8.123,85.0,29.3,73.2,145.0,A-185-08-03,"A-185-08-03 hourly synthetic SAG Mill dataset; Bozshakol avg 3000-3300tph, ~25MW operating draw"
2025-10-10T17:00:00,2025-10-10,D,3795.9,25874.8,6.817,76.9,23.3,76.1,114.8,A-185-08-03,"A-185-08-03 hourly synthetic SAG Mill dataset; Bozshakol avg 3000-3300tph, ~25MW operating draw"
2025-10-10T18:00:00,2025-10-10,N,3500.7,26331.8,7.522,96.0,26.5,74.6,131.4,A-185-08-03,"A-185-08-03 hourly synthetic SAG Mill dataset; Bozshakol avg 3000-3300tph, ~25MW operating draw"
2025-10-10T19:00:00,2025-10-10,N,3376.5,26500.0,7.848,78.0,27.9,73.9,139.2,A-185-08-03,"A-185-08-03 hourly synthetic SAG Mill dataset; Bozshakol avg 3000-3300tph, ~25MW operating draw"
2025-10-10T20:00:00,2025-10-10,N,3265.6,26500.0,8.115,75.0,29.3,73.2,145.0,A-185-08-03,"A-185-08-03 hourly synthetic SAG Mill dataset; Bozshakol avg 3000-3300tph, ~25MW operating draw"
2025-10-10T21:00:00,2025-10-10,N,3116.4,26500.0,8.503,60.7,30.0,72.4,145.0,A-185-08-03,"A-185-08-03 hourly synthetic SAG Mill dataset; Bozshakol avg 3000-3300tph, ~25MW operating draw"
2025-10-10T22:00:00,2025-10-10,N,3117.3,26500.0,8.501,93.7,30.0,72.4,145.0,A-185-08-03,"A-185-08-03 hourly synthetic SAG Mill dataset; Bozshakol avg 3000-3300tph, ~25MW operating draw"
2025-10-10T23:00:00,2025-10-10,N,3424.0,26460.5,7.728,90.3,27.4,74.1,136.2,A-185-08-03,"A-185-08-03 hourly synthetic SAG Mill dataset; Bozshakol avg 3000-3300tph, ~25MW operating draw"
2025-10-11T00:00:00,2025-10-11,N,3650.0,26093.7,7.149,85.7,24.8,75.4,122.7,A-185-08-03,"A-185-08-03 hourly synthetic SAG Mill dataset; Bozshakol avg 3000-3300tph, ~25MW operating draw"
2025-10-11T01:00:00,2025-10-11,N,3411.5,26481.8,7.763,96.0,27.5,74.1,137.0,A-185-08-03,"A-185-08-03 hourly synthetic SAG Mill dataset; Bozshakol avg 3000-3300tph, ~25MW operating draw"
2025-10-11T02:00:00,2025-10-11,N,3275.2,26500.0,8.091,85.8,29.2,73.3,145.0,A-185-08-03,"A-185-08-03 hourly synthetic SAG Mill dataset; Bozshakol avg 3000-3300tph, ~25MW operating draw"
2025-10-11T03:00:00,2025-10-11,N,3334.7,26500.0,7.947,49.9,28.4,73.6,142.0,A-185-08-03,"A-185-08-03 hourly synthetic SAG Mill dataset; Bozshakol avg 3000-3300tph, ~25MW operating draw"
2025-10-11T04:00:00,2025-10-11,N,3515.1,26308.2,7.484,75.5,26.3,74.6,130.5,A-185-08-03,"A-185-08-03 hourly synthetic SAG Mill dataset; Bozshakol avg 3000-3300tph, ~25MW operating draw"
2025-10-11T05:00:00,2025-10-11,N,3264.6,26500.0,8.117,84.4,29.3,73.2,145.0,A-185-08-03,"A-185-08-03 hourly synthetic SAG Mill dataset; Bozshakol avg 3000-3300tph, ~25MW operating draw"
2025-10-11T06:00:00,2025-10-11,D,3231.1,26500.0,8.202,91.1,29.7,73.0,145.0,A-185-08-03,"A-185-08-03 hourly synthetic SAG Mill dataset; Bozshakol avg 3000-3300tph, ~25MW operating draw"
2025-10-11T07:00:00,2025-10-11,D,3547.8,26255.2,7.4,96.0,25.9,74.8,128.6,A-185-08-03,"A-185-08-03 hourly synthetic SAG Mill dataset; Bozshakol avg 3000-3300tph, ~25MW operating draw"
2025-10-11T08:00:00,2025-10-11,D,3878.4,25756.3,6.641,96.0,22.5,76.5,110.7,A-185-08-03,"A-185-08-03 hourly synthetic SAG Mill dataset; Bozshakol avg 3000-3300tph, ~25MW operating draw"
2025-10-11T09:00:00,2025-10-11,D,3551.1,26249.7,7.392,87.4,25.9,74.8,128.4,A-185-08-03,"A-185-08-03 hourly synthetic SAG Mill dataset; Bozshakol avg 3000-3300tph, ~25MW operating draw"
2025-10-11T10:00:00,2025-10-11,D,3388.0,26500.0,7.822,84.0,27.8,73.9,138.5,A-185-08-03,"A-185-08-03 hourly synthetic SAG Mill dataset; Bozshakol avg 3000-3300tph, ~25MW operating draw"
2025-10-11T11:00:00,2025-10-11,D,3204.2,26500.0,8.27,96.0,30.0,72.9,145.0,A-185-08-03,"A-185-08-03 hourly synthetic SAG Mill dataset; Bozshakol avg 3000-3300tph, ~25MW operating draw"
2025-10-11T12:00:00,2025-10-11,D,3476.3,26372.4,7.586,85.1,26.7,74.4,132.9,A-185-08-03,"A-185-08-03 hourly synthetic SAG Mill dataset; Bozshakol avg 3000-3300tph, ~25MW operating draw"
2025-10-11T13:00:00,2025-10-11,D,3434.5,26442.5,7.699,85.7,27.2,74.2,135.5,A-185-08-03,"A-185-08-03 hourly synthetic SAG Mill dataset; Bozshakol avg 3000-3300tph, ~25MW operating draw"
2025-10-11T14:00:00,2025-10-11,D,3383.2,26500.0,7.833,90.8,27.8,73.9,138.8,A-185-08-03,"A-185-08-03 hourly synthetic SAG Mill dataset; Bozshakol avg 3000-3300tph, ~25MW operating draw"
2025-10-11T15:00:00,2025-10-11,D,3389.4,26500.0,7.818,75.4,27.8,73.9,138.4,A-185-08-03,"A-185-08-03 hourly synthetic SAG Mill dataset; Bozshakol avg 3000-3300tph, ~25MW operating draw"
2025-10-11T16:00:00,2025-10-11,D,3027.1,26500.0,8.754,96.0,30.0,71.8,145.0,A-185-08-03,"A-185-08-03 hourly synthetic SAG Mill dataset; Bozshakol avg 3000-3300tph, ~25MW operating draw"
2025-10-11T17:00:00,2025-10-11,D,3099.6,26500.0,8.549,79.0,30.0,72.3,145.0,A-185-08-03,"A-185-08-03 hourly synthetic SAG Mill dataset; Bozshakol avg 3000-3300tph, ~25MW operating draw"
2025-10-11T18:00:00,2025-10-11,N,2983.9,26500.0,8.881,84.3,30.0,71.6,145.0,A-185-08-03,"A-185-08-03 hourly synthetic SAG Mill dataset; Bozshakol avg 3000-3300tph, ~25MW operating draw"
2025-10-11T19:00:00,2025-10-11,N,3473.4,26377.2,7.594,79.1,26.8,74.4,133.1,A-185-08-03,"A-185-08-03 hourly synthetic SAG Mill dataset; Bozshakol avg 3000-3300tph, ~25MW operating draw"
2025-10-11T20:00:00,2025-10-11,N,3713.8,25996.4,7.0,95.6,24.1,75.7,119.2,A-185-08-03,"A-185-08-03 hourly synthetic SAG Mill dataset; Bozshakol avg 3000-3300tph, ~25MW operating draw"
2025-10-11T21:00:00,2025-10-11,N,3217.1,26500.0,8.237,84.3,29.9,73.0,145.0,A-185-08-03,"A-185-08-03 hourly synthetic SAG Mill dataset; Bozshakol avg 3000-3300tph, ~25MW operating draw"
2025-10-11T22:00:00,2025-10-11,N,3202.3,26500.0,8.275,78.0,30.0,72.9,145.0,A-185-08-03,"A-185-08-03 hourly synthetic SAG Mill dataset; Bozshakol avg 3000-3300tph, ~25MW operating draw"
2025-10-11T23:00:00,2025-10-11,N,3191.2,26500.0,8.304,89.1,30.0,72.8,145.0,A-185-08-03,"A-185-08-03 hourly synthetic SAG Mill dataset; Bozshakol avg 3000-3300tph, ~25MW operating draw"
2025-10-12T00:00:00,2025-10-12,N,3702.3,26013.7,7.026,86.4,24.3,75.6,119.8,A-185-08-03,"A-185-08-03 hourly synthetic SAG Mill dataset; Bozshakol avg 3000-3300tph, ~25MW operating draw"
2025-10-12T01:00:00,2025-10-12,N,3482.0,26362.8,7.571,96.0,26.7,74.4,132.5,A-185-08-03,"A-185-08-03 hourly synthetic SAG Mill dataset; Bozshakol avg 3000-3300tph, ~25MW operating draw"
2025-10-12T02:00:00,2025-10-12,N,3370.2,26500.0,7.863,96.0,28.0,73.8,139.6,A-185-08-03,"A-185-08-03 hourly synthetic SAG Mill dataset; Bozshakol avg 3000-3300tph, ~25MW operating draw"
2025-10-12T03:00:00,2025-10-12,N,3625.5,26131.8,7.208,73.5,25.1,75.2,124.1,A-185-08-03,"A-185-08-03 hourly synthetic SAG Mill dataset; Bozshakol avg 3000-3300tph, ~25MW operating draw"
2025-10-12T04:00:00,2025-10-12,N,3244.0,26500.0,8.169,83.6,29.6,73.1,145.0,A-185-08-03,"A-185-08-03 hourly synthetic SAG Mill dataset; Bozshakol avg 3000-3300tph, ~25MW operating draw"
2025-10-12T05:00:00,2025-10-12,N,3673.0,26058.3,7.095,84.0,24.6,75.5,121.4,A-185-08-03,"A-185-08-03 hourly synthetic SAG Mill dataset; Bozshakol avg 3000-3300tph, ~25MW operating draw"
2025-10-12T06:00:00,2025-10-12,D,3376.9,26500.0,7.847,91.4,27.9,73.9,139.2,A-185-08-03,"A-185-08-03 hourly synthetic SAG Mill dataset; Bozshakol avg 3000-3300tph, ~25MW operating draw"
2025-10-12T07:00:00,2025-10-12,D,2891.8,26500.0,9.164,59.6,30.0,71.0,145.0,A-185-08-03,"A-185-08-03 hourly synthetic SAG Mill dataset; Bozshakol avg 3000-3300tph, ~25MW operating draw"
2025-10-12T08:00:00,2025-10-12,D,3644.7,26101.9,7.162,78.1,24.9,75.3,123.0,A-185-08-03,"A-185-08-03 hourly synthetic SAG Mill dataset; Bozshakol avg 3000-3300tph, ~25MW operating draw"
2025-10-12T09:00:00,2025-10-12,D,2769.4,26500.0,9.569,77.4,30.0,70.2,145.0,A-185-08-03,"A-185-08-03 hourly synthetic SAG Mill dataset; Bozshakol avg 3000-3300tph, ~25MW operating draw"
2025-10-12T10:00:00,2025-10-12,D,3459.5,26400.4,7.631,96.0,26.9,74.3,133.9,A-185-08-03,"A-185-08-03 hourly synthetic SAG Mill dataset; Bozshakol avg 3000-3300tph, ~25MW operating draw"
2025-10-12T11:00:00,2025-10-12,D,3173.5,26500.0,8.35,88.6,30.0,72.7,145.0,A-185-08-03,"A-185-08-03 hourly synthetic SAG Mill dataset; Bozshakol avg 3000-3300tph, ~25MW operating draw"
2025-10-12T12:00:00,2025-10-12,D,3006.9,26500.0,8.813,91.3,30.0,71.7,145.0,A-185-08-03,"A-185-08-03 hourly synthetic SAG Mill dataset; Bozshakol avg 3000-3300tph, ~25MW operating draw"
2025-10-12T13:00:00,2025-10-12,D,3247.8,26500.0,8.159,82.0,29.5,73.1,145.0,A-185-08-03,"A-185-08-03 hourly synthetic SAG Mill dataset; Bozshakol avg 3000-3300tph, ~25MW operating draw"
2025-10-12T14:00:00,2025-10-12,D,3113.5,26500.0,8.511,81.6,30.0,72.3,145.0,A-185-08-03,"A-185-08-03 hourly synthetic SAG Mill dataset; Bozshakol avg 3000-3300tph, ~25MW operating draw"
2025-10-12T15:00:00,2025-10-12,D,3404.8,26493.4,7.781,81.5,27.6,74.0,137.4,A-185-08-03,"A-185-08-03 hourly synthetic SAG Mill dataset; Bozshakol avg 3000-3300tph, ~25MW operating draw"
2025-10-12T16:00:00,2025-10-12,D,3389.9,26500.0,7.817,77.1,27.8,73.9,138.4,A-185-08-03,"A-185-08-03 hourly synthetic SAG Mill dataset; Bozshakol avg 3000-3300tph, ~25MW operating draw"
2025-10-12T17:00:00,2025-10-12,D,3586.2,26193.7,7.304,86.8,25.5,75.0,126.3,A-185-08-03,"A-185-08-03 hourly synthetic SAG Mill dataset; Bozshakol avg 3000-3300tph, ~25MW operating draw"
2025-10-12T18:00:00,2025-10-12,N,3483.0,26361.2,7.569,82.3,26.7,74.5,132.5,A-185-08-03,"A-185-08-03 hourly synthetic SAG Mill dataset; Bozshakol avg 3000-3300tph, ~25MW operating draw"
2025-10-12T19:00:00,2025-10-12,N,3491.6,26346.9,7.546,65.7,26.6,74.5,132.0,A-185-08-03,"A-185-08-03 hourly synthetic SAG Mill dataset; Bozshakol avg 3000-3300tph, ~25MW operating draw"
2025-10-12T20:00:00,2025-10-12,N,3368.8,26500.0,7.866,80.2,28.0,73.8,139.7,A-185-08-03,"A-185-08-03 hourly synthetic SAG Mill dataset; Bozshakol avg 3000-3300tph, ~25MW operating draw"
2025-10-12T21:00:00,2025-10-12,N,3902.4,25722.6,6.591,77.9,22.3,76.7,109.5,A-185-08-03,"A-185-08-03 hourly synthetic SAG Mill dataset; Bozshakol avg 3000-3300tph, ~25MW operating draw"
2025-10-12T22:00:00,2025-10-12,N,3172.5,26500.0,8.353,88.7,30.0,72.7,145.0,A-185-08-03,"A-185-08-03 hourly synthetic SAG Mill dataset; Bozshakol avg 3000-3300tph, ~25MW operating draw"
2025-10-12T23:00:00,2025-10-12,N,3664.9,26070.8,7.114,86.2,24.7,75.4,121.9,A-185-08-03,"A-185-08-03 hourly synthetic SAG Mill dataset; Bozshakol avg 3000-3300tph, ~25MW operating draw"
2025-10-13T00:00:00,2025-10-13,N,3337.6,26500.0,7.94,56.2,28.4,73.6,141.8,A-185-08-03,"A-185-08-03 hourly synthetic SAG Mill dataset; Bozshakol avg 3000-3300tph, ~25MW operating draw"
2025-10-13T01:00:00,2025-10-13,N,3590.0,26187.6,7.295,88.4,25.5,75.0,126.1,A-185-08-03,"A-185-08-03 hourly synthetic SAG Mill dataset; Bozshakol avg 3000-3300tph, ~25MW operating draw"
2025-10-13T02:00:00,2025-10-13,N,3222.9,26500.0,8.222,63.2,29.9,73.0,145.0,A-185-08-03,"A-185-08-03 hourly synthetic SAG Mill dataset; Bozshakol avg 3000-3300tph, ~25MW operating draw"
2025-10-13T03:00:00,2025-10-13,N,3231.1,26500.0,8.202,87.9,29.7,73.0,145.0,A-185-08-03,"A-185-08-03 hourly synthetic SAG Mill dataset; Bozshakol avg 3000-3300tph, ~25MW operating draw"
2025-10-13T04:00:00,2025-10-13,N,3451.3,26414.2,7.653,75.8,27.0,74.3,134.4,A-185-08-03,"A-185-08-03 hourly synthetic SAG Mill dataset; Bozshakol avg 3000-3300tph, ~25MW operating draw"
2025-10-13T05:00:00,2025-10-13,N,3286.2,26500.0,8.064,83.6,29.0,73.4,145.0,A-185-08-03,"A-185-08-03 hourly synthetic SAG Mill dataset; Bozshakol avg 3000-3300tph, ~25MW operating draw"
2025-10-13T06:00:00,2025-10-13,D,3367.3,26500.0,7.87,86.2,28.0,73.8,139.8,A-185-08-03,"A-185-08-03 hourly synthetic SAG Mill dataset; Bozshakol avg 3000-3300tph, ~25MW operating draw"
2025-10-13T07:00:00,2025-10-13,D,3295.4,26500.0,8.042,83.1,28.9,73.4,144.7,A-185-08-03,"A-185-08-03 hourly synthetic SAG Mill dataset; Bozshakol avg 3000-3300tph, ~25MW operating draw"
2025-10-13T08:00:00,2025-10-13,D,3651.4,26091.5,7.146,87.6,24.8,75.4,122.6,A-185-08-03,"A-185-08-03 hourly synthetic SAG Mill dataset; Bozshakol avg 3000-3300tph, ~25MW operating draw"
2025-10-13T09:00:00,2025-10-13,D,3548.3,26254.4,7.399,84.7,25.9,74.8,128.5,A-185-08-03,"A-185-08-03 hourly synthetic SAG Mill dataset; Bozshakol avg 3000-3300tph, ~25MW operating draw"
2025-10-13T10:00:00,2025-10-13,D,3535.8,26274.6,7.431,65.1,26.1,74.7,129.3,A-185-08-03,"A-185-08-03 hourly synthetic SAG Mill dataset; Bozshakol avg 3000-3300tph, ~25MW operating draw"
2025-10-13T11:00:00,2025-10-13,D,2959.9,26500.0,8.953,74.8,30.0,71.4,145.0,A-185-08-03,"A-185-08-03 hourly synthetic SAG Mill dataset; Bozshakol avg 3000-3300tph, ~25MW operating draw"
2025-10-13T12:00:00,2025-10-13,D,3756.5,25932.6,6.903,94.3,23.7,75.9,116.9,A-185-08-03,"A-185-08-03 hourly synthetic SAG Mill dataset; Bozshakol avg 3000-3300tph, ~25MW operating draw"
2025-10-13T13:00:00,2025-10-13,D,3030.0,26500.0,8.746,95.4,30.0,71.8,145.0,A-185-08-03,"A-185-08-03 hourly synthetic SAG Mill dataset; Bozshakol avg 3000-3300tph, ~25MW operating draw"
2025-10-13T14:00:00,2025-10-13,D,3174.4,26500.0,8.348,76.9,30.0,72.7,145.0,A-185-08-03,"A-185-08-03 hourly synthetic SAG Mill dataset; Bozshakol avg 3000-3300tph, ~25MW operating draw"
2025-10-13T15:00:00,2025-10-13,D,3506.5,26322.4,7.507,96.0,26.4,74.6,131.0,A-185-08-03,"A-185-08-03 hourly synthetic SAG Mill dataset; Bozshakol avg 3000-3300tph, ~25MW operating draw"
2025-10-13T16:00:00,2025-10-13,D,3676.9,26052.4,7.085,79.0,24.5,75.5,121.2,A-185-08-03,"A-185-08-03 hourly synthetic SAG Mill dataset; Bozshakol avg 3000-3300tph, ~25MW operating draw"
2025-10-13T17:00:00,2025-10-13,D,3314.1,26500.0,7.996,96.0,28.7,73.5,143.4,A-185-08-03,"A-185-08-03 hourly synthetic SAG Mill dataset; Bozshakol avg 3000-3300tph, ~25MW operating draw"
2025-10-13T18:00:00,2025-10-13,N,3549.2,26252.8,7.397,89.2,25.9,74.8,128.5,A-185-08-03,"A-185-08-03 hourly synthetic SAG Mill dataset; Bozshakol avg 3000-3300tph, ~25MW operating draw"
2025-10-13T19:00:00,2025-10-13,N,3438.4,26436.0,7.688,86.2,27.2,74.2,135.3,A-185-08-03,"A-185-08-03 hourly synthetic SAG Mill dataset; Bozshakol avg 3000-3300tph, ~25MW operating draw"
2025-10-13T20:00:00,2025-10-13,N,3167.7,26500.0,8.366,78.3,30.0,72.7,145.0,A-185-08-03,"A-185-08-03 hourly synthetic SAG Mill dataset; Bozshakol avg 3000-3300tph, ~25MW operating draw"
2025-10-13T21:00:00,2025-10-13,N,3645.7,26100.4,7.159,78.3,24.9,75.3,122.9,A-185-08-03,"A-185-08-03 hourly synthetic SAG Mill dataset; Bozshakol avg 3000-3300tph, ~25MW operating draw"
2025-10-13T22:00:00,2025-10-13,N,3364.9,26500.0,7.875,74.6,28.1,73.8,140.0,A-185-08-03,"A-185-08-03 hourly synthetic SAG Mill dataset; Bozshakol avg 3000-3300tph, ~25MW operating draw"
2025-10-13T23:00:00,2025-10-13,N,3362.1,26500.0,7.882,83.9,28.1,73.8,140.2,A-185-08-03,"A-185-08-03 hourly synthetic SAG Mill dataset; Bozshakol avg 3000-3300tph, ~25MW operating draw"
2025-10-14T00:00:00,2025-10-14,N,3287.7,26500.0,8.06,83.3,29.0,73.4,145.0,A-185-08-03,"A-185-08-03 hourly synthetic SAG Mill dataset; Bozshakol avg 3000-3300tph, ~25MW operating draw"
2025-10-14T01:00:00,2025-10-14,N,3265.6,26500.0,8.115,82.0,29.3,73.2,145.0,A-185-08-03,"A-185-08-03 hourly synthetic SAG Mill dataset; Bozshakol avg 3000-3300tph, ~25MW operating draw"
2025-10-14T02:00:00,2025-10-14,N,3387.5,26500.0,7.823,72.3,27.8,73.9,138.5,A-185-08-03,"A-185-08-03 hourly synthetic SAG Mill dataset; Bozshakol avg 3000-3300tph, ~25MW operating draw"
2025-10-14T03:00:00,2025-10-14,N,3231.1,26500.0,8.202,77.0,29.7,73.0,145.0,A-185-08-03,"A-185-08-03 hourly synthetic SAG Mill dataset; Bozshakol avg 3000-3300tph, ~25MW operating draw"
2025-10-14T04:00:00,2025-10-14,N,3369.7,26500.0,7.864,67.9,28.0,73.8,139.7,A-185-08-03,"A-185-08-03 hourly synthetic SAG Mill dataset; Bozshakol avg 3000-3300tph, ~25MW operating draw"
2025-10-14T05:00:00,2025-10-14,N,3279.0,26500.0,8.082,82.6,29.1,73.3,145.0,A-185-08-03,"A-185-08-03 hourly synthetic SAG Mill dataset; Bozshakol avg 3000-3300tph, ~25MW operating draw"
2025-10-14T06:00:00,2025-10-14,D,3974.4,25623.2,6.447,81.6,21.6,77.0,106.0,A-185-08-03,"A-185-08-03 hourly synthetic SAG Mill dataset; Bozshakol avg 3000-3300tph, ~25MW operating draw"
2025-10-14T07:00:00,2025-10-14,D,3053.5,26500.0,8.679,66.0,30.0,72.0,145.0,A-185-08-03,"A-185-08-03 hourly synthetic SAG Mill dataset; Bozshakol avg 3000-3300tph, ~25MW operating draw"
2025-10-14T08:00:00,2025-10-14,D,3607.8,26159.6,7.251,83.2,25.3,75.1,125.1,A-185-08-03,"A-185-08-03 hourly synthetic SAG Mill dataset; Bozshakol avg 3000-3300tph, ~25MW operating draw"
2025-10-14T09:00:00,2025-10-14,D,3578.5,26205.9,7.323,87.0,25.6,75.0,126.8,A-185-08-03,"A-185-08-03 hourly synthetic SAG Mill dataset; Bozshakol avg 3000-3300tph, ~25MW operating draw"
2025-10-14T10:00:00,2025-10-14,D,3877.9,25757.0,6.642,61.6,22.5,76.5,110.7,A-185-08-03,"A-185-08-03 hourly synthetic SAG Mill dataset; Bozshakol avg 3000-3300tph, ~25MW operating draw"
2025-10-14T11:00:00,2025-10-14,D,3498.8,26335.0,7.527,84.3,26.5,74.5,131.5,A-185-08-03,"A-185-08-03 hourly synthetic SAG Mill dataset; Bozshakol avg 3000-3300tph, ~25MW operating draw"
2025-10-14T12:00:00,2025-10-14,D,3491.2,26347.7,7.547,96.0,26.6,74.5,132.0,A-185-08-03,"A-185-08-03 hourly synthetic SAG Mill dataset; Bozshakol avg 3000-3300tph, ~25MW operating draw"
2025-10-14T13:00:00,2025-10-14,D,3325.6,26500.0,7.968,92.8,28.5,73.6,142.6,A-185-08-03,"A-185-08-03 hourly synthetic SAG Mill dataset; Bozshakol avg 3000-3300tph, ~25MW operating draw"
2025-10-14T14:00:00,2025-10-14,D,3124.0,26500.0,8.483,83.1,30.0,72.4,145.0,A-185-08-03,"A-185-08-03 hourly synthetic SAG Mill dataset; Bozshakol avg 3000-3300tph, ~25MW operating draw"
2025-10-14T15:00:00,2025-10-14,D,3090.0,26500.0,8.576,77.1,30.0,72.2,145.0,A-185-08-03,"A-185-08-03 hourly synthetic SAG Mill dataset; Bozshakol avg 3000-3300tph, ~25MW operating draw"
2025-10-14T16:00:00,2025-10-14,D,3564.1,26228.9,7.359,73.7,25.8,74.9,127.6,A-185-08-03,"A-185-08-03 hourly synthetic SAG Mill dataset; Bozshakol avg 3000-3300tph, ~25MW operating draw"
2025-10-14T17:00:00,2025-10-14,D,3430.2,26449.9,7.711,89.0,27.3,74.2,135.8,A-185-08-03,"A-185-08-03 hourly synthetic SAG Mill dataset; Bozshakol avg 3000-3300tph, ~25MW operating draw"
2025-10-14T18:00:00,2025-10-14,N,3282.4,26500.0,8.073,96.0,29.1,73.3,145.0,A-185-08-03,"A-185-08-03 hourly synthetic SAG Mill dataset; Bozshakol avg 3000-3300tph, ~25MW operating draw"
2025-10-14T19:00:00,2025-10-14,N,2914.3,26500.0,9.093,72.0,30.0,71.1,145.0,A-185-08-03,"A-185-08-03 hourly synthetic SAG Mill dataset; Bozshakol avg 3000-3300tph, ~25MW operating draw"
2025-10-14T20:00:00,2025-10-14,N,3460.4,26398.8,7.629,80.5,26.9,74.3,133.9,A-185-08-03,"A-185-08-03 hourly synthetic SAG Mill dataset; Bozshakol avg 3000-3300tph, ~25MW operating draw"
2025-10-14T21:00:00,2025-10-14,N,3520.9,26298.8,7.469,86.9,26.2,74.7,130.2,A-185-08-03,"A-185-08-03 hourly synthetic SAG Mill dataset; Bozshakol avg 3000-3300tph, ~25MW operating draw"
2025-10-14T22:00:00,2025-10-14,N,3493.5,26343.7,7.541,83.9,26.5,74.5,131.8,A-185-08-03,"A-185-08-03 hourly synthetic SAG Mill dataset; Bozshakol avg 3000-3300tph, ~25MW operating draw"
2025-10-14T23:00:00,2025-10-14,N,3505.1,26324.7,7.51,88.4,26.4,74.6,131.1,A-185-08-03,"A-185-08-03 hourly synthetic SAG Mill dataset; Bozshakol avg 3000-3300tph, ~25MW operating draw"
2025-10-15T00:00:00,2025-10-15,N,3244.0,26500.0,8.169,66.8,29.6,73.1,145.0,A-185-08-03,"A-185-08-03 hourly synthetic SAG Mill dataset; Bozshakol avg 3000-3300tph, ~25MW operating draw"
2025-10-15T01:00:00,2025-10-15,N,3486.4,26355.6,7.56,92.7,26.6,74.5,132.3,A-185-08-03,"A-185-08-03 hourly synthetic SAG Mill dataset; Bozshakol avg 3000-3300tph, ~25MW operating draw"
2025-10-15T02:00:00,2025-10-15,N,3778.6,25900.0,6.854,66.7,23.5,76.0,115.7,A-185-08-03,"A-185-08-03 hourly synthetic SAG Mill dataset; Bozshakol avg 3000-3300tph, ~25MW operating draw"
2025-10-15T03:00:00,2025-10-15,N,3470.5,26382.0,7.602,96.0,26.8,74.4,133.3,A-185-08-03,"A-185-08-03 hourly synthetic SAG Mill dataset; Bozshakol avg 3000-3300tph, ~25MW operating draw"
2025-10-15T04:00:00,2025-10-15,N,3448.0,26419.8,7.662,81.6,27.1,74.3,134.7,A-185-08-03,"A-185-08-03 hourly synthetic SAG Mill dataset; Bozshakol avg 3000-3300tph, ~25MW operating draw"
2025-10-15T05:00:00,2025-10-15,N,3811.7,25851.8,6.782,85.0,23.1,76.2,114.0,A-185-08-03,"A-185-08-03 hourly synthetic SAG Mill dataset; Bozshakol avg 3000-3300tph, ~25MW operating draw"
2025-10-15T06:00:00,2025-10-15,D,3638.5,26111.6,7.176,73.1,24.9,75.3,123.3,A-185-08-03,"A-185-08-03 hourly synthetic SAG Mill dataset; Bozshakol avg 3000-3300tph, ~25MW operating draw"
2025-10-15T07:00:00,2025-10-15,D,3724.4,25980.5,6.976,82.1,24.0,75.7,118.6,A-185-08-03,"A-185-08-03 hourly synthetic SAG Mill dataset; Bozshakol avg 3000-3300tph, ~25MW operating draw"
2025-10-15T08:00:00,2025-10-15,D,3414.4,26476.9,7.754,82.4,27.5,74.1,136.8,A-185-08-03,"A-185-08-03 hourly synthetic SAG Mill dataset; Bozshakol avg 3000-3300tph, ~25MW operating draw"
2025-10-15T09:00:00,2025-10-15,D,2968.1,26500.0,8.928,86.9,30.0,71.5,145.0,A-185-08-03,"A-185-08-03 hourly synthetic SAG Mill dataset; Bozshakol avg 3000-3300tph, ~25MW operating draw"
2025-10-15T10:00:00,2025-10-15,D,3262.7,26500.0,8.122,73.7,29.3,73.2,145.0,A-185-08-03,"A-185-08-03 hourly synthetic SAG Mill dataset; Bozshakol avg 3000-3300tph, ~25MW operating draw"
2025-10-15T11:00:00,2025-10-15,D,3673.0,26058.3,7.095,73.6,24.6,75.5,121.4,A-185-08-03,"A-185-08-03 hourly synthetic SAG Mill dataset; Bozshakol avg 3000-3300tph, ~25MW operating draw"
2025-10-15T12:00:00,2025-10-15,D,3283.4,26500.0,8.071,88.7,29.1,73.3,145.0,A-185-08-03,"A-185-08-03 hourly synthetic SAG Mill dataset; Bozshakol avg 3000-3300tph, ~25MW operating draw"
2025-10-15T13:00:00,2025-10-15,D,3515.1,26308.2,7.484,86.0,26.3,74.6,130.5,A-185-08-03,"A-185-08-03 hourly synthetic SAG Mill dataset; Bozshakol avg 3000-3300tph, ~25MW operating draw"
2025-10-15T14:00:00,2025-10-15,D,3096.2,26500.0,8.559,80.8,30.0,72.2,145.0,A-185-08-03,"A-185-08-03 hourly synthetic SAG Mill dataset; Bozshakol avg 3000-3300tph, ~25MW operating draw"
2025-10-15T15:00:00,2025-10-15,D,3531.5,26281.6,7.442,74.2,26.1,74.7,129.5,A-185-08-03,"A-185-08-03 hourly synthetic SAG Mill dataset; Bozshakol avg 3000-3300tph, ~25MW operating draw"
2025-10-15T16:00:00,2025-10-15,D,3661.5,26076.0,7.122,76.1,24.7,75.4,122.0,A-185-08-03,"A-185-08-03 hourly synthetic SAG Mill dataset; Bozshakol avg 3000-3300tph, ~25MW operating draw"
2025-10-15T17:00:00,2025-10-15,D,3561.2,26233.5,7.366,43.6,25.8,74.9,127.8,A-185-08-03,"A-185-08-03 hourly synthetic SAG Mill dataset; Bozshakol avg 3000-3300tph, ~25MW operating draw"
2025-10-15T18:00:00,2025-10-15,N,2841.4,26500.0,9.326,91.3,30.0,70.6,145.0,A-185-08-03,"A-185-08-03 hourly synthetic SAG Mill dataset; Bozshakol avg 3000-3300tph, ~25MW operating draw"
2025-10-15T19:00:00,2025-10-15,N,3320.8,26500.0,7.98,78.1,28.6,73.6,142.9,A-185-08-03,"A-185-08-03 hourly synthetic SAG Mill dataset; Bozshakol avg 3000-3300tph, ~25MW operating draw"
2025-10-15T20:00:00,2025-10-15,N,3533.9,26277.7,7.436,81.3,26.1,74.7,129.4,A-185-08-03,"A-185-08-03 hourly synthetic SAG Mill dataset; Bozshakol avg 3000-3300tph, ~25MW operating draw"
2025-10-15T21:00:00,2025-10-15,N,3674.9,26055.4,7.09,70.4,24.6,75.5,121.3,A-185-08-03,"A-185-08-03 hourly synthetic SAG Mill dataset; Bozshakol avg 3000-3300tph, ~25MW operating draw"
2025-10-15T22:00:00,2025-10-15,N,3597.2,26176.2,7.277,85.9,25.4,75.1,125.7,A-185-08-03,"A-185-08-03 hourly synthetic SAG Mill dataset; Bozshakol avg 3000-3300tph, ~25MW operating draw"
2025-10-15T23:00:00,2025-10-15,N,3320.8,26500.0,7.98,92.0,28.6,73.6,142.9,A-185-08-03,"A-185-08-03 hourly synthetic SAG Mill dataset; Bozshakol avg 3000-3300tph, ~25MW operating draw"
2025-10-16T00:00:00,2025-10-16,N,3609.2,26157.3,7.247,84.3,25.3,75.1,125.0,A-185-08-03,"A-185-08-03 hourly synthetic SAG Mill dataset; Bozshakol avg 3000-3300tph, ~25MW operating draw"
2025-10-16T01:00:00,2025-10-16,N,2964.7,26500.0,8.939,68.2,30.0,71.4,145.0,A-185-08-03,"A-185-08-03 hourly synthetic SAG Mill dataset; Bozshakol avg 3000-3300tph, ~25MW operating draw"
2025-10-16T02:00:00,2025-10-16,N,3126.0,26500.0,8.477,82.7,30.0,72.4,145.0,A-185-08-03,"A-185-08-03 hourly synthetic SAG Mill dataset; Bozshakol avg 3000-3300tph, ~25MW operating draw"
2025-10-16T03:00:00,2025-10-16,N,3323.2,26500.0,7.974,89.6,28.6,73.6,142.8,A-185-08-03,"A-185-08-03 hourly synthetic SAG Mill dataset; Bozshakol avg 3000-3300tph, ~25MW operating draw"
2025-10-16T04:00:00,2025-10-16,N,3598.2,26174.7,7.274,73.8,25.4,75.1,125.6,A-185-08-03,"A-185-08-03 hourly synthetic SAG Mill dataset; Bozshakol avg 3000-3300tph, ~25MW operating draw"
2025-10-16T05:00:00,2025-10-16,N,3106.3,26500.0,8.531,90.4,30.0,72.3,145.0,A-185-08-03,"A-185-08-03 hourly synthetic SAG Mill dataset; Bozshakol avg 3000-3300tph, ~25MW operating draw"
2025-10-16T06:00:00,2025-10-16,D,3513.7,26310.6,7.488,94.0,26.3,74.6,130.6,A-185-08-03,"A-185-08-03 hourly synthetic SAG Mill dataset; Bozshakol avg 3000-3300tph, ~25MW operating draw"
2025-10-16T07:00:00,2025-10-16,D,3486.4,26355.6,7.56,96.0,26.6,74.5,132.3,A-185-08-03,"A-185-08-03 hourly synthetic SAG Mill dataset; Bozshakol avg 3000-3300tph, ~25MW operating draw"
2025-10-16T08:00:00,2025-10-16,D,3539.6,26268.3,7.421,91.6,26.0,74.8,129.1,A-185-08-03,"A-185-08-03 hourly synthetic SAG Mill dataset; Bozshakol avg 3000-3300tph, ~25MW operating draw"
2025-10-16T09:00:00,2025-10-16,D,3043.9,26500.0,8.706,96.0,30.0,71.9,145.0,A-185-08-03,"A-185-08-03 hourly synthetic SAG Mill dataset; Bozshakol avg 3000-3300tph, ~25MW operating draw"
2025-10-16T10:00:00,2025-10-16,D,2640.8,26500.0,10.035,69.2,30.0,70.0,145.0,A-185-08-03,"A-185-08-03 hourly synthetic SAG Mill dataset; Bozshakol avg 3000-3300tph, ~25MW operating draw"
2025-10-16T11:00:00,2025-10-16,D,3652.4,26090.0,7.143,62.2,24.8,75.4,122.6,A-185-08-03,"A-185-08-03 hourly synthetic SAG Mill dataset; Bozshakol avg 3000-3300tph, ~25MW operating draw"
2025-10-16T12:00:00,2025-10-16,D,3362.1,26500.0,7.882,77.2,28.1,73.8,140.2,A-185-08-03,"A-185-08-03 hourly synthetic SAG Mill dataset; Bozshakol avg 3000-3300tph, ~25MW operating draw"
2025-10-16T13:00:00,2025-10-16,D,3549.7,26252.1,7.396,82.3,25.9,74.8,128.5,A-185-08-03,"A-185-08-03 hourly synthetic SAG Mill dataset; Bozshakol avg 3000-3300tph, ~25MW operating draw"
2025-10-16T14:00:00,2025-10-16,D,3308.3,26500.0,8.01,64.0,28.8,73.5,143.8,A-185-08-03,"A-185-08-03 hourly synthetic SAG Mill dataset; Bozshakol avg 3000-3300tph, ~25MW operating draw"
2025-10-16T15:00:00,2025-10-16,D,3227.7,26500.0,8.21,87.6,29.8,73.0,145.0,A-185-08-03,"A-185-08-03 hourly synthetic SAG Mill dataset; Bozshakol avg 3000-3300tph, ~25MW operating draw"
2025-10-16T16:00:00,2025-10-16,D,3662.5,26074.5,7.119,96.0,24.7,75.4,122.0,A-185-08-03,"A-185-08-03 hourly synthetic SAG Mill dataset; Bozshakol avg 3000-3300tph, ~25MW operating draw"
2025-10-16T17:00:00,2025-10-16,D,3506.0,26323.1,7.508,78.4,26.4,74.6,131.1,A-185-08-03,"A-185-08-03 hourly synthetic SAG Mill dataset; Bozshakol avg 3000-3300tph, ~25MW operating draw"
2025-10-16T18:00:00,2025-10-16,N,3311.7,26500.0,8.002,96.0,28.7,73.5,143.6,A-185-08-03,"A-185-08-03 hourly synthetic SAG Mill dataset; Bozshakol avg 3000-3300tph, ~25MW operating draw"
2025-10-16T19:00:00,2025-10-16,N,3720.5,25986.2,6.985,89.7,24.1,75.7,118.8,A-185-08-03,"A-185-08-03 hourly synthetic SAG Mill dataset; Bozshakol avg 3000-3300tph, ~25MW operating draw"
2025-10-16T20:00:00,2025-10-16,N,3558.3,26238.2,7.374,44.8,25.8,74.9,127.9,A-185-08-03,"A-185-08-03 hourly synthetic SAG Mill dataset; Bozshakol avg 3000-3300tph, ~25MW operating draw"
2025-10-16T21:00:00,2025-10-16,N,4000.0,25546.8,6.387,83.6,21.1,77.3,103.4,A-185-08-03,"A-185-08-03 hourly synthetic SAG Mill dataset; Bozshakol avg 3000-3300tph, ~25MW operating draw"
2025-10-16T22:00:00,2025-10-16,N,3522.8,26295.6,7.464,83.4,26.2,74.7,130.1,A-185-08-03,"A-185-08-03 hourly synthetic SAG Mill dataset; Bozshakol avg 3000-3300tph, ~25MW operating draw"
2025-10-16T23:00:00,2025-10-16,N,3494.0,26342.9,7.539,96.0,26.5,74.5,131.8,A-185-08-03,"A-185-08-03 hourly synthetic SAG Mill dataset; Bozshakol avg 3000-3300tph, ~25MW operating draw"
2025-10-17T00:00:00,2025-10-17,N,3111.6,26500.0,8.517,84.1,30.0,72.3,145.0,A-185-08-03,"A-185-08-03 hourly synthetic SAG Mill dataset; Bozshakol avg 3000-3300tph, ~25MW operating draw"
2025-10-17T01:00:00,2025-10-17,N,3648.1,26096.7,7.154,91.1,24.8,75.3,122.8,A-185-08-03,"A-185-08-03 hourly synthetic SAG Mill dataset; Bozshakol avg 3000-3300tph, ~25MW operating draw"
2025-10-17T02:00:00,2025-10-17,N,3144.2,26500.0,8.428,40.2,30.0,72.5,145.0,A-185-08-03,"A-185-08-03 hourly synthetic SAG Mill dataset; Bozshakol avg 3000-3300tph, ~25MW operating draw"
2025-10-17T03:00:00,2025-10-17,N,3677.8,26051.0,7.083,85.2,24.5,75.5,121.1,A-185-08-03,"A-185-08-03 hourly synthetic SAG Mill dataset; Bozshakol avg 3000-3300tph, ~25MW operating draw"
2025-10-17T04:00:00,2025-10-17,N,3879.9,25754.3,6.638,77.0,22.5,76.5,110.6,A-185-08-03,"A-185-08-03 hourly synthetic SAG Mill dataset; Bozshakol avg 3000-3300tph, ~25MW operating draw"
2025-10-17T05:00:00,2025-10-17,N,3312.6,26500.0,8.0,76.7,28.7,73.5,143.5,A-185-08-03,"A-185-08-03 hourly synthetic SAG Mill dataset; Bozshakol avg 3000-3300tph, ~25MW operating draw"
2025-10-17T06:00:00,2025-10-17,D,3431.6,26447.4,7.707,75.7,27.3,74.2,135.7,A-185-08-03,"A-185-08-03 hourly synthetic SAG Mill dataset; Bozshakol avg 3000-3300tph, ~25MW operating draw"
2025-10-17T07:00:00,2025-10-17,D,3248.8,26500.0,8.157,92.9,29.5,73.1,145.0,A-185-08-03,"A-185-08-03 hourly synthetic SAG Mill dataset; Bozshakol avg 3000-3300tph, ~25MW operating draw"
2025-10-17T08:00:00,2025-10-17,D,3678.3,26050.2,7.082,74.7,24.5,75.5,121.1,A-185-08-03,"A-185-08-03 hourly synthetic SAG Mill dataset; Bozshakol avg 3000-3300tph, ~25MW operating draw"
2025-10-17T09:00:00,2025-10-17,D,3231.1,26500.0,8.202,96.0,29.7,73.0,145.0,A-185-08-03,"A-185-08-03 hourly synthetic SAG Mill dataset; Bozshakol avg 3000-3300tph, ~25MW operating draw"
2025-10-17T10:00:00,2025-10-17,D,3679.3,26048.8,7.08,66.1,24.5,75.5,121.1,A-185-08-03,"A-185-08-03 hourly synthetic SAG Mill dataset; Bozshakol avg 3000-3300tph, ~25MW operating draw"
2025-10-17T11:00:00,2025-10-17,D,3320.3,26500.0,7.981,96.0,28.6,73.5,143.0,A-185-08-03,"A-185-08-03 hourly synthetic SAG Mill dataset; Bozshakol avg 3000-3300tph, ~25MW operating draw"
2025-10-17T12:00:00,2025-10-17,D,2856.7,26500.0,9.276,91.9,30.0,70.7,145.0,A-185-08-03,"A-185-08-03 hourly synthetic SAG Mill dataset; Bozshakol avg 3000-3300tph, ~25MW operating draw"
2025-10-17T13:00:00,2025-10-17,D,3986.4,25606.8,6.424,74.5,21.5,77.1,105.5,A-185-08-03,"A-185-08-03 hourly synthetic SAG Mill dataset; Bozshakol avg 3000-3300tph, ~25MW operating draw"
2025-10-17T14:00:00,2025-10-17,D,3356.8,26500.0,7.894,78.7,28.2,73.8,140.5,A-185-08-03,"A-185-08-03 hourly synthetic SAG Mill dataset; Bozshakol avg 3000-3300tph, ~25MW operating draw"
2025-10-17T15:00:00,2025-10-17,D,3349.1,26500.0,7.913,95.3,28.3,73.7,141.0,A-185-08-03,"A-185-08-03 hourly synthetic SAG Mill dataset; Bozshakol avg 3000-3300tph, ~25MW operating draw"
2025-10-17T16:00:00,2025-10-17,D,3587.1,26192.2,7.302,91.8,25.5,75.0,126.3,A-185-08-03,"A-185-08-03 hourly synthetic SAG Mill dataset; Bozshakol avg 3000-3300tph, ~25MW operating draw"
2025-10-17T17:00:00,2025-10-17,D,3318.9,26500.0,7.985,94.0,28.6,73.5,143.1,A-185-08-03,"A-185-08-03 hourly synthetic SAG Mill dataset; Bozshakol avg 3000-3300tph, ~25MW operating draw"
2025-10-17T18:00:00,2025-10-17,N,3091.4,26500.0,8.572,76.8,30.0,72.2,145.0,A-185-08-03,"A-185-08-03 hourly synthetic SAG Mill dataset; Bozshakol avg 3000-3300tph, ~25MW operating draw"
2025-10-17T19:00:00,2025-10-17,N,3505.1,26324.7,7.51,86.5,26.4,74.6,131.1,A-185-08-03,"A-185-08-03 hourly synthetic SAG Mill dataset; Bozshakol avg 3000-3300tph, ~25MW operating draw"
2025-10-17T20:00:00,2025-10-17,N,3412.0,26481.0,7.761,75.0,27.5,74.1,136.9,A-185-08-03,"A-185-08-03 hourly synthetic SAG Mill dataset; Bozshakol avg 3000-3300tph, ~25MW operating draw"
2025-10-17T21:00:00,2025-10-17,N,2879.3,26500.0,9.204,74.3,30.0,70.9,145.0,A-185-08-03,"A-185-08-03 hourly synthetic SAG Mill dataset; Bozshakol avg 3000-3300tph, ~25MW operating draw"
2025-10-17T22:00:00,2025-10-17,N,3458.0,26402.9,7.635,94.2,27.0,74.3,134.0,A-185-08-03,"A-185-08-03 hourly synthetic SAG Mill dataset; Bozshakol avg 3000-3300tph, ~25MW operating draw"
2025-10-17T23:00:00,2025-10-17,N,3495.0,26341.3,7.537,96.0,26.5,74.5,131.7,A-185-08-03,"A-185-08-03 hourly synthetic SAG Mill dataset; Bozshakol avg 3000-3300tph, ~25MW operating draw"
2025-10-18T00:00:00,2025-10-18,N,3274.2,26500.0,8.094,96.0,29.2,73.3,145.0,A-185-08-03,"A-185-08-03 hourly synthetic SAG Mill dataset; Bozshakol avg 3000-3300tph, ~25MW operating draw"
2025-10-18T01:00:00,2025-10-18,N,3094.3,26500.0,8.564,96.0,30.0,72.2,145.0,A-185-08-03,"A-185-08-03 hourly synthetic SAG Mill dataset; Bozshakol avg 3000-3300tph, ~25MW operating draw"
2025-10-18T02:00:00,2025-10-18,N,3488.3,26352.4,7.555,24.0,26.6,74.5,132.2,A-185-08-03,"A-185-08-03 hourly synthetic SAG Mill dataset; Bozshakol avg 3000-3300tph, ~25MW operating draw"
2025-10-18T03:00:00,2025-10-18,N,3600.1,26171.7,7.27,94.5,25.4,75.1,125.5,A-185-08-03,"A-185-08-03 hourly synthetic SAG Mill dataset; Bozshakol avg 3000-3300tph, ~25MW operating draw"
2025-10-18T04:00:00,2025-10-18,N,3356.3,26500.0,7.896,96.0,28.2,73.8,140.6,A-185-08-03,"A-185-08-03 hourly synthetic SAG Mill dataset; Bozshakol avg 3000-3300tph, ~25MW operating draw"
2025-10-18T05:00:00,2025-10-18,N,3211.4,26500.0,8.252,82.4,30.0,72.9,145.0,A-185-08-03,"A-185-08-03 hourly synthetic SAG Mill dataset; Bozshakol avg 3000-3300tph, ~25MW operating draw"
2025-10-18T06:00:00,2025-10-18,D,3609.7,26156.6,7.246,91.3,25.3,75.1,125.0,A-185-08-03,"A-185-08-03 hourly synthetic SAG Mill dataset; Bozshakol avg 3000-3300tph, ~25MW operating draw"
2025-10-18T07:00:00,2025-10-18,D,3854.4,25790.4,6.691,84.6,22.7,76.4,111.9,A-185-08-03,"A-185-08-03 hourly synthetic SAG Mill dataset; Bozshakol avg 3000-3300tph, ~25MW operating draw"
2025-10-18T08:00:00,2025-10-18,D,3236.3,26500.0,8.188,76.8,29.7,73.1,145.0,A-185-08-03,"A-185-08-03 hourly synthetic SAG Mill dataset; Bozshakol avg 3000-3300tph, ~25MW operating draw"
2025-10-18T09:00:00,2025-10-18,D,3651.0,26092.2,7.147,80.4,24.8,75.4,122.6,A-185-08-03,"A-185-08-03 hourly synthetic SAG Mill dataset; Bozshakol avg 3000-3300tph, ~25MW operating draw"
2025-10-18T10:00:00,2025-10-18,D,3182.1,26500.0,8.328,85.3,30.0,72.8,145.0,A-185-08-03,"A-185-08-03 hourly synthetic SAG Mill dataset; Bozshakol avg 3000-3300tph, ~25MW operating draw"
2025-10-18T11:00:00,2025-10-18,D,3690.8,26031.2,7.053,74.2,24.4,75.6,120.4,A-185-08-03,"A-185-08-03 hourly synthetic SAG Mill dataset; Bozshakol avg 3000-3300tph, ~25MW operating draw"
2025-10-18T12:00:00,2025-10-18,D,3248.3,26500.0,8.158,73.4,29.5,73.1,145.0,A-185-08-03,"A-185-08-03 hourly synthetic SAG Mill dataset; Bozshakol avg 3000-3300tph, ~25MW operating draw"
2025-10-18T13:00:00,2025-10-18,D,3281.4,26500.0,8.076,74.6,29.1,73.3,145.0,A-185-08-03,"A-185-08-03 hourly synthetic SAG Mill dataset; Bozshakol avg 3000-3300tph, ~25MW operating draw"
2025-10-18T14:00:00,2025-10-18,D,2791.5,26500.0,9.493,87.9,30.0,70.3,145.0,A-185-08-03,"A-185-08-03 hourly synthetic SAG Mill dataset; Bozshakol avg 3000-3300tph, ~25MW operating draw"
2025-10-18T15:00:00,2025-10-18,D,3518.5,26302.7,7.476,80.2,26.3,74.6,130.3,A-185-08-03,"A-185-08-03 hourly synthetic SAG Mill dataset; Bozshakol avg 3000-3300tph, ~25MW operating draw"
2025-10-18T16:00:00,2025-10-18,D,3073.7,26500.0,8.622,77.7,30.0,72.1,145.0,A-185-08-03,"A-185-08-03 hourly synthetic SAG Mill dataset; Bozshakol avg 3000-3300tph, ~25MW operating draw"
2025-10-18T17:00:00,2025-10-18,D,3463.8,26393.2,7.62,96.0,26.9,74.3,133.7,A-185-08-03,"A-185-08-03 hourly synthetic SAG Mill dataset; Bozshakol avg 3000-3300tph, ~25MW operating draw"
2025-10-18T18:00:00,2025-10-18,N,3620.7,26139.3,7.219,70.0,25.1,75.2,124.3,A-185-08-03,"A-185-08-03 hourly synthetic SAG Mill dataset; Bozshakol avg 3000-3300tph, ~25MW operating draw"
2025-10-18T19:00:00,2025-10-18,N,3194.6,26500.0,8.295,81.3,30.0,72.8,145.0,A-185-08-03,"A-185-08-03 hourly synthetic SAG Mill dataset; Bozshakol avg 3000-3300tph, ~25MW operating draw"
2025-10-18T20:00:00,2025-10-18,N,3525.2,26291.7,7.458,75.5,26.2,74.7,129.9,A-185-08-03,"A-185-08-03 hourly synthetic SAG Mill dataset; Bozshakol avg 3000-3300tph, ~25MW operating draw"
2025-10-18T21:00:00,2025-10-18,N,3298.7,26500.0,8.033,33.2,28.9,73.4,144.4,A-185-08-03,"A-185-08-03 hourly synthetic SAG Mill dataset; Bozshakol avg 3000-3300tph, ~25MW operating draw"
2025-10-18T22:00:00,2025-10-18,N,3864.5,25776.0,6.67,78.5,22.6,76.5,111.3,A-185-08-03,"A-185-08-03 hourly synthetic SAG Mill dataset; Bozshakol avg 3000-3300tph, ~25MW operating draw"
2025-10-18T23:00:00,2025-10-18,N,3429.7,26450.7,7.712,91.5,27.3,74.2,135.8,A-185-08-03,"A-185-08-03 hourly synthetic SAG Mill dataset; Bozshakol avg 3000-3300tph, ~25MW operating draw"
2025-10-19T00:00:00,2025-10-19,N,3613.0,26151.3,7.238,89.1,25.2,75.2,124.8,A-185-08-03,"A-185-08-03 hourly synthetic SAG Mill dataset; Bozshakol avg 3000-3300tph, ~25MW operating draw"
2025-10-19T01:00:00,2025-10-19,N,3436.4,26439.3,7.694,84.0,27.2,74.2,135.4,A-185-08-03,"A-185-08-03 hourly synthetic SAG Mill dataset; Bozshakol avg 3000-3300tph, ~25MW operating draw"
2025-10-19T02:00:00,2025-10-19,N,3426.8,26455.6,7.72,85.1,27.3,74.1,136.0,A-185-08-03,"A-185-08-03 hourly synthetic SAG Mill dataset; Bozshakol avg 3000-3300tph, ~25MW operating draw"
2025-10-19T03:00:00,2025-10-19,N,3538.2,26270.7,7.425,80.5,26.0,74.8,129.1,A-185-08-03,"A-185-08-03 hourly synthetic SAG Mill dataset; Bozshakol avg 3000-3300tph, ~25MW operating draw"
2025-10-19T04:00:00,2025-10-19,N,3101.5,26500.0,8.544,96.0,30.0,72.3,145.0,A-185-08-03,"A-185-08-03 hourly synthetic SAG Mill dataset; Bozshakol avg 3000-3300tph, ~25MW operating draw"
2025-10-19T05:00:00,2025-10-19,N,3391.3,26500.0,7.814,94.4,27.7,73.9,138.3,A-185-08-03,"A-185-08-03 hourly synthetic SAG Mill dataset; Bozshakol avg 3000-3300tph, ~25MW operating draw"
2025-10-19T06:00:00,2025-10-19,D,3313.1,26500.0,7.999,77.6,28.7,73.5,143.5,A-185-08-03,"A-185-08-03 hourly synthetic SAG Mill dataset; Bozshakol avg 3000-3300tph, ~25MW operating draw"
2025-10-19T07:00:00,2025-10-19,D,3572.3,26215.9,7.339,83.5,25.7,74.9,127.1,A-185-08-03,"A-185-08-03 hourly synthetic SAG Mill dataset; Bozshakol avg 3000-3300tph, ~25MW operating draw"
2025-10-19T08:00:00,2025-10-19,D,3597.7,26175.5,7.276,96.0,25.4,75.1,125.7,A-185-08-03,"A-185-08-03 hourly synthetic SAG Mill dataset; Bozshakol avg 3000-3300tph, ~25MW operating draw"
2025-10-19T09:00:00,2025-10-19,D,3271.4,26500.0,8.101,68.6,29.2,73.3,145.0,A-185-08-03,"A-185-08-03 hourly synthetic SAG Mill dataset; Bozshakol avg 3000-3300tph, ~25MW operating draw"
2025-10-19T10:00:00,2025-10-19,D,3352.5,26500.0,7.905,79.8,28.2,73.7,140.8,A-185-08-03,"A-185-08-03 hourly synthetic SAG Mill dataset; Bozshakol avg 3000-3300tph, ~25MW operating draw"
2025-10-19T11:00:00,2025-10-19,D,3188.8,26500.0,8.31,96.0,30.0,72.8,145.0,A-185-08-03,"A-185-08-03 hourly synthetic SAG Mill dataset; Bozshakol avg 3000-3300tph, ~25MW operating draw"
2025-10-19T12:00:00,2025-10-19,D,3681.2,26045.8,7.075,96.0,24.5,75.5,121.0,A-185-08-03,"A-185-08-03 hourly synthetic SAG Mill dataset; Bozshakol avg 3000-3300tph, ~25MW operating draw"
2025-10-19T13:00:00,2025-10-19,D,3257.9,26500.0,8.134,94.4,29.4,73.2,145.0,A-185-08-03,"A-185-08-03 hourly synthetic SAG Mill dataset; Bozshakol avg 3000-3300tph, ~25MW operating draw"
2025-10-19T14:00:00,2025-10-19,D,3257.4,26500.0,8.135,76.3,29.4,73.2,145.0,A-185-08-03,"A-185-08-03 hourly synthetic SAG Mill dataset; Bozshakol avg 3000-3300tph, ~25MW operating draw"
2025-10-19T15:00:00,2025-10-19,D,3518.5,26302.7,7.476,89.0,26.3,74.6,130.3,A-185-08-03,"A-185-08-03 hourly synthetic SAG Mill dataset; Bozshakol avg 3000-3300tph, ~25MW operating draw"
2025-10-19T16:00:00,2025-10-19,D,3442.7,26428.7,7.677,73.7,27.1,74.2,135.0,A-185-08-03,"A-185-08-03 hourly synthetic SAG Mill dataset; Bozshakol avg 3000-3300tph, ~25MW operating draw"
2025-10-19T17:00:00,2025-10-19,D,3497.4,26337.4,7.531,88.0,26.5,74.5,131.6,A-185-08-03,"A-185-08-03 hourly synthetic SAG Mill dataset; Bozshakol avg 3000-3300tph, ~25MW operating draw"
2025-10-19T18:00:00,2025-10-19,N,3705.7,26008.7,7.019,82.6,24.2,75.6,119.6,A-185-08-03,"A-185-08-03 hourly synthetic SAG Mill dataset; Bozshakol avg 3000-3300tph, ~25MW operating draw"
2025-10-19T19:00:00,2025-10-19,N,3200.8,26500.0,8.279,96.0,30.0,72.9,145.0,A-185-08-03,"A-185-08-03 hourly synthetic SAG Mill dataset; Bozshakol avg 3000-3300tph, ~25MW operating draw"
2025-10-19T20:00:00,2025-10-19,N,3563.6,26229.7,7.36,88.9,25.8,74.9,127.6,A-185-08-03,"A-185-08-03 hourly synthetic SAG Mill dataset; Bozshakol avg 3000-3300tph, ~25MW operating draw"
2025-10-19T21:00:00,2025-10-19,N,3241.6,26500.0,8.175,92.7,29.6,73.1,145.0,A-185-08-03,"A-185-08-03 hourly synthetic SAG Mill dataset; Bozshakol avg 3000-3300tph, ~25MW operating draw"
2025-10-19T22:00:00,2025-10-19,N,3311.2,26500.0,8.003,86.5,28.7,73.5,143.6,A-185-08-03,"A-185-08-03 hourly synthetic SAG Mill dataset; Bozshakol avg 3000-3300tph, ~25MW operating draw"
2025-10-19T23:00:00,2025-10-19,N,3653.8,26087.8,7.14,93.0,24.8,75.4,122.5,A-185-08-03,"A-185-08-03 hourly synthetic SAG Mill dataset; Bozshakol avg 3000-3300tph, ~25MW operating draw"
2025-10-20T00:00:00,2025-10-20,N,3800.7,25867.8,6.806,79.2,23.3,76.1,114.6,A-185-08-03,"A-185-08-03 hourly synthetic SAG Mill dataset; Bozshakol avg 3000-3300tph, ~25MW operating draw"
2025-10-20T01:00:00,2025-10-20,N,3690.8,26031.2,7.053,81.9,24.4,75.6,120.4,A-185-08-03,"A-185-08-03 hourly synthetic SAG Mill dataset; Bozshakol avg 3000-3300tph, ~25MW operating draw"
2025-10-20T02:00:00,2025-10-20,N,3340.5,26500.0,7.933,92.7,28.4,73.7,141.6,A-185-08-03,"A-185-08-03 hourly synthetic SAG Mill dataset; Bozshakol avg 3000-3300tph, ~25MW operating draw"
2025-10-20T03:00:00,2025-10-20,N,3321.3,26500.0,7.979,74.8,28.6,73.6,142.9,A-185-08-03,"A-185-08-03 hourly synthetic SAG Mill dataset; Bozshakol avg 3000-3300tph, ~25MW operating draw"
2025-10-20T04:00:00,2025-10-20,N,3374.1,26500.0,7.854,74.0,28.0,73.9,139.4,A-185-08-03,"A-185-08-03 hourly synthetic SAG Mill dataset; Bozshakol avg 3000-3300tph, ~25MW operating draw"
2025-10-20T05:00:00,2025-10-20,N,3711.9,25999.2,7.004,92.5,24.2,75.7,119.3,A-185-08-03,"A-185-08-03 hourly synthetic SAG Mill dataset; Bozshakol avg 3000-3300tph, ~25MW operating draw"
2025-10-20T06:00:00,2025-10-20,D,3826.6,25830.3,6.75,85.3,23.0,76.3,113.3,A-185-08-03,"A-185-08-03 hourly synthetic SAG Mill dataset; Bozshakol avg 3000-3300tph, ~25MW operating draw"
2025-10-20T07:00:00,2025-10-20,D,3667.7,26066.4,7.107,79.7,24.6,75.4,121.7,A-185-08-03,"A-185-08-03 hourly synthetic SAG Mill dataset; Bozshakol avg 3000-3300tph, ~25MW operating draw"
2025-10-20T08:00:00,2025-10-20,D,3659.6,26078.9,7.126,96.0,24.7,75.4,122.2,A-185-08-03,"A-185-08-03 hourly synthetic SAG Mill dataset; Bozshakol avg 3000-3300tph, ~25MW operating draw"
2025-10-20T09:00:00,2025-10-20,D,3364.9,26500.0,7.875,93.7,28.1,73.8,140.0,A-185-08-03,"A-185-08-03 hourly synthetic SAG Mill dataset; Bozshakol avg 3000-3300tph, ~25MW operating draw"
2025-10-20T10:00:00,2025-10-20,D,3291.5,26500.0,8.051,96.0,29.0,73.4,144.9,A-185-08-03,"A-185-08-03 hourly synthetic SAG Mill dataset; Bozshakol avg 3000-3300tph, ~25MW operating draw"
2025-10-20T11:00:00,2025-10-20,D,3217.1,26500.0,8.237,72.1,29.9,73.0,145.0,A-185-08-03,"A-185-08-03 hourly synthetic SAG Mill dataset; Bozshakol avg 3000-3300tph, ~25MW operating draw"
2025-10-20T12:00:00,2025-10-20,D,3760.4,25926.9,6.895,79.9,23.7,75.9,116.7,A-185-08-03,"A-185-08-03 hourly synthetic SAG Mill dataset; Bozshakol avg 3000-3300tph, ~25MW operating draw"
2025-10-20T13:00:00,2025-10-20,D,3859.7,25782.9,6.68,81.0,22.7,76.4,111.6,A-185-08-03,"A-185-08-03 hourly synthetic SAG Mill dataset; Bozshakol avg 3000-3300tph, ~25MW operating draw"
2025-10-20T14:00:00,2025-10-20,D,3365.9,26500.0,7.873,65.1,28.1,73.8,139.9,A-185-08-03,"A-185-08-03 hourly synthetic SAG Mill dataset; Bozshakol avg 3000-3300tph, ~25MW operating draw"
2025-10-20T15:00:00,2025-10-20,D,3836.2,25816.5,6.73,73.7,22.9,76.3,112.8,A-185-08-03,"A-185-08-03 hourly synthetic SAG Mill dataset; Bozshakol avg 3000-3300tph, ~25MW operating draw"
2025-10-20T16:00:00,2025-10-20,D,3270.9,26500.0,8.102,84.3,29.2,73.3,145.0,A-185-08-03,"A-185-08-03 hourly synthetic SAG Mill dataset; Bozshakol avg 3000-3300tph, ~25MW operating draw"
2025-10-20T17:00:00,2025-10-20,D,3702.8,26013.0,7.025,73.5,24.3,75.6,119.8,A-185-08-03,"A-185-08-03 hourly synthetic SAG Mill dataset; Bozshakol avg 3000-3300tph, ~25MW operating draw"
2025-10-20T18:00:00,2025-10-20,N,3233.0,26500.0,8.197,80.8,29.7,73.0,145.0,A-185-08-03,"A-185-08-03 hourly synthetic SAG Mill dataset; Bozshakol avg 3000-3300tph, ~25MW operating draw"
2025-10-20T19:00:00,2025-10-20,N,3603.0,26167.1,7.263,87.1,25.3,75.1,125.4,A-185-08-03,"A-185-08-03 hourly synthetic SAG Mill dataset; Bozshakol avg 3000-3300tph, ~25MW operating draw"
2025-10-20T20:00:00,2025-10-20,N,3452.8,26411.7,7.649,96.0,27.0,74.3,134.4,A-185-08-03,"A-185-08-03 hourly synthetic SAG Mill dataset; Bozshakol avg 3000-3300tph, ~25MW operating draw"
2025-10-20T21:00:00,2025-10-20,N,3387.5,26500.0,7.823,70.0,27.8,73.9,138.5,A-185-08-03,"A-185-08-03 hourly synthetic SAG Mill dataset; Bozshakol avg 3000-3300tph, ~25MW operating draw"
2025-10-20T22:00:00,2025-10-20,N,3754.1,25936.1,6.909,52.5,23.7,75.9,117.0,A-185-08-03,"A-185-08-03 hourly synthetic SAG Mill dataset; Bozshakol avg 3000-3300tph, ~25MW operating draw"
2025-10-20T23:00:00,2025-10-20,N,3480.6,26365.2,7.575,88.3,26.7,74.4,132.6,A-185-08-03,"A-185-08-03 hourly synthetic SAG Mill dataset; Bozshakol avg 3000-3300tph, ~25MW operating draw"
2025-10-21T00:00:00,2025-10-21,N,4000.0,25578.9,6.395,96.0,21.3,77.2,104.5,A-185-08-03,"A-185-08-03 hourly synthetic SAG Mill dataset; Bozshakol avg 3000-3300tph, ~25MW operating draw"
2025-10-21T01:00:00,2025-10-21,N,3266.6,26500.0,8.112,87.8,29.3,73.2,145.0,A-185-08-03,"A-185-08-03 hourly synthetic SAG Mill dataset; Bozshakol avg 3000-3300tph, ~25MW operating draw"
2025-10-21T02:00:00,2025-10-21,N,3290.6,26500.0,8.053,79.4,29.0,73.4,145.0,A-185-08-03,"A-185-08-03 hourly synthetic SAG Mill dataset; Bozshakol avg 3000-3300tph, ~25MW operating draw"
2025-10-21T03:00:00,2025-10-21,N,3456.6,26405.3,7.639,79.2,27.0,74.3,134.1,A-185-08-03,"A-185-08-03 hourly synthetic SAG Mill dataset; Bozshakol avg 3000-3300tph, ~25MW operating draw"
2025-10-21T04:00:00,2025-10-21,N,3240.7,26500.0,8.177,74.3,29.6,73.1,145.0,A-185-08-03,"A-185-08-03 hourly synthetic SAG Mill dataset; Bozshakol avg 3000-3300tph, ~25MW operating draw"
2025-10-21T05:00:00,2025-10-21,N,3923.5,25693.2,6.549,84.2,22.1,76.8,108.4,A-185-08-03,"A-185-08-03 hourly synthetic SAG Mill dataset; Bozshakol avg 3000-3300tph, ~25MW operating draw"
2025-10-21T06:00:00,2025-10-21,D,3714.3,25995.6,6.999,74.2,24.1,75.7,119.2,A-185-08-03,"A-185-08-03 hourly synthetic SAG Mill dataset; Bozshakol avg 3000-3300tph, ~25MW operating draw"
2025-10-21T07:00:00,2025-10-21,D,3155.2,26500.0,8.399,82.8,30.0,72.6,145.0,A-185-08-03,"A-185-08-03 hourly synthetic SAG Mill dataset; Bozshakol avg 3000-3300tph, ~25MW operating draw"
2025-10-21T08:00:00,2025-10-21,D,3261.8,26500.0,8.124,80.2,29.3,73.2,145.0,A-185-08-03,"A-185-08-03 hourly synthetic SAG Mill dataset; Bozshakol avg 3000-3300tph, ~25MW operating draw"
2025-10-21T09:00:00,2025-10-21,D,3663.9,26072.3,7.116,82.0,24.7,75.4,121.9,A-185-08-03,"A-185-08-03 hourly synthetic SAG Mill dataset; Bozshakol avg 3000-3300tph, ~25MW operating draw"
2025-10-21T10:00:00,2025-10-21,D,3696.1,26023.2,7.041,85.9,24.3,75.6,120.1,A-185-08-03,"A-185-08-03 hourly synthetic SAG Mill dataset; Bozshakol avg 3000-3300tph, ~25MW operating draw"
2025-10-21T11:00:00,2025-10-21,D,3160.0,26500.0,8.386,74.3,30.0,72.6,145.0,A-185-08-03,"A-185-08-03 hourly synthetic SAG Mill dataset; Bozshakol avg 3000-3300tph, ~25MW operating draw"
2025-10-21T12:00:00,2025-10-21,D,3550.7,26250.5,7.393,79.6,25.9,74.8,128.4,A-185-08-03,"A-185-08-03 hourly synthetic SAG Mill dataset; Bozshakol avg 3000-3300tph, ~25MW operating draw"
2025-10-21T13:00:00,2025-10-21,D,3482.0,26362.8,7.571,81.2,26.7,74.4,132.5,A-185-08-03,"A-185-08-03 hourly synthetic SAG Mill dataset; Bozshakol avg 3000-3300tph, ~25MW operating draw"
2025-10-21T14:00:00,2025-10-21,D,3567.0,26224.3,7.352,83.1,25.7,74.9,127.4,A-185-08-03,"A-185-08-03 hourly synthetic SAG Mill dataset; Bozshakol avg 3000-3300tph, ~25MW operating draw"
2025-10-21T15:00:00,2025-10-21,D,2987.8,26500.0,8.869,88.1,30.0,71.6,145.0,A-185-08-03,"A-185-08-03 hourly synthetic SAG Mill dataset; Bozshakol avg 3000-3300tph, ~25MW operating draw"
2025-10-21T16:00:00,2025-10-21,D,3684.1,26041.4,7.069,39.8,24.5,75.5,120.8,A-185-08-03,"A-185-08-03 hourly synthetic SAG Mill dataset; Bozshakol avg 3000-3300tph, ~25MW operating draw"
2025-10-21T17:00:00,2025-10-21,D,3697.5,26021.0,7.037,88.8,24.3,75.6,120.1,A-185-08-03,"A-185-08-03 hourly synthetic SAG Mill dataset; Bozshakol avg 3000-3300tph, ~25MW operating draw"
2025-10-21T18:00:00,2025-10-21,N,3307.4,26500.0,8.012,96.0,28.8,73.5,143.8,A-185-08-03,"A-185-08-03 hourly synthetic SAG Mill dataset; Bozshakol avg 3000-3300tph, ~25MW operating draw"
2025-10-21T19:00:00,2025-10-21,N,3310.2,26500.0,8.006,93.4,28.7,73.5,143.7,A-185-08-03,"A-185-08-03 hourly synthetic SAG Mill dataset; Bozshakol avg 3000-3300tph, ~25MW operating draw"
2025-10-21T20:00:00,2025-10-21,N,2826.5,26500.0,9.376,80.6,30.0,70.6,145.0,A-185-08-03,"A-185-08-03 hourly synthetic SAG Mill dataset; Bozshakol avg 3000-3300tph, ~25MW operating draw"
2025-10-21T21:00:00,2025-10-21,N,3633.2,26119.8,7.189,74.9,25.0,75.3,123.6,A-185-08-03,"A-185-08-03 hourly synthetic SAG Mill dataset; Bozshakol avg 3000-3300tph, ~25MW operating draw"
2025-10-21T22:00:00,2025-10-21,N,3185.0,26500.0,8.32,56.6,30.0,72.8,145.0,A-185-08-03,"A-185-08-03 hourly synthetic SAG Mill dataset; Bozshakol avg 3000-3300tph, ~25MW operating draw"
2025-10-21T23:00:00,2025-10-21,N,3309.3,26500.0,8.008,83.7,28.7,73.5,143.7,A-185-08-03,"A-185-08-03 hourly synthetic SAG Mill dataset; Bozshakol avg 3000-3300tph, ~25MW operating draw"
2025-10-22T00:00:00,2025-10-22,N,3411.5,26481.8,7.763,82.6,27.5,74.1,137.0,A-185-08-03,"A-185-08-03 hourly synthetic SAG Mill dataset; Bozshakol avg 3000-3300tph, ~25MW operating draw"
2025-10-22T01:00:00,2025-10-22,N,3704.7,26010.1,7.021,40.8,24.2,75.6,119.7,A-185-08-03,"A-185-08-03 hourly synthetic SAG Mill dataset; Bozshakol avg 3000-3300tph, ~25MW operating draw"
2025-10-22T02:00:00,2025-10-22,N,3562.2,26232.0,7.364,83.5,25.8,74.9,127.7,A-185-08-03,"A-185-08-03 hourly synthetic SAG Mill dataset; Bozshakol avg 3000-3300tph, ~25MW operating draw"
2025-10-22T03:00:00,2025-10-22,N,3199.9,26500.0,8.282,80.7,30.0,72.9,145.0,A-185-08-03,"A-185-08-03 hourly synthetic SAG Mill dataset; Bozshakol avg 3000-3300tph, ~25MW operating draw"
2025-10-22T04:00:00,2025-10-22,N,3320.8,26500.0,7.98,96.0,28.6,73.6,142.9,A-185-08-03,"A-185-08-03 hourly synthetic SAG Mill dataset; Bozshakol avg 3000-3300tph, ~25MW operating draw"
2025-10-22T05:00:00,2025-10-22,N,3168.7,26500.0,8.363,90.4,30.0,72.7,145.0,A-185-08-03,"A-185-08-03 hourly synthetic SAG Mill dataset; Bozshakol avg 3000-3300tph, ~25MW operating draw"
2025-10-22T06:00:00,2025-10-22,D,4000.0,25562.2,6.391,73.2,21.2,77.2,103.9,A-185-08-03,"A-185-08-03 hourly synthetic SAG Mill dataset; Bozshakol avg 3000-3300tph, ~25MW operating draw"
2025-10-22T07:00:00,2025-10-22,D,3552.1,26248.2,7.389,85.1,25.9,74.8,128.3,A-185-08-03,"A-185-08-03 hourly synthetic SAG Mill dataset; Bozshakol avg 3000-3300tph, ~25MW operating draw"
2025-10-22T08:00:00,2025-10-22,D,3796.4,25874.1,6.815,90.2,23.3,76.1,114.8,A-185-08-03,"A-185-08-03 hourly synthetic SAG Mill dataset; Bozshakol avg 3000-3300tph, ~25MW operating draw"
2025-10-22T09:00:00,2025-10-22,D,3450.4,26415.8,7.656,93.4,27.0,74.3,134.5,A-185-08-03,"A-185-08-03 hourly synthetic SAG Mill dataset; Bozshakol avg 3000-3300tph, ~25MW operating draw"
2025-10-22T10:00:00,2025-10-22,D,3669.2,26064.2,7.104,75.0,24.6,75.5,121.6,A-185-08-03,"A-185-08-03 hourly synthetic SAG Mill dataset; Bozshakol avg 3000-3300tph, ~25MW operating draw"
2025-10-22T11:00:00,2025-10-22,D,3551.1,26249.7,7.392,70.1,25.9,74.8,128.4,A-185-08-03,"A-185-08-03 hourly synthetic SAG Mill dataset; Bozshakol avg 3000-3300tph, ~25MW operating draw"
2025-10-22T12:00:00,2025-10-22,D,3505.1,26324.7,7.51,93.3,26.4,74.6,131.1,A-185-08-03,"A-185-08-03 hourly synthetic SAG Mill dataset; Bozshakol avg 3000-3300tph, ~25MW operating draw"
2025-10-22T13:00:00,2025-10-22,D,3298.7,26500.0,8.033,96.0,28.9,73.4,144.4,A-185-08-03,"A-185-08-03 hourly synthetic SAG Mill dataset; Bozshakol avg 3000-3300tph, ~25MW operating draw"
2025-10-22T14:00:00,2025-10-22,D,3340.5,26500.0,7.933,94.3,28.4,73.7,141.6,A-185-08-03,"A-185-08-03 hourly synthetic SAG Mill dataset; Bozshakol avg 3000-3300tph, ~25MW operating draw"
2025-10-22T15:00:00,2025-10-22,D,3394.2,26500.0,7.807,96.0,27.7,74.0,138.1,A-185-08-03,"A-185-08-03 hourly synthetic SAG Mill dataset; Bozshakol avg 3000-3300tph, ~25MW operating draw"
2025-10-22T16:00:00,2025-10-22,D,3953.3,25652.1,6.489,75.6,21.8,76.9,107.0,A-185-08-03,"A-185-08-03 hourly synthetic SAG Mill dataset; Bozshakol avg 3000-3300tph, ~25MW operating draw"
2025-10-22T17:00:00,2025-10-22,D,3531.9,26280.8,7.441,69.2,26.1,74.7,129.5,A-185-08-03,"A-185-08-03 hourly synthetic SAG Mill dataset; Bozshakol avg 3000-3300tph, ~25MW operating draw"
2025-10-22T18:00:00,2025-10-22,N,3660.5,26077.4,7.124,96.0,24.7,75.4,122.1,A-185-08-03,"A-185-08-03 hourly synthetic SAG Mill dataset; Bozshakol avg 3000-3300tph, ~25MW operating draw"
2025-10-22T19:00:00,2025-10-22,N,3524.7,26292.5,7.46,83.2,26.2,74.7,129.9,A-185-08-03,"A-185-08-03 hourly synthetic SAG Mill dataset; Bozshakol avg 3000-3300tph, ~25MW operating draw"
2025-10-22T20:00:00,2025-10-22,N,3428.3,26453.1,7.716,75.2,27.3,74.2,135.9,A-185-08-03,"A-185-08-03 hourly synthetic SAG Mill dataset; Bozshakol avg 3000-3300tph, ~25MW operating draw"
2025-10-22T21:00:00,2025-10-22,N,3776.7,25902.9,6.859,73.2,23.5,76.0,115.8,A-185-08-03,"A-185-08-03 hourly synthetic SAG Mill dataset; Bozshakol avg 3000-3300tph, ~25MW operating draw"
2025-10-22T22:00:00,2025-10-22,N,3937.9,25673.2,6.52,83.5,21.9,76.8,107.8,A-185-08-03,"A-185-08-03 hourly synthetic SAG Mill dataset; Bozshakol avg 3000-3300tph, ~25MW operating draw"
2025-10-22T23:00:00,2025-10-22,N,3599.1,26173.2,7.272,91.3,25.4,75.1,125.6,A-185-08-03,"A-185-08-03 hourly synthetic SAG Mill dataset; Bozshakol avg 3000-3300tph, ~25MW operating draw"
2025-10-23T00:00:00,2025-10-23,N,3816.5,25844.8,6.772,85.1,23.1,76.2,113.8,A-185-08-03,"A-185-08-03 hourly synthetic SAG Mill dataset; Bozshakol avg 3000-3300tph, ~25MW operating draw"
2025-10-23T01:00:00,2025-10-23,N,3203.7,26500.0,8.272,76.1,30.0,72.9,145.0,A-185-08-03,"A-185-08-03 hourly synthetic SAG Mill dataset; Bozshakol avg 3000-3300tph, ~25MW operating draw"
2025-10-23T02:00:00,2025-10-23,N,3453.2,26410.9,7.648,75.0,27.0,74.3,134.3,A-185-08-03,"A-185-08-03 hourly synthetic SAG Mill dataset; Bozshakol avg 3000-3300tph, ~25MW operating draw"
2025-10-23T03:00:00,2025-10-23,N,3347.2,26500.0,7.917,96.0,28.3,73.7,141.2,A-185-08-03,"A-185-08-03 hourly synthetic SAG Mill dataset; Bozshakol avg 3000-3300tph, ~25MW operating draw"
2025-10-23T04:00:00,2025-10-23,N,3373.6,26500.0,7.855,74.9,28.0,73.8,139.4,A-185-08-03,"A-185-08-03 hourly synthetic SAG Mill dataset; Bozshakol avg 3000-3300tph, ~25MW operating draw"
2025-10-23T05:00:00,2025-10-23,N,3658.1,26081.1,7.13,87.2,24.7,75.4,122.2,A-185-08-03,"A-185-08-03 hourly synthetic SAG Mill dataset; Bozshakol avg 3000-3300tph, ~25MW operating draw"
