Measurement ID,TimeStamp UTC,TimeStamp Site TZ,Hole Number,Hole ID,Parent Hole Easting (m),Parent Hole Northing (m),Measurement Easting (m),Measurement Northing (m),Measurement Offset Distance (m),Measurement Offset Angle (deg),Elevation (m),P20 RR (mm),P20 SWB (mm),P50 RR (mm),P50 SWB (mm),P80 RR (mm),P80 SWB (mm),Top Size RR (mm),Top Size SWB (mm),> 100 mm RR (%),> 100 mm SWB (%),< 10 mm RR (%),< 10 mm SWB (%),< 25 mm RR (%),< 25 mm SWB (%),25 mm to 100 mm RR (%),25 mm to 100 mm SWB (%),RR Xc (mm),RR n,SWB b,SWB x50 (mm),SWB xMax (mm),Instantaeous Mass (t/hr),Latitude,Longitude,Altitude (m),IsDay,IsGeoreferenced
664,2025-07-11T08:00:00Z,2025-07-11T16:00:00+08:00,1,9-H-001,363692.712,6591775.732,363688.697,6591772.144,5.38,221.8,185,10.6,10.6,31.8,32.6,68.6,68.8,109.1,108.8,22.0,18.3,8.4,7.4,29.1,26.6,48.9,55.1,45.3,1.21,1.842,32.6,108.8,1591,-19.9991376,118.0034363,200,True,True
665,2025-07-11T08:03:00Z,2025-07-11T16:03:00+08:00,1,9-H-001,363692.712,6591775.732,363687.546,6591772.689,6.0,210.5,185,12.4,12.4,35.1,34.5,71.2,68.5,116.2,110.7,22.1,19.3,7.5,6.3,28.0,24.6,49.9,56.0,47.0,1.11,1.809,34.5,110.7,1610,-19.9991327,118.0034253,200,True,True
666,2025-07-11T08:04:00Z,2025-07-11T16:04:00+08:00,2,9-H-002,363693.362,6591768.142,363696.563,6591771.835,4.89,49.1,185,11.6,10.7,35.5,33.7,77.7,79.2,123.1,110.8,23.4,26.8,4.9,10.2,29.2,29.4,47.4,43.8,51.7,0.966,2.048,33.7,110.8,1618,-19.9991404,118.0035115,200,True,True
667,2025-07-11T08:10:00Z,2025-07-11T16:10:00+08:00,2,9-H-002,363693.362,6591768.142,363695.988,6591765.565,3.68,315.5,185,11.4,12.1,31.9,32.9,75.8,81.2,122.7,130.7,23.1,32.2,6.9,7.9,30.0,29.9,46.9,38.0,50.4,1.248,1.961,32.9,130.7,1586,-19.9991967,118.003506,200,True,True
668,2025-07-11T08:07:00Z,2025-07-11T16:07:00+08:00,3,9-H-003,363694.559,6591760.141,363698.395,6591764.979,6.17,51.6,185,11.7,11.1,32.7,32.1,70.7,72.8,133.8,128.0,24.2,26.7,9.3,11.2,29.4,28.8,46.4,44.5,48.4,1.238,1.803,32.1,128.0,1724,-19.9992019,118.003529,200,True,True
669,2025-07-11T08:14:00Z,2025-07-11T16:14:00+08:00,4,9-H-004,363694.916,6591751.996,363691.381,6591756.472,5.7,128.3,185,12.1,12.9,34.1,33.3,77.0,76.3,126.8,135.7,24.0,27.1,7.9,9.8,30.3,33.2,45.7,39.7,54.2,1.141,1.836,33.3,135.7,1431,-19.9992784,118.0034619,200,True,True
670,2025-07-11T08:14:00Z,2025-07-11T16:14:00+08:00,5,9-H-005,363696.039,6591744.234,363697.996,6591745.64,2.41,35.7,185,9.7,10.4,32.4,31.6,72.0,74.1,143.7,139.4,22.4,20.9,8.1,6.4,26.7,30.1,51.0,49.1,49.5,1.046,1.738,31.6,139.4,1529,-19.9993757,118.0035252,200,True,True
671,2025-07-11T08:22:00Z,2025-07-11T16:22:00+08:00,5,9-H-005,363696.039,6591744.234,363698.793,6591749.642,6.07,63.0,185,13.1,13.0,37.3,38.4,84.8,82.5,169.0,161.3,32.4,26.2,8.2,6.8,27.7,27.6,39.9,46.2,58.3,1.108,1.933,38.4,161.3,1418,-19.9993397,118.0035328,200,True,True
672,2025-07-11T08:25:00Z,2025-07-11T16:25:00+08:00,6,9-H-006,363696.645,6591735.673,363694.189,6591734.841,2.59,198.7,185,12.2,11.7,38.4,39.3,77.3,82.3,157.5,178.9,26.5,30.8,5.8,6.9,28.3,28.9,45.2,40.3,52.4,1.042,1.943,39.3,178.9,1740,-19.9994727,118.0034888,200,True,True
673,2025-07-11T08:20:00Z,2025-07-11T16:20:00+08:00,6,9-H-006,363696.645,6591735.673,363698.872,6591735.934,2.24,6.7,185,12.6,12.4,36.6,43.5,77.6,80.0,151.3,154.8,30.9,29.5,7.0,5.6,29.4,25.8,39.7,44.6,52.6,1.134,1.806,43.5,154.8,1542,-19.9994629,118.0035335,200,True,True
674,2025-07-11T08:26:00Z,2025-07-11T16:26:00+08:00,6,9-H-006,363696.645,6591735.673,363693.959,6591738.204,3.69,136.7,185,9.8,9.8,30.1,31.1,73.2,71.6,122.8,115.9,25.6,24.9,6.2,8.8,28.2,31.0,46.2,44.1,49.6,1.104,1.846,31.1,115.9,1682,-19.9994425,118.0034866,200,True,True
675,2025-07-11T08:37:00Z,2025-07-11T16:37:00+08:00,7,9-H-007,363697.697,6591728.323,363699.108,6591724.205,4.35,288.9,185,12.3,13.0,33.1,34.9,73.2,65.8,123.8,118.8,23.4,15.5,9.6,7.7,27.3,27.8,49.3,56.7,49.0,1.21,1.739,34.9,118.8,1548,-19.9995682,118.0035358,200,True,True
676,2025-07-11T08:33:00Z,2025-07-11T16:33:00+08:00,8,9-H-008,363698.248,6591720.143,363693.56,6591715.307,6.74,225.9,185,10.8,10.5,32.2,31.6,71.8,69.4,162.8,153.1,22.5,25.6,8.7,8.2,33.8,29.2,43.7,45.3,47.5,1.127,1.848,31.6,153.1,1671,-19.9996482,118.0034828,200,True,True
677,2025-07-11T08:39:00Z,2025-07-11T16:39:00+08:00,9,9-H-009,363699.035,6591712.056,363696.428,6591708.62,4.31,232.8,185,11.1,10.7,34.3,34.9,69.3,69.7,131.9,139.2,19.4,21.3,10.8,9.5,29.1,28.7,51.5,50.0,45.0,1.119,1.932,34.9,139.2,1584,-19.9997082,118.0035102,200,True,True
678,2025-07-11T08:48:00Z,2025-07-11T16:48:00+08:00,9,9-H-009,363699.035,6591712.056,363697.309,6591714.976,3.39,120.6,185,11.7,12.2,33.3,30.5,75.0,76.7,141.3,140.8,29.1,28.5,8.2,9.6,28.5,32.1,42.4,39.4,48.7,1.101,1.965,30.5,140.8,1646,-19.9996511,118.0035186,200,True,True
679,2025-07-11T08:49:00Z,2025-07-11T16:49:00+08:00,10,9-H-010,363700.265,6591704.282,363698.782,6591701.428,3.22,242.5,185,13.1,12.2,37.4,38.8,82.6,85.3,158.2,164.8,30.9,32.2,5.9,7.3,26.3,28.0,42.8,39.8,53.6,1.177,1.964,38.8,164.8,1901,-19.9997728,118.0035327,200,True,True
680,2025-07-11T08:35:00Z,2025-07-11T16:35:00+08:00,10,9-H-010,363700.265,6591704.282,363695.311,6591702.363,5.31,201.2,185,10.4,10.4,30.3,31.0,68.3,68.0,126.3,119.7,21.8,19.5,8.0,10.4,31.8,30.9,46.4,49.6,44.3,1.266,1.854,31.0,119.7,1669,-19.9997644,118.0034995,200,True,True
681,2025-07-11T08:35:00Z,2025-07-11T16:35:00+08:00,11,9-H-011,363685.777,6591770.967,363679.506,6591774.52,7.21,150.5,185,11.3,12.3,30.8,29.9,68.7,71.7,124.3,138.1,22.1,19.3,11.5,10.5,28.6,30.3,49.3,50.4,45.3,1.086,1.987,29.9,138.1,1679,-19.9991162,118.0033484,200,True,True
682,2025-07-11T09:00:00Z,2025-07-11T17:00:00+08:00,11,9-H-011,363685.777,6591770.967,363688.545,6591771.739,2.87,15.6,185,12.6,12.7,34.5,33.7,76.7,85.7,134.5,134.7,27.8,30.9,7.8,8.4,26.5,32.0,45.7,37.1,50.5,1.134,1.797,33.7,134.7,1678,-19.9991412,118.0034348,200,True,True
683,2025-07-11T09:05:00Z,2025-07-11T17:05:00+08:00,12,9-H-012,363685.986,6591762.532,363689.019,6591760.493,3.65,326.1,185,12.4,12.3,38.2,39.0,82.4,78.0,145.4,164.1,29.1,23.3,6.7,8.2,26.1,26.4,44.8,50.4,56.3,1.153,1.866,39.0,164.1,1503,-19.9992422,118.0034394,200,True,True
684,2025-07-11T08:44:00Z,2025-07-11T16:44:00+08:00,13,9-H-013,363687.846,6591755.295,363683.577,6591757.298,4.72,154.9,185,14.6,14.0,42.8,42.6,89.5,92.9,184.0,174.3,33.3,40.0,8.2,4.9,26.4,23.9,40.4,36.1,62.5,1.149,1.841,42.6,174.3,1470,-19.9992709,118.0033873,200,True,True
685,2025-07-11T08:51:00Z,2025-07-11T16:51:00+08:00,13,9-H-013,363687.846,6591755.295,363683.202,6591750.693,6.54,224.7,185,14.9,14.4,43.2,40.8,92.7,94.4,185.0,185.8,40.5,43.9,4.3,7.8,24.8,30.4,34.7,25.8,64.8,1.138,1.978,40.8,185.8,1576,-19.9993303,118.0033838,200,True,True
686,2025-07-11T09:00:00Z,2025-07-11T17:00:00+08:00,14,9-H-014,363688.352,6591747.526,363686.965,6591751.452,4.16,109.5,185,14.9,15.1,39.7,41.0,79.8,80.0,153.0,136.4,29.0,27.1,6.0,5.0,27.5,30.9,43.5,42.0,55.4,1.129,1.903,41.0,136.4,1369,-19.9993235,118.0034197,200,True,True
687,2025-07-11T08:40:00Z,2025-07-11T16:40:00+08:00,14,9-H-014,363688.352,6591747.526,363692.715,6591746.269,4.54,343.9,185,12.0,12.5,37.5,38.7,82.3,79.8,167.2,167.7,33.3,28.1,6.5,6.0,28.8,25.8,37.9,46.0,57.2,1.066,1.995,38.7,167.7,1388,-19.99937,118.0034747,200,True,True
688,2025-07-11T08:36:00Z,2025-07-11T16:36:00+08:00,15,9-H-015,363689.711,6591739.304,363686.533,6591737.76,3.53,205.9,185,14.0,15.1,40.5,41.2,89.6,86.9,147.3,150.3,34.3,34.1,5.3,8.1,27.5,25.3,38.2,40.5,61.7,1.081,1.92,41.2,150.3,1517,-19.9994464,118.0034156,200,True,True
689,2025-07-11T08:47:00Z,2025-07-11T16:47:00+08:00,15,9-H-015,363689.711,6591739.304,363689.196,6591741.804,2.55,101.6,185,13.7,12.8,37.4,38.0,82.6,83.0,158.3,166.7,30.1,34.2,7.4,6.3,28.6,30.8,41.2,35.0,56.9,1.124,1.983,38.0,166.7,1435,-19.9994101,118.0034411,200,True,True
690,2025-07-11T08:40:00Z,2025-07-11T16:40:00+08:00,16,9-H-016,363690.44,6591731.621,363685.768,6591736.692,6.89,132.7,185,11.3,12.0,33.4,31.7,75.5,74.9,138.2,133.6,24.0,21.7,9.9,10.8,27.8,28.4,48.2,49.9,51.3,1.175,1.938,31.7,133.6,1628,-19.999456,118.0034083,200,True,True
691,2025-07-11T08:59:00Z,2025-07-11T16:59:00+08:00,16,9-H-016,363690.44,6591731.621,363687.204,6591733.862,3.94,145.3,185,13.3,13.7,37.3,38.2,80.7,76.5,146.3,147.6,29.5,27.3,5.9,6.8,28.4,24.9,42.1,47.8,54.8,1.247,1.876,38.2,147.6,1464,-19.9994815,118.003422,200,True,True
692,2025-07-11T08:48:00Z,2025-07-11T16:48:00+08:00,16,9-H-016,363690.44,6591731.621,363688.372,6591725.858,6.12,250.3,185,14.5,13.5,40.1,41.6,82.2,84.0,162.5,150.0,34.2,33.3,5.1,5.7,26.7,28.8,39.1,37.9,55.9,1.113,1.934,41.6,150.0,1591,-19.9995534,118.0034332,200,True,True
693,2025-07-11T09:15:00Z,2025-07-11T17:15:00+08:00,17,9-H-017,363691.277,6591723.73,363699.537,6591724.671,8.31,6.5,185,12.1,10.8,35.7,36.1,78.7,78.9,131.1,133.3,24.9,30.8,10.9,7.9,25.7,27.3,49.4,41.9,52.8,1.019,1.987,36.1,133.3,1707,-19.999564,118.0035399,200,True,True
694,2025-07-11T08:52:00Z,2025-07-11T16:52:00+08:00,17,9-H-017,363691.277,6591723.73,363691.19,6591727.437,3.71,91.3,185,13.4,13.7,35.0,32.3,77.8,75.9,125.8,125.3,24.9,25.6,9.4,9.0,27.8,29.5,47.4,44.9,52.1,1.174,1.878,32.3,125.3,1659,-19.9995392,118.0034601,200,True,True
695,2025-07-11T09:41:00Z,2025-07-11T17:41:00+08:00,18,9-H-018,363691.876,6591715.758,363691.489,6591720.265,4.52,94.9,185,10.8,10.0,31.2,32.6,71.3,74.7,138.4,134.1,23.7,23.9,10.0,7.2,32.6,26.9,43.8,49.2,46.9,1.159,1.903,32.6,134.1,1851,-19.9996036,118.003463,200,True,True
696,2025-07-11T09:46:00Z,2025-07-11T17:46:00+08:00,18,9-H-018,363691.876,6591715.758,363696.515,6591716.466,4.69,8.7,185,12.3,13.1,36.4,38.6,77.4,77.7,139.0,129.9,23.0,28.3,5.6,5.9,29.0,24.8,48.0,46.9,51.0,1.174,1.864,38.6,129.9,1743,-19.9996377,118.003511,200,True,True
697,2025-07-11T08:53:00Z,2025-07-11T16:53:00+08:00,19,9-H-019,363692.781,6591707.092,363696.091,6591712.049,5.96,56.3,185,11.9,11.7,32.3,33.3,70.3,69.9,140.8,146.7,19.5,22.3,8.1,6.9,29.8,30.0,50.7,47.7,45.5,1.143,2.053,33.3,146.7,1697,-19.9996774,118.003507,200,True,True
698,2025-07-11T09:30:00Z,2025-07-11T17:30:00+08:00,19,9-H-019,363692.781,6591707.092,363693.127,6591714.769,7.68,87.4,185,12.2,12.0,37.9,37.1,78.4,75.8,154.2,132.6,26.3,24.0,7.8,9.4,29.0,31.7,44.7,44.3,50.8,1.218,2.059,37.1,132.6,1783,-19.999653,118.0034786,200,True,True
699,2025-07-11T08:57:00Z,2025-07-11T16:57:00+08:00,20,9-H-020,363678.279,6591774.352,363683.31,6591776.389,5.43,22.0,185,11.0,11.5,35.3,33.6,79.0,68.8,112.8,102.7,28.8,23.0,8.2,8.8,29.0,27.4,42.2,49.6,52.3,1.239,1.907,33.6,102.7,1579,-19.9990994,118.0033848,200,True,True
700,2025-07-11T09:58:00Z,2025-07-11T17:58:00+08:00,20,9-H-020,363678.279,6591774.352,363678.008,6591779.767,5.42,92.9,185,12.0,12.7,36.8,36.2,81.8,80.4,138.2,133.6,29.4,29.7,6.8,8.4,27.2,22.7,43.4,47.6,54.2,1.177,2.018,36.2,133.6,1820,-19.9990691,118.0033341,200,True,True
701,2025-07-11T09:54:00Z,2025-07-11T17:54:00+08:00,21,9-H-021,363679.583,6591766.411,363676.856,6591764.617,3.26,213.3,185,11.4,12.5,33.6,30.8,70.8,74.6,133.6,124.1,20.3,26.2,9.2,7.5,28.9,33.0,50.8,40.8,47.9,1.094,1.747,30.8,124.1,1553,-19.9992052,118.0033231,200,True,True
702,2025-07-11T09:51:00Z,2025-07-11T17:51:00+08:00,22,9-H-022,363680.465,6591758.687,363684.495,6591761.721,5.04,37.0,185,13.3,13.0,38.2,37.3,78.6,77.4,135.5,146.3,26.8,28.8,7.2,7.1,24.3,30.2,48.9,41.0,54.2,1.15,1.954,37.3,146.3,1385,-19.9992312,118.0033961,200,True,True
703,2025-07-11T09:46:00Z,2025-07-11T17:46:00+08:00,23,9-H-023,363680.975,6591750.097,363675.558,6591747.511,6.0,205.5,185,16.3,16.5,43.6,41.1,88.3,84.2,181.6,187.7,33.3,32.2,5.3,2.2,23.1,23.3,43.6,44.5,61.6,1.092,1.94,41.1,187.7,1427,-19.9993589,118.0033107,200,True,True
704,2025-07-11T09:28:00Z,2025-07-11T17:28:00+08:00,24,9-H-024,363681.783,6591742.591,363677.614,6591738.463,5.87,224.7,185,13.2,13.6,37.2,35.3,80.2,79.5,145.9,141.4,27.8,26.2,7.7,7.1,28.2,26.1,44.0,47.7,54.9,1.066,1.802,35.3,141.4,1551,-19.9994401,118.0033303,200,True,True
705,2025-07-11T09:18:00Z,2025-07-11T17:18:00+08:00,24,9-H-024,363681.783,6591742.591,363686.748,6591741.657,5.05,349.3,185,12.5,12.7,35.4,36.1,73.5,74.0,143.8,153.0,23.8,21.5,9.7,5.9,31.9,27.7,44.2,50.8,50.3,1.022,1.879,36.1,153.0,1484,-19.9994114,118.0034176,200,True,True
706,2025-07-11T09:14:00Z,2025-07-11T17:14:00+08:00,25,9-H-025,363682.718,6591734.914,363681.616,6591737.378,2.7,114.1,185,13.8,13.1,42.1,42.4,88.5,80.9,130.2,133.0,34.8,29.7,4.9,6.6,27.3,24.8,37.9,45.4,59.8,1.082,1.826,42.4,133.0,1479,-19.9994499,118.0033686,200,True,True
707,2025-07-11T10:24:00Z,2025-07-11T18:24:00+08:00,25,9-H-025,363682.718,6591734.914,363682.558,6591734.681,0.28,235.4,185,11.8,12.1,35.6,36.8,75.2,73.7,122.5,134.8,28.8,23.0,7.8,6.7,30.9,27.7,40.3,49.3,50.8,1.063,1.975,36.8,134.8,1700,-19.9994741,118.0033776,200,True,True
708,2025-07-11T09:39:00Z,2025-07-11T17:39:00+08:00,26,9-H-026,363684.006,6591726.969,363681.568,6591730.426,4.23,125.2,185,13.3,13.8,35.5,36.6,75.1,79.6,120.7,116.8,23.7,31.4,6.5,6.4,28.3,26.9,48.0,41.7,50.2,1.127,2.012,36.6,116.8,1614,-19.9995123,118.0033681,200,True,True
709,2025-07-11T09:58:00Z,2025-07-11T17:58:00+08:00,26,9-H-026,363684.006,6591726.969,363683.795,6591730.019,3.06,94.0,185,10.9,10.6,30.9,30.5,73.0,73.0,132.1,129.8,24.0,23.7,9.0,7.1,25.8,29.0,50.2,47.3,48.8,0.988,1.946,30.5,129.8,1618,-19.999516,118.0033894,200,True,True
710,2025-07-11T10:33:00Z,2025-07-11T18:33:00+08:00,27,9-H-027,363684.549,6591718.677,363690.427,6591715.566,6.65,332.1,185,12.4,12.6,37.9,36.2,73.7,77.4,143.1,133.6,25.7,28.2,7.5,7.6,28.3,30.2,46.0,41.6,49.0,1.156,1.965,36.2,133.6,1526,-19.9996458,118.0034528,200,True,True
711,2025-07-11T10:18:00Z,2025-07-11T18:18:00+08:00,27,9-H-027,363684.549,6591718.677,363685.331,6591719.068,0.87,26.6,185,12.1,12.2,34.1,34.1,77.8,81.0,133.3,140.5,30.0,30.3,6.7,9.7,29.3,27.2,40.7,42.5,51.7,1.042,1.827,34.1,140.5,1631,-19.9996144,118.0034041,200,True,True
712,2025-07-11T09:53:00Z,2025-07-11T17:53:00+08:00,28,9-H-028,363685.564,6591710.976,363684.35,6591706.052,5.07,256.2,185,13.5,13.3,35.7,35.3,69.5,63.4,142.6,135.4,19.4,16.1,5.9,6.8,26.3,26.1,54.3,57.9,44.9,1.28,1.902,35.3,135.4,1837,-19.9997313,118.0033947,200,True,True
713,2025-07-11T10:34:00Z,2025-07-11T18:34:00+08:00,28,9-H-028,363685.564,6591710.976,363689.727,6591714.096,5.2,36.8,185,10.2,10.6,26.2,26.5,66.0,67.9,108.3,108.1,20.9,19.5,12.8,9.1,33.6,29.0,45.4,51.5,42.6,1.208,1.951,26.5,108.1,1755,-19.999659,118.0034461,200,True,True
714,2025-07-11T09:48:00Z,2025-07-11T17:48:00+08:00,29,9-H-029,363686.535,6591703.085,363682.78,6591707.562,5.84,130.0,185,11.4,10.8,30.0,29.7,64.4,63.4,116.9,104.1,17.2,18.6,8.8,7.6,30.3,32.5,52.6,48.9,41.5,1.31,1.75,29.7,104.1,1810,-19.9997177,118.0033797,200,True,True
715,2025-07-11T09:35:00Z,2025-07-11T17:35:00+08:00,29,9-H-029,363686.535,6591703.085,363679.685,6591709.609,9.46,136.4,185,10.5,11.0,30.0,29.6,68.5,65.1,132.5,131.5,19.5,16.7,10.4,9.2,26.0,29.3,54.6,54.1,44.1,1.081,1.899,29.6,131.5,1737,-19.9996993,118.0033501,200,True,True
716,2025-07-11T10:12:00Z,2025-07-11T18:12:00+08:00,30,9-H-030,363672.259,6591769.451,363676.694,6591768.915,4.47,353.1,185,11.3,10.6,30.9,30.3,70.1,73.0,124.3,115.7,22.7,25.4,10.4,11.7,28.9,26.5,48.4,48.1,47.2,1.148,1.741,30.3,115.7,1738,-19.9991666,118.0033215,200,True,True
717,2025-07-11T09:29:00Z,2025-07-11T17:29:00+08:00,30,9-H-030,363672.259,6591769.451,363671.388,6591760.494,9.0,264.4,185,11.7,11.7,33.6,34.3,71.6,70.4,112.1,115.5,17.9,26.9,9.5,6.1,29.1,30.4,53.0,42.6,48.2,1.196,1.953,34.3,115.5,1612,-19.9992422,118.0032708,200,True,True
718,2025-07-11T09:30:00Z,2025-07-11T17:30:00+08:00,31,9-H-031,363673.347,6591761.562,363674.35,6591761.673,1.01,6.3,185,14.1,14.1,41.8,41.4,83.4,78.5,141.3,137.1,29.4,26.9,7.5,5.5,24.4,26.5,46.2,46.6,57.3,1.112,1.886,41.4,137.1,1428,-19.9992316,118.0032991,200,True,True
719,2025-07-11T09:27:00Z,2025-07-11T17:27:00+08:00,32,9-H-032,363673.997,6591753.953,363673.164,6591759.804,5.91,98.1,185,16.3,17.3,45.9,45.6,98.2,100.7,173.7,164.9,42.8,46.5,5.1,5.2,22.2,24.3,34.9,29.3,68.8,1.011,1.785,45.6,164.9,1439,-19.9992484,118.0032878,200,True,True
720,2025-07-11T10:43:00Z,2025-07-11T18:43:00+08:00,33,9-H-033,363674.207,6591745.942,363669.872,6591743.297,5.08,211.4,185,13.0,12.2,37.1,36.6,83.2,86.0,156.2,141.5,29.0,35.5,4.4,9.2,23.0,29.9,48.0,34.6,57.6,1.138,1.842,36.6,141.5,1559,-19.9993967,118.0032563,200,True,True
721,2025-07-11T10:50:00Z,2025-07-11T18:50:00+08:00,34,9-H-034,363675.508,6591737.944,363674.758,6591742.809,4.92,98.8,185,13.3,13.0,38.1,38.6,88.9,85.0,159.3,179.6,34.8,32.0,5.9,6.7,27.0,31.7,38.3,36.2,60.5,1.187,1.703,38.6,179.6,1362,-19.9994011,118.003303,200,True,True
722,2025-07-11T10:27:00Z,2025-07-11T18:27:00+08:00,34,9-H-034,363675.508,6591737.944,363679.278,6591737.461,3.8,352.7,185,13.6,13.3,38.8,38.9,85.1,81.2,154.0,142.2,32.7,30.1,5.9,6.7,27.4,26.3,40.0,43.6,58.0,1.268,2.085,38.9,142.2,1511,-19.9994491,118.0033462,200,True,True
723,2025-07-11T11:16:00Z,2025-07-11T19:16:00+08:00,35,9-H-035,363676.436,6591730.078,363675.751,6591734.146,4.13,99.6,185,10.2,10.4,31.3,33.7,76.8,69.2,127.0,128.8,24.9,17.1,10.5,10.1,30.0,29.1,45.1,53.7,52.2,1.17,1.824,33.7,128.8,1500,-19.9994789,118.0033125,200,False,True
724,2025-07-11T10:10:00Z,2025-07-11T18:10:00+08:00,35,9-H-035,363676.436,6591730.078,363670.734,6591734.228,7.05,144.0,185,13.3,13.5,35.3,34.8,84.3,82.6,136.6,143.6,30.2,31.4,8.6,9.6,27.8,27.2,42.0,41.4,57.3,1.11,1.911,34.8,143.6,1469,-19.9994782,118.0032646,200,True,True
725,2025-07-11T09:42:00Z,2025-07-11T17:42:00+08:00,35,9-H-035,363676.436,6591730.078,363680.687,6591732.579,4.93,30.5,185,9.8,10.3,29.3,30.0,72.7,71.8,124.6,124.6,21.5,22.1,9.6,10.1,31.6,30.3,46.9,47.6,49.4,1.055,1.923,30.0,124.6,1516,-19.999493,118.0033597,200,True,True
726,2025-07-11T10:51:00Z,2025-07-11T18:51:00+08:00,36,9-H-036,363677.084,6591721.766,363676.44,6591727.276,5.55,96.7,185,13.3,13.8,34.9,35.0,78.1,74.7,127.9,128.2,26.7,22.8,7.1,9.4,28.1,29.7,45.2,47.5,52.1,1.046,1.686,35.0,128.2,1734,-19.9995406,118.0033191,200,True,True
727,2025-07-11T10:22:00Z,2025-07-11T18:22:00+08:00,36,9-H-036,363677.084,6591721.766,363682.222,6591714.667,8.76,305.9,185,12.9,12.4,36.7,40.1,69.7,71.3,113.4,114.7,20.5,25.4,5.8,7.2,29.4,24.5,50.1,50.1,46.5,1.252,1.873,40.1,114.7,1670,-19.9996539,118.0033744,200,True,True
728,2025-07-11T10:46:00Z,2025-07-11T18:46:00+08:00,37,9-H-037,363678.163,6591714.183,363676.147,6591715.811,2.59,141.1,185,11.8,11.9,35.4,36.3,75.2,76.1,126.6,127.5,26.6,29.4,7.5,10.3,29.1,28.7,44.3,41.9,49.7,1.135,1.799,36.3,127.5,1639,-19.9996436,118.0033163,200,True,True
729,2025-07-11T10:19:00Z,2025-07-11T18:19:00+08:00,37,9-H-037,363678.163,6591714.183,363679.301,6591710.554,3.8,287.4,185,11.5,11.6,31.6,29.8,68.9,70.4,122.2,128.0,25.1,21.2,10.2,7.7,30.8,32.2,44.1,46.6,45.5,1.197,2.082,29.8,128.0,1672,-19.9996908,118.0033465,200,True,True
730,2025-07-11T10:43:00Z,2025-07-11T18:43:00+08:00,38,9-H-038,363678.672,6591705.8,363680.424,6591710.158,4.7,68.1,185,10.9,11.3,31.3,30.8,72.2,74.0,113.3,112.7,22.2,22.1,7.9,11.5,26.6,32.3,51.2,45.6,46.9,1.041,1.914,30.8,112.7,1640,-19.9996944,118.0033572,200,True,True
731,2025-07-11T10:39:00Z,2025-07-11T18:39:00+08:00,38,9-H-038,363678.672,6591705.8,363684.148,6591709.788,6.77,36.1,185,11.2,11.9,31.4,30.3,72.6,68.4,122.2,108.6,22.9,26.7,8.7,7.8,29.7,33.4,47.4,39.9,47.1,1.273,1.974,30.3,108.6,1773,-19.9996977,118.0033928,200,True,True
732,2025-07-11T10:46:00Z,2025-07-11T18:46:00+08:00,39,9-H-039,363664.76,6591772.766,363665.331,6591769.739,3.08,280.7,185,13.2,13.1,37.3,40.6,76.8,83.3,117.3,127.3,23.6,32.0,7.8,7.9,26.3,25.0,50.1,43.0,51.4,1.277,1.895,40.6,127.3,1725,-19.9991592,118.0032129,200,True,True
733,2025-07-11T10:18:00Z,2025-07-11T18:18:00+08:00,39,9-H-039,363664.76,6591772.766,363664.742,6591775.365,2.6,90.4,185,10.5,10.3,31.4,33.6,73.0,76.3,115.6,103.5,24.4,30.1,6.7,7.9,30.4,30.4,45.2,39.5,48.8,1.144,1.926,33.6,103.5,1630,-19.9991086,118.0032073,200,True,True
734,2025-07-11T11:50:00Z,2025-07-11T19:50:00+08:00,40,9-H-040,363665.745,6591765.416,363661.34,6591762.577,5.24,212.8,185,10.9,11.1,35.2,34.8,75.2,78.1,117.2,129.6,26.0,27.4,7.6,10.0,27.7,26.8,46.3,45.8,50.9,1.071,1.815,34.8,129.6,1577,-19.9992235,118.0031748,200,False,True
735,2025-07-11T11:55:00Z,2025-07-11T19:55:00+08:00,40,9-H-040,363665.745,6591765.416,363665.533,6591766.696,1.3,99.4,185,13.0,13.7,36.7,37.0,76.8,70.4,153.4,154.6,28.8,25.1,8.2,7.5,27.7,28.9,43.4,46.0,52.0,1.182,1.979,37.0,154.6,1506,-19.9991865,118.0032148,200,False,True
736,2025-07-11T11:57:00Z,2025-07-11T19:57:00+08:00,41,9-H-041,363666.327,6591757.293,363660.249,6591752.829,7.54,216.3,185,12.9,12.5,38.2,37.4,88.8,88.8,162.9,159.0,40.7,36.0,8.2,9.4,29.9,27.2,29.4,36.8,61.9,0.944,1.876,37.4,159.0,1573,-19.9993111,118.0031643,200,False,True
737,2025-07-11T11:34:00Z,2025-07-11T19:34:00+08:00,41,9-H-041,363666.327,6591757.293,363666.963,6591762.982,5.72,83.6,185,15.4,16.0,43.0,41.9,86.2,89.4,185.0,196.0,33.3,34.1,5.8,4.1,25.4,26.4,41.4,39.6,60.1,1.06,1.824,41.9,196.0,1555,-19.9992199,118.0032285,200,False,True
738,2025-07-11T11:15:00Z,2025-07-11T19:15:00+08:00,42,9-H-042,363667.466,6591749.189,363665.508,6591746.864,3.04,229.9,185,14.5,14.1,40.8,38.5,82.8,85.7,145.8,146.6,30.5,31.9,9.5,7.1,28.1,24.7,41.3,43.4,58.0,0.99,1.876,38.5,146.6,1164,-19.9993647,118.0032146,200,False,True
739,2025-07-11T12:01:00Z,2025-07-11T20:01:00+08:00,43,9-H-043,363668.177,6591740.793,363669.856,6591746.24,5.7,72.9,185,15.5,14.6,40.8,40.8,84.5,87.4,151.3,155.9,31.3,35.9,6.8,7.8,27.1,23.5,41.5,40.6,58.2,1.275,1.74,40.8,155.9,1475,-19.9993703,118.0032562,200,False,True
740,2025-07-11T11:03:00Z,2025-07-11T19:03:00+08:00,43,9-H-043,363668.177,6591740.793,363666.916,6591735.829,5.12,255.7,185,10.3,10.2,35.1,33.6,76.1,77.9,132.0,142.8,23.7,27.0,6.7,8.6,32.3,31.1,44.1,41.9,52.4,1.053,1.738,33.6,142.8,1608,-19.9994638,118.0032281,200,False,True
741,2025-07-11T12:11:00Z,2025-07-11T20:11:00+08:00,43,9-H-043,363668.177,6591740.793,363666.877,6591746.429,5.78,103.0,185,14.1,13.5,40.9,39.8,95.2,91.0,182.0,189.3,41.1,39.4,4.7,4.7,30.6,27.4,28.4,33.3,65.5,1.112,1.874,39.8,189.3,1505,-19.9993686,118.0032277,200,False,True
742,2025-07-11T12:10:00Z,2025-07-11T20:10:00+08:00,44,9-H-044,363669.126,6591733.352,363665.258,6591737.702,5.82,131.6,185,10.9,11.1,31.1,32.7,62.4,62.2,120.9,127.4,18.2,16.5,9.4,8.6,31.5,29.0,50.3,54.5,42.1,1.186,1.865,32.7,127.4,1547,-19.999447,118.0032122,200,False,True
743,2025-07-11T12:36:00Z,2025-07-11T20:36:00+08:00,44,9-H-044,363669.126,6591733.352,363662.78,6591733.752,6.36,176.4,185,12.5,13.1,36.6,37.5,77.7,78.2,140.7,134.1,26.4,24.8,7.8,7.8,26.5,27.9,47.1,47.4,52.4,1.08,1.929,37.5,134.1,1597,-19.9994825,118.0031885,200,False,True
744,2025-07-11T11:36:00Z,2025-07-11T19:36:00+08:00,44,9-H-044,363669.126,6591733.352,363670.22,6591737.427,4.22,75.0,185,12.3,11.3,35.1,36.4,76.5,77.1,123.6,119.9,26.7,28.5,5.5,9.5,30.6,26.5,42.7,44.9,51.7,1.094,1.975,36.4,119.9,1592,-19.9994494,118.0032596,200,False,True
745,2025-07-11T10:55:00Z,2025-07-11T18:55:00+08:00,45,9-H-045,363669.632,6591725.709,363671.992,6591725.6,2.36,357.4,185,13.3,13.4,36.8,35.0,76.2,80.9,128.6,140.3,24.1,31.0,10.1,6.7,26.4,27.5,49.5,41.5,51.3,1.098,1.928,35.0,140.3,1606,-19.9995557,118.0032766,200,True,True
746,2025-07-11T10:48:00Z,2025-07-11T18:48:00+08:00,46,9-H-046,363670.711,6591717.005,363667.842,6591720.407,4.45,130.1,185,12.2,12.8,34.4,33.8,72.1,68.7,132.9,126.7,24.7,24.4,10.7,9.4,30.3,30.2,45.0,45.4,47.5,1.142,1.897,33.8,126.7,1741,-19.9996023,118.0032369,200,True,True
747,2025-07-11T12:36:00Z,2025-07-11T20:36:00+08:00,46,9-H-046,363670.711,6591717.005,363673.386,6591720.022,4.03,48.4,185,9.4,9.5,28.6,27.3,66.9,63.1,108.2,109.7,21.8,17.2,10.6,9.5,28.9,31.6,49.3,51.2,44.1,1.133,1.957,27.3,109.7,1751,-19.9996058,118.0032899,200,False,True
748,2025-07-11T11:31:00Z,2025-07-11T19:31:00+08:00,47,9-H-047,363671.594,6591708.993,363674.892,6591711.072,3.9,32.2,185,11.0,11.2,33.4,34.1,69.0,66.5,103.6,108.9,17.2,18.3,8.7,7.2,28.6,29.0,54.3,52.8,45.4,1.209,1.897,34.1,108.9,1759,-19.9996862,118.0033043,200,False,True
749,2025-07-11T11:35:00Z,2025-07-11T19:35:00+08:00,47,9-H-047,363671.594,6591708.993,363675.911,6591707.579,4.54,341.9,185,11.4,12.1,33.2,36.1,71.2,69.5,115.5,110.7,23.0,24.4,7.1,7.2,31.2,30.2,45.7,45.4,46.8,1.151,1.872,36.1,110.7,1508,-19.9997176,118.0033141,200,False,True
750,2025-07-11T10:54:00Z,2025-07-11T18:54:00+08:00,47,9-H-047,363671.594,6591708.993,363669.386,6591710.432,2.63,146.9,185,10.0,10.0,31.5,30.8,70.0,67.8,119.1,117.3,22.9,19.9,9.7,9.2,29.2,31.5,47.9,48.6,46.1,1.22,1.884,30.8,117.3,1706,-19.9996919,118.0032517,200,True,True
751,2025-07-11T10:25:00Z,2025-07-11T18:25:00+08:00,48,9-H-048,363672.108,6591701.328,363675.534,6591698.232,4.62,317.9,185,11.9,11.6,35.4,34.8,70.6,69.9,126.4,134.0,21.1,20.8,5.0,9.8,26.6,31.7,52.3,47.5,45.4,1.086,1.925,34.8,134.0,1739,-19.9998015,118.0033105,200,True,True
752,2025-07-11T11:43:00Z,2025-07-11T19:43:00+08:00,48,9-H-048,363672.108,6591701.328,363678.033,6591700.399,6.0,351.1,185,9.6,9.6,29.4,29.9,64.9,64.2,102.8,100.5,18.1,16.6,8.9,10.1,28.6,31.7,53.4,51.7,41.8,1.266,1.956,29.9,100.5,1658,-19.9997821,118.0033343,200,False,True
753,2025-07-11T12:21:00Z,2025-07-11T20:21:00+08:00,49,9-H-049,363658.267,6591767.975,363657.719,6591768.371,0.68,144.1,185,11.3,12.6,32.5,35.2,68.6,66.4,138.4,135.2,22.1,18.5,10.3,7.8,29.2,30.6,48.7,50.8,46.2,1.202,1.864,35.2,135.2,1672,-19.9991715,118.0031401,200,False,True
754,2025-07-11T12:10:00Z,2025-07-11T20:10:00+08:00,49,9-H-049,363658.267,6591767.975,363652.723,6591770.961,6.3,151.7,185,12.2,12.2,35.6,32.8,76.5,75.7,128.8,123.2,26.4,30.3,6.7,7.0,29.1,28.0,44.5,41.7,51.5,1.125,1.858,32.8,123.2,1335,-19.9991482,118.0030924,200,False,True
755,2025-07-11T12:36:00Z,2025-07-11T20:36:00+08:00,50,9-H-050,363659.268,6591760.381,363662.983,6591762.159,4.12,25.6,185,12.6,12.8,37.4,39.1,80.5,80.8,139.4,140.3,27.5,29.2,6.1,7.3,27.9,24.7,44.7,46.0,55.1,1.09,1.996,39.1,140.3,1527,-19.9992273,118.0031905,200,False,True
756,2025-07-11T10:50:00Z,2025-07-11T18:50:00+08:00,50,9-H-050,363659.268,6591760.381,363659.655,6591755.346,5.05,274.4,185,11.4,11.3,37.8,36.9,84.9,89.5,144.2,139.2,33.2,37.7,6.2,6.4,28.8,29.2,38.0,33.1,58.1,0.963,1.722,36.9,139.2,1477,-19.9992885,118.0031587,200,True,True
757,2025-07-11T13:17:00Z,2025-07-11T21:17:00+08:00,51,9-H-051,363660.076,6591752.007,363663.776,6591755.307,4.96,41.7,185,14.1,13.9,38.4,36.9,82.7,87.9,179.8,196.5,30.4,35.8,8.9,8.3,30.5,27.0,39.1,37.2,58.1,0.994,1.923,36.9,196.5,1505,-19.9992888,118.003198,200,False,True
758,2025-07-11T12:19:00Z,2025-07-11T20:19:00+08:00,51,9-H-051,363660.076,6591752.007,363666.292,6591754.809,6.82,24.3,185,14.4,14.4,43.2,44.1,93.8,87.5,185.0,196.6,38.7,34.2,7.5,4.7,25.7,24.7,35.7,41.1,65.8,0.974,1.837,44.1,196.6,1479,-19.9992933,118.0032221,200,False,True
759,2025-07-11T12:50:00Z,2025-07-11T20:50:00+08:00,52,9-H-052,363660.25,6591744.164,363657.001,6591741.511,4.19,219.2,185,14.4,14.0,40.6,42.3,87.7,95.4,158.4,150.7,31.7,41.1,4.7,5.7,28.1,25.1,40.2,33.8,60.5,1.273,1.636,42.3,150.7,1545,-19.9994128,118.0031333,200,False,True
760,2025-07-11T13:14:00Z,2025-07-11T21:14:00+08:00,52,9-H-052,363660.25,6591744.164,363660.048,6591740.661,3.51,266.7,185,11.5,11.1,34.3,34.4,86.6,88.8,169.4,175.6,35.2,35.8,10.5,8.0,28.3,26.4,36.4,37.7,59.8,1.146,2.018,34.4,175.6,1585,-19.9994204,118.0031624,200,False,True
761,2025-07-11T11:37:00Z,2025-07-11T19:37:00+08:00,53,9-H-053,363661.387,6591736.188,363660.894,6591737.962,1.84,105.5,185,14.0,13.9,37.8,36.4,86.2,86.9,164.7,168.6,33.3,34.6,7.8,6.4,29.1,25.9,37.6,39.5,58.9,1.086,1.986,36.4,168.6,1543,-19.9994446,118.0031705,200,False,True
762,2025-07-11T13:33:00Z,2025-07-11T21:33:00+08:00,53,9-H-053,363661.387,6591736.188,363656.772,6591732.798,5.73,216.3,185,12.7,12.0,37.2,36.7,80.3,83.3,150.9,145.4,31.5,31.2,4.9,7.1,25.5,29.9,43.0,38.9,54.9,1.104,1.942,36.7,145.4,1519,-19.999491,118.0031311,200,False,True
763,2025-07-11T13:01:00Z,2025-07-11T21:01:00+08:00,54,9-H-054,363662.521,6591728.567,363666.4,6591727.376,4.06,342.9,185,12.8,12.5,34.7,33.6,75.7,76.8,132.1,149.5,28.1,25.9,7.0,8.6,28.0,28.9,43.9,45.2,50.9,1.141,1.868,33.6,149.5,1534,-19.9995397,118.0032231,200,False,True
764,2025-07-11T13:14:00Z,2025-07-11T21:14:00+08:00,54,9-H-054,363662.521,6591728.567,363664.216,6591732.115,3.93,64.5,185,12.4,12.5,32.0,30.5,79.1,75.9,143.3,142.7,31.8,30.1,7.0,11.5,29.1,29.0,39.1,40.9,53.2,1.132,1.84,30.5,142.7,1696,-19.9994972,118.0032023,200,False,True
765,2025-07-11T10:52:00Z,2025-07-11T18:52:00+08:00,55,9-H-055,363663.284,6591720.123,363660.015,6591726.269,6.96,118.0,185,11.3,11.2,31.3,29.4,69.7,68.3,111.6,108.3,21.1,19.0,9.6,10.3,29.8,27.5,49.1,53.5,46.2,1.034,1.79,29.4,108.3,1619,-19.9995497,118.0031621,200,True,True
766,2025-07-11T11:37:00Z,2025-07-11T19:37:00+08:00,55,9-H-055,363663.284,6591720.123,363661.005,6591716.895,3.95,234.8,185,12.3,13.3,33.3,34.0,71.3,72.6,106.6,113.3,22.9,21.3,10.5,9.6,27.9,25.6,49.2,53.1,47.2,1.178,1.835,34.0,113.3,1738,-19.9996339,118.0031716,200,False,True
767,2025-07-11T10:49:00Z,2025-07-11T18:49:00+08:00,56,9-H-056,363663.932,6591712.608,363664.329,6591719.219,6.62,86.6,185,10.9,11.0,32.2,32.4,70.4,73.1,140.0,125.5,24.3,24.0,8.6,6.2,31.5,32.9,44.2,43.1,45.8,1.101,1.926,32.4,125.5,1717,-19.999613,118.0032033,200,True,True
768,2025-07-11T12:41:00Z,2025-07-11T20:41:00+08:00,56,9-H-056,363663.932,6591712.608,363658.816,6591715.812,6.04,147.9,185,10.6,11.2,30.6,32.1,67.4,66.2,134.1,143.9,20.4,21.4,9.2,8.3,29.9,32.1,49.7,46.5,43.8,1.207,1.893,32.1,143.9,1705,-19.9996436,118.0031506,200,False,True
769,2025-07-11T13:24:00Z,2025-07-11T21:24:00+08:00,57,9-H-057,363664.838,6591704.28,363662.924,6591700.902,3.88,240.5,185,14.0,14.6,39.8,40.2,79.9,82.3,140.6,145.0,30.5,31.5,6.1,5.8,25.6,27.9,43.9,40.6,52.2,1.263,1.817,40.2,145.0,1613,-19.9997775,118.0031899,200,False,True
770,2025-07-11T11:28:00Z,2025-07-11T19:28:00+08:00,57,9-H-057,363664.838,6591704.28,363661.961,6591702.001,3.67,218.4,185,9.8,9.9,27.5,29.6,66.1,65.7,129.1,117.9,16.2,20.2,9.4,9.0,30.1,30.8,53.7,48.9,43.2,1.255,1.83,29.6,117.9,1583,-19.9997677,118.0031807,200,False,True
771,2025-07-11T11:58:00Z,2025-07-11T19:58:00+08:00,58,9-H-058,363665.608,6591696.511,363667.27,6591693.112,3.78,296.1,185,10.0,10.2,28.3,29.9,58.0,59.5,108.1,110.0,17.2,16.0,10.0,9.1,30.7,33.5,52.2,50.6,37.3,1.104,1.972,29.9,110.0,1919,-19.9998475,118.0032315,200,False,True
772,2025-07-11T13:57:00Z,2025-07-11T21:57:00+08:00,59,9-H-059,363651.261,6591771.362,363645.814,6591767.725,6.55,213.7,185,12.6,12.2,39.6,40.3,79.0,76.5,151.5,150.4,28.0,27.1,7.3,5.0,26.0,24.3,46.0,48.7,53.3,1.101,1.877,40.3,150.4,1608,-19.9991773,118.0030263,200,False,True
773,2025-07-11T10:53:00Z,2025-07-11T18:53:00+08:00,59,9-H-059,363651.261,6591771.362,363657.406,6591769.37,6.46,342.0,185,12.3,11.8,36.5,34.2,76.5,78.4,126.4,140.2,25.4,25.5,9.3,7.3,26.3,30.1,48.3,44.4,51.6,1.26,1.898,34.2,140.2,1615,-19.9991625,118.0031371,200,True,True
774,2025-07-11T14:12:00Z,2025-07-11T22:12:00+08:00,60,9-H-060,363651.698,6591763.456,363655.391,6591765.771,4.36,32.1,185,13.4,14.2,38.9,39.2,81.6,84.1,138.9,139.2,27.0,32.1,6.7,8.4,28.9,28.7,44.1,39.2,55.7,1.157,1.894,39.2,139.2,1620,-19.9991948,118.0031179,200,False,True
775,2025-07-11T14:13:00Z,2025-07-11T22:13:00+08:00,60,9-H-060,363651.698,6591763.456,363646.977,6591762.471,4.82,191.8,185,12.7,12.1,39.9,41.1,83.8,79.7,142.3,156.4,33.1,27.9,7.3,9.0,23.4,28.4,43.6,43.7,57.2,1.028,1.914,41.1,156.4,1466,-19.9992245,118.0030374,200,False,True
776,2025-07-11T14:14:00Z,2025-07-11T22:14:00+08:00,61,9-H-061,363653.012,6591755.479,363655.579,6591757.354,3.18,36.1,185,15.0,14.7,41.7,43.5,96.7,94.2,157.4,141.0,44.2,40.3,8.6,5.4,26.6,23.7,29.2,36.0,67.0,1.173,1.888,43.5,141.0,1567,-19.9992704,118.0031197,200,False,True
777,2025-07-11T13:24:00Z,2025-07-11T21:24:00+08:00,61,9-H-061,363653.012,6591755.479,363648.74,6591760.446,6.55,130.7,185,12.1,11.5,38.0,40.4,83.0,81.8,153.5,155.9,28.9,28.2,8.8,6.7,27.3,28.5,43.8,43.3,57.5,1.032,1.979,40.4,155.9,1390,-19.9992427,118.0030543,200,False,True
778,2025-07-11T12:23:00Z,2025-07-11T20:23:00+08:00,62,9-H-062,363653.055,6591747.826,363656.89,6591751.846,5.56,46.3,185,16.4,16.1,46.2,47.3,97.8,103.3,185.0,180.2,48.1,49.5,3.8,7.0,25.1,24.9,26.8,25.5,67.9,1.151,1.8,47.3,180.2,1250,-19.9993199,118.0031322,200,False,True
779,2025-07-11T12:43:00Z,2025-07-11T20:43:00+08:00,63,9-H-063,363654.115,6591740.047,363651.965,6591745.889,6.22,110.2,185,14.5,15.1,40.4,40.3,80.0,74.2,140.9,146.5,29.6,23.8,7.0,6.4,28.6,28.0,41.8,48.3,55.2,0.999,1.931,40.3,146.5,1566,-19.9993734,118.0030851,200,False,True
780,2025-07-11T11:49:00Z,2025-07-11T19:49:00+08:00,63,9-H-063,363654.115,6591740.047,363658.683,6591741.348,4.75,15.9,185,12.2,12.8,34.2,33.3,78.1,74.9,128.6,137.9,24.2,27.8,7.9,8.6,29.8,28.7,46.0,43.5,53.9,1.176,1.899,33.3,137.9,1443,-19.9994142,118.0031494,200,False,True
781,2025-07-11T13:59:00Z,2025-07-11T21:59:00+08:00,64,9-H-064,363655.49,6591731.748,363660.952,6591732.144,5.48,4.2,185,15.9,15.9,42.8,41.8,82.1,83.0,126.5,128.6,32.2,32.3,5.2,6.1,27.6,30.2,40.2,37.4,56.0,1.133,1.865,41.8,128.6,1524,-19.9994969,118.0031711,200,False,True
782,2025-07-11T11:29:00Z,2025-07-11T19:29:00+08:00,64,9-H-064,363655.49,6591731.748,363648.711,6591728.457,7.54,205.9,185,12.0,11.7,38.4,38.8,81.1,75.4,132.5,133.8,30.4,26.7,9.2,9.0,27.1,28.4,42.5,44.9,55.3,1.21,1.826,38.8,133.8,1721,-19.99953,118.003054,200,False,True
783,2025-07-11T14:41:00Z,2025-07-11T22:41:00+08:00,65,9-H-065,363655.923,6591723.8,363654.249,6591719.531,4.59,248.6,185,12.1,12.2,34.9,33.3,71.8,75.7,154.2,140.7,22.2,24.4,6.7,8.0,28.5,29.4,49.3,46.1,47.5,1.203,1.999,33.3,140.7,1592,-19.9996102,118.003107,200,False,True
784,2025-07-11T12:22:00Z,2025-07-11T20:22:00+08:00,65,9-H-065,363655.923,6591723.8,363657.695,6591726.07,2.88,52.0,185,9.9,9.3,27.9,25.2,69.5,69.3,107.2,104.9,21.4,26.5,6.8,7.8,31.1,33.1,47.4,40.4,46.0,1.294,1.88,25.2,104.9,1573,-19.9995515,118.0031399,200,False,True
785,2025-07-11T14:00:00Z,2025-07-11T22:00:00+08:00,65,9-H-065,363655.923,6591723.8,363659.842,6591725.734,4.37,26.3,185,10.6,10.7,29.2,31.1,68.5,68.9,128.5,139.3,17.9,21.6,10.1,8.6,34.0,30.2,48.1,48.1,45.3,1.058,1.897,31.1,139.3,1674,-19.9995545,118.0031604,200,False,True
786,2025-07-11T12:06:00Z,2025-07-11T20:06:00+08:00,66,9-H-066,363656.848,6591715.657,363659.928,6591713.426,3.8,324.1,185,12.2,12.1,38.5,37.1,74.7,68.6,138.8,132.1,23.0,20.7,8.4,7.5,29.2,27.0,47.8,52.3,49.6,1.268,1.915,37.1,132.1,1387,-19.999665,118.0031613,200,False,True
787,2025-07-11T12:53:00Z,2025-07-11T20:53:00+08:00,66,9-H-066,363656.848,6591715.657,363660.337,6591716.136,3.52,7.8,185,9.9,10.1,27.9,28.0,63.6,63.3,129.8,124.9,19.0,18.6,10.8,10.7,33.5,31.7,47.5,49.8,42.2,1.248,1.957,28.0,124.9,1595,-19.9996407,118.0031652,200,False,True
788,2025-07-11T12:43:00Z,2025-07-11T20:43:00+08:00,67,9-H-067,363657.238,6591707.279,363654.114,6591705.426,3.63,210.7,185,11.3,11.5,31.7,32.5,66.7,63.3,130.2,132.8,17.7,17.2,8.1,9.3,30.1,29.7,52.2,53.1,43.2,1.155,2.113,32.5,132.8,1560,-19.9997369,118.0031057,200,False,True
789,2025-07-11T12:00:00Z,2025-07-11T20:00:00+08:00,67,9-H-067,363657.238,6591707.279,363656.33,6591714.367,7.15,97.3,185,10.7,10.6,31.6,31.3,69.1,69.9,105.9,104.6,20.8,20.4,10.0,9.4,28.4,32.4,50.8,47.2,44.7,1.186,2.056,31.3,104.6,1822,-19.9996566,118.0031269,200,False,True
790,2025-07-11T13:17:00Z,2025-07-11T21:17:00+08:00,68,9-H-068,363657.861,6591699.874,363659.417,6591704.509,4.89,71.4,185,13.5,13.6,38.5,38.6,81.2,79.0,136.3,127.1,31.9,23.0,8.0,7.3,25.1,31.0,42.9,46.0,52.9,1.292,1.896,38.6,127.1,1772,-19.9997451,118.0031564,200,False,True
791,2025-07-11T13:21:00Z,2025-07-11T21:21:00+08:00,69,9-H-069,363644.587,6591766.687,363645.587,6591762.357,4.44,283.0,185,13.2,12.8,38.8,40.5,80.8,82.4,136.3,136.1,31.1,33.5,8.0,7.2,24.9,25.5,43.9,41.0,54.9,1.098,1.834,40.5,136.1,1463,-19.9992255,118.0030242,200,False,True
792,2025-07-11T14:00:00Z,2025-07-11T22:00:00+08:00,69,9-H-069,363644.587,6591766.687,363640.076,6591772.205,7.13,129.3,185,12.0,13.7,36.3,37.1,72.1,70.8,147.4,152.7,24.2,22.5,6.8,6.8,27.0,28.8,48.8,48.6,49.0,1.009,2.044,37.1,152.7,1529,-19.999137,118.0029715,200,False,True
793,2025-07-11T11:59:00Z,2025-07-11T19:59:00+08:00,70,9-H-070,363645.46,6591759.096,363651.88,6591758.682,6.43,356.3,185,12.4,11.9,36.5,38.1,78.9,71.7,145.2,135.3,29.0,24.8,5.4,8.3,27.2,25.7,43.8,49.5,54.8,1.182,2.035,38.1,135.3,1288,-19.9992585,118.0030843,200,False,True
794,2025-07-11T15:07:00Z,2025-07-11T23:07:00+08:00,70,9-H-070,363645.46,6591759.096,363644.537,6591761.661,2.73,109.8,185,14.1,14.0,39.6,37.2,83.9,82.5,157.4,150.6,31.1,32.6,6.0,5.9,26.7,29.4,42.1,38.0,58.3,1.101,1.823,37.2,150.6,1435,-19.9992318,118.0030141,200,False,True
795,2025-07-11T12:32:00Z,2025-07-11T20:32:00+08:00,71,9-H-071,363646.201,6591750.637,363639.204,6591752.842,7.34,162.5,185,12.5,12.4,38.1,39.0,84.0,83.7,145.7,144.3,29.9,28.8,5.4,6.5,28.4,24.8,41.7,46.5,58.2,1.129,1.749,39.0,144.3,1691,-19.999311,118.0029631,200,False,True
796,2025-07-11T15:06:00Z,2025-07-11T23:06:00+08:00,71,9-H-071,363646.201,6591750.637,363642.11,6591748.263,4.73,210.1,185,12.1,13.6,40.0,39.6,90.8,89.7,175.5,184.9,40.0,37.3,5.3,8.4,27.4,26.5,32.7,36.3,63.0,1.058,1.83,39.6,184.9,1470,-19.9993521,118.0029909,200,False,True
797,2025-07-11T14:20:00Z,2025-07-11T22:20:00+08:00,72,9-H-072,363647.074,6591743.399,363646.271,6591739.944,3.55,256.9,185,14.3,15.2,40.0,40.7,80.3,78.8,173.3,189.6,27.8,30.6,5.0,8.3,30.1,26.2,42.1,43.2,55.6,0.985,1.8,40.7,189.6,1455,-19.9994268,118.0030307,200,False,True
798,2025-07-11T14:45:00Z,2025-07-11T22:45:00+08:00,72,9-H-072,363647.074,6591743.399,363641.731,6591742.352,5.44,191.1,185,10.5,9.6,32.4,32.8,77.1,78.6,140.0,135.5,27.1,28.8,6.6,9.0,31.1,30.8,41.8,40.4,53.4,0.979,1.852,32.8,135.5,1462,-19.9994052,118.0029873,200,False,True
799,2025-07-11T12:43:00Z,2025-07-11T20:43:00+08:00,72,9-H-072,363647.074,6591743.399,363646.4,6591745.269,1.99,109.8,185,13.3,13.3,39.4,39.4,85.5,88.7,132.4,136.6,31.8,33.1,6.8,3.3,27.4,27.7,40.8,39.2,59.2,1.209,1.902,39.4,136.6,1538,-19.999379,118.0030319,200,False,True
800,2025-07-11T13:23:00Z,2025-07-11T21:23:00+08:00,73,9-H-073,363647.893,6591734.823,363643.703,6591731.005,5.67,222.3,185,13.0,13.1,35.3,37.6,77.2,69.2,132.1,123.9,29.6,17.5,8.5,7.1,31.9,25.7,38.5,56.8,52.4,1.153,1.906,37.6,123.9,1587,-19.9995071,118.0030062,200,False,True
801,2025-07-11T13:13:00Z,2025-07-11T21:13:00+08:00,73,9-H-073,363647.893,6591734.823,363647.255,6591739.782,5.0,97.3,185,12.7,12.7,35.9,33.5,81.9,86.1,160.2,166.8,33.6,36.0,12.5,6.3,28.9,29.4,37.6,34.7,55.5,1.116,1.728,33.5,166.8,1574,-19.9994283,118.0030401,200,False,True
802,2025-07-11T12:51:00Z,2025-07-11T20:51:00+08:00,74,9-H-074,363648.726,6591727.145,363652.725,6591730.655,5.32,41.3,185,13.9,13.3,37.7,38.3,79.4,80.2,142.5,133.7,28.4,31.3,9.9,7.6,24.9,30.8,46.6,37.9,53.1,1.042,1.846,38.3,133.7,1610,-19.9995103,118.0030924,200,False,True
803,2025-07-11T14:28:00Z,2025-07-11T22:28:00+08:00,74,9-H-074,363648.726,6591727.145,363643.403,6591722.44,7.1,221.5,185,13.3,13.4,37.0,37.1,78.5,82.1,149.5,144.7,31.2,33.8,8.3,6.8,26.7,29.8,42.0,36.4,52.5,1.06,1.885,37.1,144.7,1699,-19.9995841,118.0030033,200,False,True
804,2025-07-11T13:30:00Z,2025-07-11T21:30:00+08:00,75,9-H-075,363649.958,6591719.464,363646.593,6591721.468,3.92,149.2,185,9.5,9.8,28.2,30.5,65.3,68.2,114.8,108.3,19.2,20.6,9.4,8.4,32.6,31.6,48.2,47.9,43.6,1.175,1.984,30.5,108.3,1657,-19.9995928,118.0030338,200,False,True
805,2025-07-11T12:20:00Z,2025-07-11T20:20:00+08:00,76,9-H-076,363650.31,6591710.947,363653.867,6591707.396,5.03,315.0,185,15.3,16.2,39.6,40.1,85.4,93.4,143.7,147.1,34.8,39.2,5.5,9.3,27.0,26.7,38.2,34.1,55.6,1.097,2.021,40.1,147.1,1618,-19.9997192,118.0031033,200,False,True
806,2025-07-11T16:11:00Z,2025-07-12T00:11:00+08:00,76,9-H-076,363650.31,6591710.947,363644.457,6591709.005,6.17,198.4,185,10.7,10.7,30.5,28.4,69.0,69.3,111.5,110.0,23.4,23.2,7.9,10.9,29.4,30.3,47.2,46.5,44.9,1.347,1.861,28.4,110.0,1806,-19.9997048,118.0030134,200,False,True
807,2025-07-11T13:38:00Z,2025-07-11T21:38:00+08:00,77,9-H-077,363650.79,6591702.975,363647.517,6591707.852,5.87,123.9,185,13.7,13.6,37.2,36.3,72.2,67.8,126.2,128.8,23.2,19.9,8.1,6.8,27.4,29.2,49.4,50.9,46.9,1.289,1.916,36.3,128.8,1711,-19.9997151,118.0030426,200,False,True
808,2025-07-11T16:06:00Z,2025-07-12T00:06:00+08:00,77,9-H-077,363650.79,6591702.975,363654.992,6591710.96,9.02,62.2,185,11.6,10.8,31.9,30.6,72.6,80.3,123.3,126.6,22.8,27.2,6.6,8.6,30.9,28.5,46.3,44.3,47.1,1.222,1.835,30.6,126.6,1788,-19.9996872,118.0031141,200,False,True
