Leach_Feed_Throughput_M3Day,Leach_Feed_Dry_t,Percent_Solids
3369.29868707483,2534.1569999999997,51.041666666666664
3356.7481200229595,2527.7555,51.083333333333336
3376.4934980061626,2542.6245,51.083333333333336
3375.5029648932323,2547.996,51.166666666666664
3389.353888837532,2552.30885,51.083333333333336
3387.498022810831,2553.9797,51.125
3398.1683576719574,2555.8707999999997,51.041666666666664
3217.781612637231,2428.9401500000004,51.166666666666664
3369.609374025739,2537.4405,51.083333333333336
3356.909918280832,2543.1043,51.291666666666664
3384.0826442905013,2551.4047,51.125
3381.4315810604016,2549.4059500000003,51.125
2853.818734433579,2151.61605,51.125
3366.131027820002,2540.9215999999997,51.166666666666664
3395.553872810831,2560.05335,51.125
3370.278929448372,2537.9447,51.083333333333336
3367.7977879154223,2539.12685,51.125
3424.0175473922905,2575.3127999999997,51.041666666666664
3374.0802919602534,2553.0464,51.25
2215.3161902949914,1669.0175,51.1
3245.5718621787914,2449.9175999999998,51.166666666666664
3362.298895861632,2534.9809999999998,51.125
3386.635253371939,2556.3992000000003,51.166666666666664
3369.9591588155395,2540.7563999999998,51.125
3359.774328727022,2545.2743,51.291666666666664
3326.2387988997557,2507.79375,51.125
3338.9765739203804,2523.4532,51.208333333333336
3252.6918454248366,2443.51155,51.0
3381.0167617857473,2549.0932000000003,51.125
2929.522847237833,2215.2146000000002,51.22727272727273
3497.1771886621323,2478.1818000000003,49.0
3170.68108314437,2246.8190000000004,49.0
2875.3254635274684,2032.0608,48.90909090909091
3580.1447923339015,2530.7397,48.916666666666664
3530.7952646555495,2532.8896000000004,49.416666666666664
2966.737022765246,2157.02625,49.875
3514.9537252525256,2527.7028,49.5
3473.322642809448,2494.7114,49.458333333333336
3446.7134824707846,2509.0559999999996,49.916666666666664
3506.194251666047,2546.1461,49.833333333333336
3237.2577185185182,2362.3232,50.0
3444.0192,2513.2032,50.0
3247.732418518519,2369.9669000000004,50.0
3321.4764333333333,2423.7801,50.0
2259.02712037037,1648.4792499999999,50.0
2180.43339224537,1555.6518999999998,49.23076923076923
2023.706461747243,1439.3424,49.125
1022.5194073465661,718.1831999999999,48.7
3594.5625395431352,2525.3228,48.708333333333336
3525.8916496630154,2532.4690499999997,49.458333333333336
3537.273797166556,2522.0367499999998,49.208333333333336
3540.9087354497365,2509.1710000000003,49.0
3601.2831125472417,2551.9537,49.0
3630.858032343988,2547.67575,48.666666666666664
2575.5205821263753,1847.84145,49.421052631578945
3583.052132728648,2539.0348000000004,49.0
3445.5633313069525,2511.2731999999996,49.958333333333336
3606.0365974061488,2561.61165,49.083333333333336
3600.9533887755106,2551.72005,49.0
3642.0695126984133,2580.8559,49.0
3170.860230383481,2255.6061,49.130434782608695
3964.924313575733,2534.8672,45.583333333333336
3252.8519231568016,2455.926,51.17391304347826
3243.875275163398,2436.8882999999996,51.0
3365.2227705994187,2567.7977499999997,51.541666666666664
3589.0161628127116,2107.4328,42.869565217391305
5479.275581672891,2322.5512499999995,33.458333333333336
4838.023331133005,2135.59225,34.541666666666664
2985.5100481114778,1535.2604000000001,38.84615384615385
5276.919377441077,2434.4827,35.75
5063.019699056604,2119.09365,33.125
5531.178635978836,2483.1182,35.0
6096.0739674981105,2507.027,32.666666666666664
5285.677278526021,2369.2828499999996,34.958333333333336
4776.243888888889,2265.27,36.52173913043478
3128.716782979476,1224.50655,31.4
4835.225035322776,2108.106,34.208333333333336
5078.308681699346,2196.9309000000003,34.0
4919.640524171309,2201.83935,34.916666666666664
4765.732949673202,2119.0749,34.73913043478261
3378.648456340238,2405.9843499999997,49.166666666666664
3485.284019690577,2497.1820000000002,49.375
3388.848372732524,2336.9867999999997,48.083333333333336
4307.420877591497,2479.4703499999996,42.25
4554.986184749455,2524.3108,41.083333333333336
3400.2909560067683,2427.3450000000003,49.25
3466.330351517683,2520.2657,49.875
3415.8874579524336,2480.5666499999998,49.833333333333336
3535.2033785567683,2551.60225,49.625
3343.5111692921205,2234.87245,47.04347826086956
3425.9823797872336,2424.74715,48.958333333333336
3649.5764173513126,2241.5736,44.291666666666664
3728.8602051699518,2613.2127,48.625
3275.911144100802,2287.2864,48.5
2804.613676975945,1958.2199999999998,48.5
3601.572992745323,2514.668,48.5
1712.277272668289,1210.8036000000002,48.92857142857143
3571.559272544762,2534.0042,49.041666666666664
3740.7622602914385,2553.2679,47.73913043478261
3674.9334360895773,2556.3797,48.375
2687.067364864864,1957.9724999999999,49.95
2722.521877738236,1962.9168,49.588235294117645
3453.529654994945,2547.824,50.375
2214.7941128726284,1515.98265,47.833333333333336
3495.776325473564,2486.3383999999996,49.125
3387.8172523955136,2469.1854,49.958333333333336
3605.2873993699886,2517.26145,48.5
3504.795474074074,2447.0966,48.5
3553.9198909177094,2506.02195,48.833333333333336
3583.3770745014253,2520.5718500000003,48.75
3406.4827192662065,2533.25835,50.65
3533.987857728283,2508.3749,49.05555555555556
3476.4049727272727,2499.9813,49.5
3512.4501946079813,2528.9925000000003,49.541666666666664
3348.385381661272,2551.8935999999994,51.5
3356.0069506881773,2505.984,50.791666666666664
3368.605226932335,2551.96435,51.291666666666664
3555.3328,2544.2532,49.333333333333336
3610.5958875590354,2609.20195,49.666666666666664
3535.150504508856,2567.1737,49.833333333333336
3478.333318100807,2528.9927,49.875
3514.937444076258,2524.6012,49.458333333333336
3583.1993571876965,2551.6479999999997,49.166666666666664
3566.814242441422,2527.5282500000003,49.0
3557.1576150433807,2567.44815,49.625
3543.520099273323,2538.9077499999994,49.375
2855.3776669447116,2051.9483999999998,49.476190476190474
3662.153797107939,2643.2312,49.625
3440.310718128654,2478.7632,49.56521739130435
3588.4616301255237,2602.7136,49.791666666666664
3350.26145497076,2413.8822,49.56521739130435
3643.7121306623326,2537.8019000000004,48.416666666666664
3601.0230069564377,2654.5382500000005,50.34782608695652
3529.601727599021,2516.5666499999998,49.208333333333336
3602.301308121827,2571.5528999999997,49.25
3092.7742777777776,2175.4784999999997,48.75
1715.0264015033697,1108.1385,45.92857142857143
3165.996559380539,2285.12,49.625
1134.1846769767624,750.2719999999999,46.7
3468.6990355456123,2506.66,49.666666666666664
1236.0855988158673,823.0644,46.916666666666664
3339.584753295669,1310.496,31.466666666666665
3635.354217064846,2563.4448,48.833333333333336
3603.7584002066305,2575.749,49.291666666666664
3622.6294304713797,2605.1354499999998,49.5
3670.5683821677653,2559.6730500000003,48.458333333333336
3705.5804419789615,2648.52525,49.291666666666664
3801.457260515186,2628.0474,48.166666666666664
5200.272129487931,2050.0976499999997,31.583333333333332
2457.9031491424307,1776.2069999999999,49.666666666666664
3717.191073015873,2634.0888,49.0
3556.392621308037,2541.8948,49.291666666666664
6169.8540438302625,2586.4575,33.166666666666664
3601.021047979798,2589.59625,49.5
3552.3470546095355,2585.9526000000005,49.916666666666664
3563.0953680393254,2593.7769000000003,49.916666666666664
3635.1395839675292,2550.68,48.666666666666664
3537.082456125356,2488.0078999999996,48.75
3695.428663161202,2532.60175,47.875
2448.095015862742,1540.1566000000003,45.0625
3576.576643692564,2600.4224999999997,49.875
3156.564189617486,2028.4281,45.75
3510.89090653833,2527.8698,49.541666666666664
3458.842095886842,2505.6436000000003,49.75
3442.5673059277497,2570.6200000000003,50.791666666666664
3282.3730730975353,2525.6196,51.833333333333336
3327.637601515962,2566.5639,51.916666666666664
3485.3425370063005,2558.8541,50.208333333333336
3269.122459586057,2506.4294500000005,51.708333333333336
3545.7913173913034,2574.9008999999996,49.833333333333336
3279.6599511378854,2526.5445000000004,51.875
3286.2374530035327,2343.6755999999996,49.21739130434783
3550.9224740740738,2541.0971,49.333333333333336
3608.6495813115866,2630.1374,49.958333333333336
3429.7915942650875,2623.3353499999994,51.625
3440.5778542068074,2544.423,50.458333333333336
3469.856255371394,2552.6400000000003,50.27777777777778
3110.1905786807474,2297.30785,50.416666666666664
3507.4021955500057,2562.5697000000005,50.041666666666664
3355.506982272263,2445.6362999999997,49.958333333333336
3125.8429377630123,2292.1344,50.166666666666664
3364.428399044205,2482.09,50.375
3345.320515960913,2525.2128000000002,51.166666666666664
2869.0826640326973,2096.4339,50.04545454545455
3385.740506172839,2516.009,50.625
3055.413660377359,2585.628,55.208333333333336
3566.858491066443,2583.8925,49.75
947.7698993578517,643.8888000000001,47.583333333333336
2528.9093803778187,1960.4988000000003,52.095238095238095
3198.803298817966,2535.4662,52.875
3307.5098401944892,2514.7097999999996,51.416666666666664
3397.1858652685787,2503.2219,50.333333333333336
3439.735537322294,2513.13125,50.041666666666664
3387.2160376487686,2541.5087999999996,50.958333333333336
3308.2413629183397,2548.5627,51.875
2858.04345303661,2059.6115,49.57142857142857
3455.7411612588894,2530.96865,50.125
3571.6618000000008,2606.3478000000005,50.0
3486.412624798711,2603.3599999999997,50.791666666666664
3521.1193958732765,2622.939,50.708333333333336
3468.590852860286,2568.24525,50.5
3420.7938716744907,2517.564,50.291666666666664
2899.5154519174034,2020.1921999999997,48.42857142857143
3487.2970306808857,2604.0204,50.791666666666664
3685.0697481789107,2702.20715,50.166666666666664
3615.3983783287426,2670.474,50.416666666666664
3052.303309401709,2359.8203999999996,52.0
2976.332592365836,2109.0991000000004,49.0
3542.247150559651,2651.4375,50.875
3504.838445289955,2585.6768,50.375
3413.615544095264,2617.212,51.708333333333336
3559.257298820428,2600.4559499999996,50.041666666666664
3472.925690802265,2546.64505,50.166666666666664
3114.072412081442,2073.54745,46.916666666666664
3305.8078521481475,2561.9062000000004,52.083333333333336
3416.3643023965137,2566.4667999999997,51.0
3417.7048907407407,2539.76235,50.625
3204.0404435154214,2326.7264999999998,49.833333333333336
3694.068783557047,2669.5237500000003,49.666666666666664
3369.7044610794674,2546.676,51.208333333333336
3406.9022669595456,2528.6772,50.583333333333336
3341.73483971903,2492.3185000000003,50.75
1583.3920882400644,1149.3264,49.81818181818182
3335.4277862062722,2511.7005000000004,51.083333333333336
3564.4343976208306,2560.1523500000003,49.458333333333336
3492.926552654881,2589.3940000000002,50.541666666666664
3424.168170825371,2563.0532000000003,50.875
3417.045992813454,2490.4885499999996,49.958333333333336
3296.037112552654,2367.3762,49.458333333333336
1910.4492666666663,1367.14815,49.333333333333336
3245.3075094936717,2557.16325,52.666666666666664
3283.2959331926863,2587.0964999999997,52.666666666666664
3271.6387953064354,2478.5051999999996,51.291666666666664
3418.6452234226917,2589.8733,51.291666666666664
3530.560207750796,2601.499,50.333333333333336
3585.1533436069235,2597.1456,49.75
3434.607463485438,2500.2433499999997,49.916666666666664
3177.1856856579984,2248.6607000000004,48.958333333333336
3431.1382873563216,2558.997,50.75
3286.816932316254,2277.9097,48.25
998.6694095238095,737.2989,50.4
2709.0461343717548,2032.3122,50.95238095238095
3366.8697720797713,2562.91,51.458333333333336
3276.4661227686697,2449.5414,50.833333333333336
3340.209299832495,2419.7039999999997,49.75
3127.154836963453,2304.2491,50.333333333333336
3434.2741225736677,2607.9614,51.375
3577.340347235906,2668.0368,50.75
2589.3368293779213,1973.4025,51.5
3055.215386597938,2269.3162500000003,50.608695652173914
1554.1198329093672,1092.7528,48.73684210526316
2918.473392592593,2129.6968,50.0
3593.1122833472705,2669.6501500000004,50.61904761904762
3587.4840218555187,2656.2772,50.5
3616.650108695652,2626.3575,49.833333333333336
3516.6124999999997,2613.2625,50.625
2261.1188377431026,1608.5947500000002,49.13333333333333
3642.9237043010744,2687.5485,50.375
3594.916249318058,2694.105,50.916666666666664
3565.8217322373403,2681.9682500000004,51.041666666666664
3604.0259083820665,2681.458,50.666666666666664
3474.8791481542103,2604.1467000000002,50.916666666666664
3571.2226382104877,2644.2368,50.5
3308.746104639282,2555.0371,51.958333333333336
3322.478520246106,2489.9345000000003,50.916666666666664
3674.7158218931418,2658.781,49.708333333333336
3511.1197029009304,2618.6484,50.75
6206.8793985578495,2581.3550000000005,32.958333333333336
2451.7080716705154,1838.6631,50.94117647058823
3442.4422185782555,2636.16115,51.666666666666664
3433.5222856166843,2616.7787,51.5
3325.526583716475,2527.85715,51.40909090909091
3542.8267752688175,2506.6322999999998,48.94736842105263
1509.2310331626556,792.2752999999999,39.45454545454545
5925.0201969396185,2523.3921,33.583333333333336
3174.808686225896,2345.0373,50.416666666666664
3708.337502365801,2497.352,47.291666666666664
3206.3906225955197,2529.49005,52.708333333333336
3120.5152768610183,2310.5199999999995,50.5
3045.137632321151,2257.43685,50.541666666666664
3474.7288987876586,2604.0341,50.916666666666664
3501.7214985257992,2621.1033,50.875
3330.0268741830064,2501.60775,51.0
3358.3881216607815,2532.0325000000003,51.125
3267.7889146341463,2472.6195,51.25
2668.1465785906057,1966.9813,50.35
3439.5445859981933,2602.5809,51.25
3132.123319383617,2378.5104,51.375
3266.5277590909086,2349.0526499999996,49.5
3011.040991577364,2287.6342,51.391304347826086
3066.919387969177,2216.3134,49.666666666666664
3283.5140679455085,2393.1647999999996,49.958333333333336
3131.1847896587255,2346.575,50.916666666666664
2090.9986391196308,1624.3247999999999,52.166666666666664
3499.4357826451555,2613.0846,50.791666666666664
3267.0817979988806,2358.08025,49.625
3459.4785932178934,2623.9533,51.333333333333336
3523.4610641975314,2618.3518000000004,50.625
3374.8957844054585,2510.9812,50.666666666666664
2670.484026045996,1955.85,50.125
2242.3891174060336,1663.3445,50.5625
3411.798242668863,2532.3111000000004,50.583333333333336
3562.4639290464415,2640.9438,50.541666666666664
3329.7471126715086,2546.8145999999997,51.625
2932.6934535336677,2134.8720000000003,49.916666666666664
2539.330490271205,1957.324,51.89473684210526
3249.206127219564,2530.0497000000005,52.25
3193.4452345377167,2407.675,51.125
3317.107929522621,2558.4425,51.916666666666664
3303.1845037712887,2508.41295,51.375
3320.4890051442,2509.4811,51.208333333333336
3850.4810685185184,2560.66475,46.875
2789.998791748297,2013.73625,49.625
3403.648409969414,2553.8384000000005,50.958333333333336
3363.3855416367983,2575.62095,51.666666666666664
3509.993465921076,2630.4620999999997,50.916666666666664
3450.78590831462,2633.0858,51.541666666666664
3423.309007881773,2553.1578,50.75
2430.5411474537036,1762.1569000000002,49.77777777777778
1367.8228624952596,964.5108,48.833333333333336
3345.8123953161594,2689.7616,53.375
3195.921910268563,2524.2156,52.75
2212.357746625789,1737.472,52.55
3326.852077312864,2543.4098000000004,51.608695652173914
3550.049840003596,2705.58745,51.5
3603.6549979996366,2700.654,50.916666666666664
3432.1878614833195,2532.0792,50.375
3190.9666247310815,2275.1236,49.208333333333336
3310.1501655374886,2504.6727499999997,51.25
2897.3464390572385,2127.7228,50.21739130434783
3350.6501460032628,2523.1635,51.083333333333336
3307.4382632996635,2508.6334,51.333333333333336
3314.571457971796,2529.1488,51.541666666666664
2852.111913043478,2189.322,51.75
