Date,Leach_Feed_Throughput_M3Hr,Leach_Feed_Throughput_M3Day,Percentsolids,Leach_Feed_Grade_Au_Gt_Ds,Leach_Feed_Grade_Au_Gt_Ns,Au_Grade,Leach_Feed_Grade_Ag_Gt_Ds,Leach_Feed_Grade_Ag_Gt_Ns,Leach_Feed_Grade_Ag_Gt_Day,Cn_Added_Free_Cn_Ppm_Leach_Tank_1,Cn_Added_Free_Cn_Ppm_Leach_Tank_2,Daily_Nacn_Consumption_Kgt,Mtd_Nacn_Consumption_Kgt,Nacn_Used_T,Au_Feed_g,CN_Tailings_Concentration,Au_Tailings_g,Leach_Feed_Gt_150um_Day,Leach_Feed_Gt_75um_Day,Leach_Feed_Lt_75um_Day,Cyanide_Profile_Ppm_Leach_Tank_1,Cyanide_Profile_Ppm_Leach_Tank_2,Cyanide_Profile_Ppm_Cil_Tank_01,Cyanide_Profile_Ppm_Cil_Tank_02,Cyanide_Profile_Ppm_Cil_Tank_03,Cyanide_Profile_Ppm_Cil_Tank_04,Cyanide_Profile_Ppm_Cil_Tank_05,Cyanide_Profile_Ppm_Cil_Tank_06,Cyanide_Profile_Ppm_Cil_Tank_07,Cyanide_Profile_Ppm_Cil_Tank_08,Cyanide_Profile_Ppm_Cil_Tank_09,Dissolved_Oxygen_Profile_Ppm_Leach_Tank_01,Dissolved_Oxygen_Profile_Ppm_Leach_Tank_02,Dissolved_Oxygen_Profile_Ppm_Cil_Tank_01,Dissolved_Oxygen_Profile_Ppm_Cil_Tank_02,Dissolved_Oxygen_Profile_Ppm_Cil_Tank_03,Dissolved_Oxygen_Profile_Ppm_Cil_Tank_04,Dissolved_Oxygen_Profile_Ppm_Cil_Tank_05,Dissolved_Oxygen_Profile_Ppm_Cil_Tank_06,Dissolved_Oxygen_Profile_Ppm_Cil_Tank_07,Dissolved_Oxygen_Profile_Ppm_Cil_Tank_08,Dissolved_Oxygen_Profile_Ppm_Cil_Tank_09,Carbon_Concentration_Profile_Gl_Cil_Tank_01,Carbon_Concentration_Profile_Gl_Cil_Tank_02,Carbon_Concentration_Profile_Gl_Cil_Tank_03,Carbon_Concentration_Profile_Gl_Cil_Tank_04,Carbon_Concentration_Profile_Gl_Cil_Tank_05,Carbon_Concentration_Profile_Gl_Cil_Tank_06,Carbon_Concentration_Profile_Gl_Cil_Tank_07,Carbon_Concentration_Profile_Gl_Cil_Tank_08,Carbon_Concentration_Profile_Gl_Cil_Tank_09,Gold_Carbon_Loadings_Profile_Gt_Of_Carbon_Cil_Tank_01,Gold_Carbon_Loadings_Profile_Gt_Of_Carbon_Cil_Tank_02,Gold_Carbon_Loadings_Profile_Gt_Of_Carbon_Cil_Tank_03,Gold_Carbon_Loadings_Profile_Gt_Of_Carbon_Cil_Tank_04,Gold_Carbon_Loadings_Profile_Gt_Of_Carbon_Cil_Tank_05,Gold_Carbon_Loadings_Profile_Gt_Of_Carbon_Cil_Tank_06,Gold_Carbon_Loadings_Profile_Gt_Of_Carbon_Cil_Tank_07,Gold_Carbon_Loadings_Profile_Gt_Of_Carbon_Cil_Tank_08,Gold_Carbon_Loadings_Profile_Gt_Of_Carbon_Cil_Tank_09,Silver_Carbon_Loadings_Profile_Gt_Of_Carbon_Cil_Tank_01,Silver_Carbon_Loadings_Profile_Gt_Of_Carbon_Cil_Tank_02,Silver_Carbon_Loadings_Profile_Gt_Of_Carbon_Cil_Tank_03,Silver_Carbon_Loadings_Profile_Gt_Of_Carbon_Cil_Tank_04,Silver_Carbon_Loadings_Profile_Gt_Of_Carbon_Cil_Tank_05,Silver_Carbon_Loadings_Profile_Gt_Of_Carbon_Cil_Tank_06,Silver_Carbon_Loadings_Profile_Gt_Of_Carbon_Cil_Tank_07,Silver_Carbon_Loadings_Profile_Gt_Of_Carbon_Cil_Tank_08,Silver_Carbon_Loadings_Profile_Gt_Of_Carbon_Cil_Tank_09,Dissolved_Gold_Metal_Profile_G_Milled_Tons_Leach_Tank_01,Dissolved_Gold_Metal_Profile_G_Milled_Tons_Leach_Tank_02,Dissolved_Gold_Metal_Profile_G_Milled_Tons_Cil_Tank_01,Dissolved_Gold_Metal_Profile_G_Milled_Tons_Cil_Tank_02,Dissolved_Gold_Metal_Profile_G_Milled_Tons_Cil_Tank_03,Dissolved_Gold_Metal_Profile_G_Milled_Tons_Cil_Tank_04,Dissolved_Gold_Metal_Profile_G_Milled_Tons_Cil_Tank_05,Dissolved_Gold_Metal_Profile_G_Milled_Tons_Cil_Tank_06,Dissolved_Gold_Metal_Profile_G_Milled_Tons_Cil_Tank_07,Dissolved_Gold_Metal_Profile_G_Milled_Tons_Cil_Tank_08,Dissolved_Gold_Metal_Profile_G_Milled_Tons_Cil_Tank_09,Dissolved_Silver_Metal_Profile_Gmilled_Tons_Leach_Tank_01,Dissolved_Silver_Metal_Profile_Gmilled_Tons_Leach_Tank_02,Dissolved_Silver_Metal_Profile_Gmilled_Tons_Cil_Tank_01,Dissolved_Silver_Metal_Profile_Gmilled_Tons_Cil_Tank_02,Dissolved_Silver_Metal_Profile_Gmilled_Tons_Cil_Tank_03,Dissolved_Silver_Metal_Profile_Gmilled_Tons_Cil_Tank_04,Dissolved_Silver_Metal_Profile_Gmilled_Tons_Cil_Tank_05,Dissolved_Silver_Metal_Profile_Gmilled_Tons_Cil_Tank_06,Dissolved_Silver_Metal_Profile_Gmilled_Tons_Cil_Tank_07,Dissolved_Silver_Metal_Profile_Gmilled_Tons_Cil_Tank_08,Undissolved_Gold_Profile_Au_Grams_Per_Day_Per_Tank_Leach_Tank_01,Undissolved_Gold_Profile_Au_Grams_Per_Day_Per_Tank_Leach_Tank_02,Undissolved_Gold_Profile_Au_Grams_Per_Day_Per_Tank_Cil_Tank_01,Undissolved_Gold_Profile_Au_Grams_Per_Day_Per_Tank_Cil_Tank_02,Undissolved_Gold_Profile_Au_Grams_Per_Day_Per_Tank_Cil_Tank_03,Undissolved_Gold_Profile_Au_Grams_Per_Day_Per_Tank_Cil_Tank_04,Undissolved_Gold_Profile_Au_Grams_Per_Day_Per_Tank_Cil_Tank_05,Undissolved_Gold_Profile_Au_Grams_Per_Day_Per_Tank_Cil_Tank_06,Undissolved_Gold_Profile_Au_Grams_Per_Day_Per_Tank_Cil_Tank_07,Undissolved_Gold_Profile_Au_Grams_Per_Day_Per_Tank_Cil_Tank_08,Undissolved_Gold_Profile_Au_Grams_Per_Day_Per_Tank_Cil_Tank_09,Leach_Feed_Dry_t,Ph_Leach_Tank_01,Ph_Leach_Tank_02,Ph_Cil_Tank_01,Ph_Cil_Tank_02,Ph_Cil_Tank_03,Ph_Cil_Tank_04,Ph_Cil_Tank_05,Ph_Cil_Tank_06,Ph_Cil_Tank_07,Ph_Cil_Tank_08,Ph_Cil_Tank_09,Dissolved_Au_Metal_Profile_G_Leach_Tank_01,Dissolved_Au_Metal_Profile_G_Leach_Tank_02,Dissolved_Au_Metal_Profile_G_Cil_Tank_01,Dissolved_Au_Metal_Profile_G_Cil_Tank_02,Dissolved_Au_Metal_Profile_G_Cil_Tank_03,Dissolved_Au_Metal_Profile_G_Cil_Tank_04,Dissolved_Au_Metal_Profile_G_Cil_Tank_05,Dissolved_Au_Metal_Profile_G_Cil_Tank_06,Dissolved_Au_Metal_Profile_G_Cil_Tank_07,Dissolved_Au_Metal_Profile_G_Cil_Tank_08,Dissolved_Au_Metal_Profile_G_Cil_Tank_09,Undissolved_Au_g,Gold_In_Carbon_Total_Au_Grams,Au_on_Carbon_g,Residence_Time,Tonnes_Processed,Leach_Cn_Adds_To_Tank_1,Leach_Cn_Adds_To_Tank_2,CN_Concentration_PL_01,Solids_Fraction,Liquid_Fraction,Slurry_Mass_Kg,Solution_Mass_Kg,NaCN_Used_Kg,CN_Kg_T,Dissolved_Oxygen_Profile_Ppm_Leach_Tank_01_Imputed,Dissolved_Oxygen_PL_01,Leach_Feed_Grade_Au_Gt,Fines_Fraction,Grade_x_Fines,Particle_Size,Au_Recovery_g,Au_Recovery_pct,Total_Au_in_Solution_g,Au_Residual_g,Au_Accounted_g,Au_Unaccounted_g,Au_Inventory_g
2025-05-01,118.9688276214816,2855.2518629155584,50.458333333333336,1.865,1.64,1.7525,1.82,1.7,1.76,55.0,100.0,0.0,0.0,0.0,3718.409554548101,210.0,425.4207418221512,7.656274965164886,15.153864375290295,77.18986065954483,55.0,100,845,310,205,170,205,240.0,310,275,295,8.13,7.12,7.71,13.45,8.81,8.3,8.31,8.59,8.52,8.29,7.83,13.875,10.9375,9.875,11.3125,10.8125,11.0,7.375,12.0,15.5,631.0,514.0,350.5,291.0,260.0,224.0,183.0,147.5,128.5,0.0,0.0,0.0,0.0,0.0,0.0,0.0,0.0,0.0,,1.611,1.112,1.045,0.978,0.772,0.315,0.114,0.088,0.021,0.002,1.59,2.099,1.685,1.636,1.401,1.109,0.829,0.639,0.61,0.379,369.766810666546,421.5341641598624,84.86148304797233,71.66080790717663,67.88918643837786,62.23175423517971,54.68851129758216,52.80270056318279,49.03107909438401,45.25945762558524,35.83040395358832,2111.55475,10.9,11.135,11.145,11.105,11.1,10.975,10.925,10.92,10.91,10.84,10.845,1000.5639517788884,1169.744939271255,205.8925356795513,193.4871400945423,181.08174450953337,142.93978196458053,58.323874765340506,21.10768801031371,16.2936539026983,3.8882583176893672,0.3703103159704159,1315.5563589894375,8036.771249999999,300.5669903261256,35.72364362135312,3889.923756739585,False,True,100.0,0.5045833333333334,0.4954166666666666,4184749.298100744,2073194.548100744,207.31945481007432,0.0981833195706027,8.13,16.243750000000002,1.7525,0.7718986065954482,1.3527523080585229,69.04150894101254,3292.9888127259496,88.55906710701606,2993.693878610363,-724.7156759377381,5035.237969748077,-1316.8284151999765,2694.398944494776
2025-05-02,145.28881628061765,3099.494747319844,46.95,1.7000000000000002,1.755,1.7275,1.47,1.91,1.69,110.0,225.0,0.0,0.0,0.0,3494.9103634543126,150.0,417.8531566057508,7.837938931297709,11.210906488549616,80.95115458015268,110.0,225,175,210,210,190,215,175.0,205,175,175,19.89,10.72,8.0,8.03,8.09,7.65,8.16,8.17,8.29,8.23,7.31,12.25,9.3125,10.5625,10.9375,12.3125,13.4375,9.25,10.75,16.875,722.0,497.0,415.0,282.5,232.5,203.5,156.5,126.5,100.0,1437.0,1281.0,1013.0,826.0,558.0,410.0,391.0,329.0,308.0,1.378,2.049,1.451,1.286,1.143,0.926,0.792,0.164,0.047,0.009,0.001,1.984,1.863,1.474,1.351,1.295,0.993,0.733,0.567,0.365,0.179,486.5707074690433,339.93296001261933,108.7785472040382,98.5805584036596,76.48491600283936,67.98659200252386,62.88759760233457,56.08893840208219,49.2902792018298,45.89094960170361,35.69296080132503,2065.9224,11.605,11.58,11.52,11.57,11.465,11.4,11.37,11.41,11.335,11.375,11.335,1497.9857244262166,1543.1738307437497,278.6637546336462,246.9755950784762,219.5125234639956,177.83779241265083,152.10316586481582,31.496110103320447,9.026324236927202,1.728445066645634,0.1920494518495149,1428.1850067039989,7914.761718749999,-1080.056975063677,29.252079470393305,3929.07451644,False,True,225.0,0.4695,0.5305,4400260.702875399,2334338.302875399,525.2261181469648,0.2542332268370607,19.89,16.532386363636366,1.7275,0.8095115458015267,1.3984311953721376,66.80424021946564,3077.0572068485617,88.0439521146187,4158.695315482294,663.7849520279815,4924.676503728367,-1429.766140274054,5240.333424116026
2025-05-03,132.3897368105277,3177.353683452665,52.375,2.075,1.995,2.035,1.79,1.86,1.825,190.0,300.0,0.0,0.0,0.0,4534.73697652518,200.0,513.5164972002387,7.540118764845606,11.806199524940617,80.65368171021377,190.0,300,310,230,280,210,200,220.0,235,215,225,,0.0,0.0,0.0,0.0,0.0,0.0,0.0,0.0,0.0,0.0,12.875,10.125,8.625,9.0625,4.875,8.375,4.8125,11.0,13.125,535.5,412.5,321.0,243.0,208.0,189.5,138.0,115.0,106.5,0.0,0.0,0.0,0.0,0.0,0.0,0.0,0.0,0.0,1.989,2.286,1.392,1.117,1.045,0.9,0.362,0.188,0.136,0.075,0.004,2.239,2.951,2.327,1.88,1.71,1.413,0.998,0.844,0.859,0.317,343.83643019962705,312.5785729087519,93.65635490778476,85.6856012986116,73.72947088485184,67.75140567797197,61.77334047109208,53.80258686191891,49.817210057332325,47.82452165503903,41.84645644815915,2482.9317,11.24,11.32,11.295,11.375,11.255,11.25,11.235,11.375,11.295,11.465,11.505,1310.301029218761,1624.375354009809,252.2258423706569,202.3967427643849,189.35057850383365,163.07705325689025,65.59321475443808,34.06498445810596,24.64275471437453,13.589754438074186,0.7247869033639567,1232.3019513711406,5602.334062499999,142.38738980770302,32.10218633550481,4493.1752776125,False,True,300.0,0.52375,0.4762499999999999,4740681.050119332,2257749.350119332,677.3248050357995,0.2727923627684964,19.89,16.817386363636363,2.035,0.8065368171021378,1.6413024228028503,66.80402315914489,4021.220479324941,88.6759364466221,3880.342095392692,-654.3948811324876,5768.547933771774,-1233.8109572465946,3739.463711460443
2025-05-04,137.10013322856096,2879.10279779978,50.5,2.175,2.215,2.195,2.11,2.07,2.09,310.0,240.0,0.0,0.0,0.0,4458.536144863366,200.0,483.8276358178218,7.625088289962824,11.860627323420074,80.51428438661709,310.0,240,300,315,270,270,275,255.0,245,235,245,,0.0,0.0,0.0,0.0,0.0,0.0,0.0,0.0,0.0,0.0,12.125,13.0,9.125,7.25,8.0,10.125,10.4375,11.625,17.9375,663.0,432.5,288.0,273.5,213.0,191.0,166.0,149.5,136.5,0.0,0.0,0.0,0.0,0.0,0.0,0.0,0.0,0.0,1.844,2.393,1.914,1.508,1.335,0.678,0.28,0.065,0.044,0.018,0.004,1.91,2.311,1.888,1.356,1.233,1.077,0.8,0.571,0.458,0.345,392.4273689926691,362.810209068694,92.51660331251696,79.29994569644312,69.85947597067607,66.08328808036926,58.530912299755634,54.75472440944881,49.0904425739886,47.20234862883519,43.42616073852837,2131.7712,11.145,11.375,11.195,11.29,11.175,11.12,11.14,11.31,11.215,11.395,11.34,1394.1984795004073,1736.7605213141458,354.2251181102362,279.0864566929134,247.0692438229704,125.47786315503666,51.819766494705405,12.029588650556612,8.143106163453705,3.3312707032310613,0.7402823784957915,1316.001479771925,7096.434843750001,-236.7912175877101,30.99924048151568,3925.6566648,True,False,310.0,0.505,0.495,4221329.108910891,2089557.908910891,647.7629517623761,0.3038613861386138,19.205,17.099431818181817,2.195,0.8051428438661711,1.7672885422862454,66.94425243959108,3974.708509045544,89.1482849953962,4212.881696986153,-245.654447877213,5775.91959498819,-1317.383450124824,4451.054884926762
2025-05-05,101.3608141893992,2432.659540545581,50.23529411764706,2.26,2.335,2.2975,2.04,2.34,2.19,195.0,325.0,0.0,0.0,0.0,3917.0673534497073,300.0,376.41690967988296,7.164375347029429,10.66,82.17562465297057,195.0,325,315,295,290,325,305,300.0,280,300,300,,0.0,0.0,0.0,0.0,0.0,0.0,0.0,0.0,0.0,0.0,7.25,7.375,5.0,7.1875,7.0,8.0,5.9375,2.5625,8.5,772.5,535.0,409.5,357.5,247.0,220.0,222.0,194.5,151.0,1536.0,1234.0,982.5,779.0,680.0,592.0,514.0,479.0,369.0,1.921,1.777,0.963,0.677,0.435,0.473,0.149,0.08,0.025,0.007,0.002,2.272,2.525,1.905,1.043,1.103,1.099,0.973,0.77,0.677,0.655,404.11382321075774,448.1989675610222,89.93369447453954,65.5766522210184,61.82941495124594,58.08217768147345,56.20855904658721,50.58770314192849,46.84046587215601,44.96684723726977,43.09322860238353,1787.40245,10.93,11.075,11.1,11.245,11.06,11.07,11.07,11.165,11.08,11.16,11.21,1135.4763877381938,1293.424064750494,178.73926868905744,125.65574756229688,80.73892199349947,87.79197724810402,27.655400866738898,14.848537378114845,4.64016793066089,1.299247020585049,0.3712134344528711,1369.4315340003825,5291.8396875,588.670427474138,41.92941852320367,3299.5449227000004,False,True,325.0,0.5023529411764706,0.4976470588235294,3558061.083138173,1770658.6331381735,575.4640557699064,0.3219555035128806,18.5,17.39943181818182,2.2975,0.8217562465297057,1.8879849764019987,65.61796918378678,3540.6504437698245,90.3903385948067,2950.640934612198,-966.4264188375092,5285.1598057666015,-1368.0924523168942,2360.631425454572
2025-05-06,136.086622020955,3203.7058934099828,51.54166666666666,2.085,2.04,2.0625,2.21,1.91,2.06,185.0,295.0,2.7857842371246453,0.5228753553066646,6.81,5039.22871328456,240.0,542.3985110460792,5.570875202593194,17.223679092382497,77.2054457050243,185.0,295,285,280,285,285,275,270.0,235,260,235,18.5,10.5,8.31,8.06,8.3,7.9,8.31,8.18,8.4,8.37,7.91,9.4375,6.625,7.4375,6.125,4.1875,3.3125,4.5,2.6875,4.875,768.5,493.0,377.5,281.0,284.0,209.5,171.0,153.5,101.5,0.0,0.0,0.0,0.0,0.0,0.0,0.0,0.0,0.0,1.56,1.936,1.47,0.959,0.765,0.656,0.275,0.175,0.086,0.014,0.007,3.562,3.149,2.676,1.911,1.541,1.237,1.131,1.011,1.026,0.717,473.0844623152315,434.9324895478741,124.5280391126545,103.124782390167,87.55877750108519,75.88427383427384,68.10127138973293,66.1555207785977,62.26401955632725,54.48101711178635,48.64376527838066,2444.554,11.545,11.405,11.545,11.805,11.59,11.495,11.4565,11.65,11.56,11.505,11.565,1675.1121747275592,1388.8724497955268,268.9146889493043,175.43482088597474,139.9453993511686,120.00546663315896,50.30716970140048,32.01365344634576,15.732423979347056,2.5610922757076606,1.2805461378538303,1598.758418816111,4744.9603125,628.167398995473,31.23010871226985,4458.357213916667,False,True,295.0,0.5154166666666666,0.4845833333333333,4742869.523039612,2298315.523039612,678.0030792966855,0.2773524656426839,18.5,17.690795454545455,2.0625,0.772054457050243,1.592362317666126,67.72839343598054,4496.8302022384805,89.23647760586472,3870.179885883348,-1169.0488274012114,6639.504214741011,-1600.2755014564518,3243.529569528216
2025-05-07,139.45305631619348,3346.873351588644,49.25,2.19,2.19,2.19,1.93,2.11,2.02,750.0,665.0,0.0,0.4418248218949644,0.0,4831.132401962435,250.0,544.9586624436548,5.430384307445957,16.74544835868695,77.8241673338671,750.0,665,495,475,480,485,470,495.0,445,430,455,22.0,12.86,8.26,8.37,8.53,8.14,8.59,8.61,8.72,8.5,8.22,13.6875,12.4375,8.5,6.625,6.3125,6.6875,6.85,9.0625,18.8125,660.5,498.5,381.5,323.5,252.5,191.0,155.0,136.5,110.5,1574.5,1331.0,945.5,843.5,645.0,495.0,401.5,345.0,314.0,2.335,2.101,1.698,1.173,0.795,0.63,0.561,0.203,0.117,0.02,0.009,2.09,2.572,2.369,2.038,1.599,1.372,1.099,0.957,0.803,0.605,414.0410683129781,342.65467722453366,96.47870755603276,87.37694269225607,78.2751778284794,69.17341296470272,60.071648100926055,54.61058918266004,49.149530264394045,43.68847134612803,41.8681183733727,2389.2121,11.62,11.615,11.925,11.9745,11.485,11.375,11.41,11.555,11.47,11.51,11.495,1360.8710240236212,1545.5081197154743,318.51002415783114,220.03077640585155,149.12571802442625,118.1750973023755,105.23211045497249,38.07864246409878,21.94680378472688,3.751590390551604,1.6882156757482214,1337.3883438464636,7108.22859375,406.2654989879645,30.476205486408432,4450.504839275,True,False,750.0,0.4925,0.5075000000000001,4851192.081218273,2461979.981218274,1846.4849859137053,0.7728426395939086,22.0,17.905795454545455,2.19,0.778241673338671,1.7043492646116896,67.25388560848678,4286.17373951878,88.71985660707023,3882.9181223996775,-948.2142795627578,6171.530627677761,-1340.3982257153257,3479.6625052805744
2025-05-08,135.5861771020855,3254.068250450052,52.29166666666666,2.26,2.55,2.405,2.42,2.23,2.325,230.0,275.0,0.0,0.3793830292678631,0.0,5905.11531714024,510.0,605.4172830203187,5.867649556155925,17.807499035121573,76.32485140872251,230.0,275,260,310,325,305,305,330.0,315,345,355,18.27,10.61,8.31,8.22,8.46,8.0,8.29,8.48,8.6,8.65,8.38,13.25,6.375,12.875,11.1875,9.125,7.625,12.875,10.375,15.0625,768.5,721.5,491.0,370.0,287.0,238.0,214.0,197.0,150.0,0.0,0.0,0.0,0.0,0.0,0.0,0.0,0.0,0.0,1.85,2.21,1.417,1.25,0.835,0.654,0.614,0.558,0.228,0.089,0.008,2.794,2.954,2.443,2.255,1.856,1.635,1.515,1.303,1.019,0.958,522.327159783734,428.7760266881399,109.33788680547568,95.42215575750603,77.53050155297366,67.59069366156679,61.62680892672265,57.650885770159896,55.66292419187853,53.67496261359715,49.6990394570344,2536.8481,11.38,11.62,11.53,11.805,11.5,11.475,11.88,11.71,11.495,11.75,11.78,1530.6356838835843,1571.8888761072126,257.0038312435293,226.7147417462326,151.44544748648337,118.6171528816289,111.36228114574944,101.20546071551824,41.35276889451283,16.14208961233176,1.4509743471758887,1579.2990452087886,9367.5046875,1174.8942102892838,31.345378200316777,4594.337611104167,False,True,275.0,0.5229166666666667,0.4770833333333333,4851342.980079682,2314494.880079681,636.4860920219124,0.2508964143426295,18.27,18.04102272727273,2.405,0.763248514087225,1.835612676379776,68.46424884214589,5299.698034119921,89.74757899709377,4127.81930806396,-1777.29600907628,7487.429846582352,-1582.314529442112,2955.940582007999
2025-05-09,137.78082176112753,3306.7397222670606,51.63,1.91,1.82,1.8625,1.77,1.85,1.81,480.0,530.0,1.346266453214572,0.4987935763024309,3.405,4581.437759027845,330.0,607.878627713075,5.92854961832061,13.223045801526716,80.84840458015267,480.0,530,590,525,510,530,530,465.0,430,405,330,19.02,10.45,8.6,8.27,8.57,8.0,8.34,8.55,8.41,8.4,8.17,13.8125,12.5,10.3125,11.9375,8.5,7.1875,6.875,4.9375,15.75,750.5,543.5,462.5,310.5,261.0,251.5,233.0,218.0,190.5,1387.5,1041.5,916.0,714.0,671.0,590.5,442.0,460.5,431.0,2.152,1.915,1.452,1.18,1.062,0.931,0.777,0.298,0.106,0.036,0.006,2.123,2.115,1.996,1.741,1.589,1.308,1.04,0.989,0.849,0.769,428.3256739145347,359.48761917827017,83.86769668701558,76.06605048357227,68.26440428012896,64.3635811784073,56.56193497496399,52.66111187324234,48.760288771520685,46.80987722065986,44.85946566979903,2529.217,11.32,11.28,11.44,11.4,11.24,11.275,11.37,11.355,11.295,11.405,11.44,1378.9612456272723,1372.5108032100968,265.37120104259554,215.6597914808972,194.0938123328075,170.15192022772482,142.0064898141162,54.46323547568421,19.372828726250088,6.579451265518897,1.0965752109198164,1330.027704232115,9011.9390625,156.12885846069082,30.846092697634525,4609.628240237505,False,True,530.0,0.5163,0.4837,4898735.23145458,2369518.231454581,1255.8446626709278,0.4965349602944026,19.02,18.171704545454546,1.8625,0.8084840458015267,1.505801535305343,65.67509064885496,3973.5591313147697,86.73170607817963,3820.267354413884,-761.1704046139607,5914.302544819765,-1332.8647857919204,3666.975577512998
2025-05-10,143.01174772429246,3333.3654865403832,50.958333333333336,2.285,2.315,2.3,2.08,2.25,2.165,300.0,285.0,0.0,0.4445069679382737,0.0,5420.906546438574,530.0,614.7070132525756,6.695577443028196,19.9554808806489,73.3489416763229,300.0,285,290,295,300,365,355,375.0,390,405,415,,0.0,0.0,0.0,0.0,0.0,0.0,0.0,0.0,0.0,0.0,12.5,11.5625,11.125,10.0,7.0625,8.5625,8.8125,6.1875,14.0,758.5,518.0,469.0,359.5,334.0,338.0,290.5,278.0,228.0,0.0,0.0,0.0,0.0,0.0,0.0,0.0,0.0,0.0,1.924,1.958,1.958,1.749,1.288,1.051,0.956,0.387,0.167,0.039,0.01,3.01,2.821,2.645,2.4,1.89,1.44,1.248,1.135,1.062,1.054,0.0,0.0,95.66628416914722,80.35967870208366,74.61970165193483,63.13974755163717,57.39977050148833,53.57311913472245,51.6597934513395,47.83314208457361,45.919816401190666,2501.10345,11.605,11.54,11.865,11.88,11.455,11.435,11.67,11.575,11.43,11.74,11.77,1756.152786929946,1413.8762980299482,360.5384559976368,322.0540140653048,237.1672785112136,193.52702617646383,176.03409802540386,71.26066520484446,30.75072632870549,7.181307346224635,1.8413608580063163,570.1710536481174,9437.14359375,244.90645880811564,29.717838342857203,4586.294238793751,True,False,300.0,0.5095833333333334,0.4904166666666666,4908134.325429272,2407030.875429272,722.1092626287816,0.288716271463614,19.02,18.14965909090909,2.3,0.7334894167632291,1.6870256585554269,70.84164735419081,4806.199533185998,88.6604388401341,4570.384017473698,-850.5225289648761,6000.168543182507,-579.2619967439332,4334.568501761398
2025-05-11,138.0501151347876,3313.2027632349027,52.208333333333336,1.91,1.99,1.95,1.78,1.91,1.845,295.0,280.0,0.0,0.3996895740395522,0.0,4757.765604144852,300.0,631.1021740965682,7.81729213483146,18.903640449438203,73.27906741573034,295.0,280,270,270,285,260,250,255.0,265,275,275,,0.0,0.0,0.0,0.0,0.0,0.0,0.0,0.0,0.0,0.0,13.6875,11.875,10.9375,8.875,7.75,6.5,3.875,4.4375,13.25,1033.5,595.0,537.0,469.5,400.5,377.5,365.0,340.5,327.0,0.0,0.0,0.0,0.0,0.0,0.0,0.0,0.0,0.0,2.432,2.08,1.523,1.075,0.785,0.941,0.824,0.635,0.248,0.109,0.009,1.922,2.379,12.379,1.952,1.696,1.894,1.722,1.352,1.412,1.247,497.75489091703264,427.7581093818249,113.04480217936045,97.17886503138004,85.27941217039472,75.36320145290696,65.4469907354192,57.514022161429,51.56429573093635,49.5810535874388,49.5810535874388,2576.817,11.4,11.62,11.855,11.905,11.715,11.72,11.855,11.76,11.635,11.73,11.73,1359.1075886801996,1480.8505942665347,276.4954524241936,195.16258132370857,142.51407101312674,170.8353386284742,149.5943879169636,115.28208292144646,45.023553644911374,19.78857801328766,1.6339192855008158,1570.066696935562,11237.244374999998,169.66345062296796,30.785921444907448,4670.373445125,True,False,295.0,0.5220833333333333,0.4779166666666666,4935643.096568236,2358826.096568236,695.8536984876297,0.2700438946528332,11.25,18.101136363636364,1.95,0.7327906741573034,1.4289418146067414,71.5863904494382,4126.663430048284,86.73532438111775,3956.288148118348,-801.4774560265041,6327.120469773447,-1569.3548656285948,3785.912866188412
2025-05-12,142.95540241029855,3430.9296578471653,50.708333333333336,2.4850000000000003,2.3150000000000004,2.4000000000000004,2.2,2.32,2.26,280.0,270.0,0.0,0.3633538766524782,0.0,5784.701989802465,240.0,619.592132144618,6.806862967157418,18.096727066817664,75.09640996602492,280.0,270,260,275,265,265,260,260.0,250,250,235,11.25,0.57,8.19,8.13,8.36,8.07,8.35,8.44,8.47,8.41,8.17,12.5,10.0,6.0625,6.5,10.25,8.75,8.25,8.1875,14.375,1162.0,796.0,736.5,508.0,492.0,359.5,238.5,225.5,161.0,1659.0,1276.0,1140.0,954.5,903.5,731.5,557.5,480.0,406.5,1.909,2.641,1.402,1.642,1.276,1.072,0.773,0.262,0.125,0.028,0.009,2.948,3.003,2.161,2.321,2.321,2.083,1.713,1.224,1.135,0.853,625.7296365985808,409.7039287252613,117.77125660266148,98.77589263449026,83.5796014599533,75.98145587268482,66.48377388859922,60.78516469814786,55.08655550769649,51.28748271406226,47.48840992042801,2555.7552,11.37,11.55,12.015,11.985,11.4,11.405,11.95,11.85,11.425,11.795,11.885000000000002,1831.9858992088136,1912.361565142481,258.8748137652739,303.1900457935662,235.6093169504205,197.9413697263721,142.73197649112467,48.37746163088572,23.08085001473556,5.170110403300764,1.6618212010609597,1692.673158622565,11365.0790625,202.5622737722876,29.729551512869783,4697.371567800001,True,False,280.0,0.5070833333333333,0.4929166666666666,5040108.857847165,2484353.657847165,695.6190241972063,0.2721774856203779,11.25,18.026136363636365,2.4000000000000004,0.7509640996602492,1.8023138391845983,69.8190331257078,5165.109857657847,89.28912616005348,4960.985230328034,-823.7167594744305,7475.812794867505,-1691.11080506504,4756.860602998221
2025-05-13,102.41979793564056,2355.655352519733,61.0,2.19,1.965,2.0775,2.03,2.13,2.08,465.0,355.0,1.4594997186444594,0.447348221970069,3.405,4854.859072806558,320.0,598.6417173442624,10.607678345293373,16.507678345293375,72.88464330941325,465.0,355,330,360,355,355,345,340.0,345,340,325,16.53,9.93,8.9,8.76,8.77,8.41,8.53,8.73,8.74,8.77,8.4,12.5,9.0,8.0,7.0,7.6875,8.4375,9.875,9.5625,17.0,1094.0,767.5,476.5,402.0,335.0,216.5,173.5,130.0,97.0,0.0,0.0,0.0,0.0,0.0,0.0,0.0,0.0,0.0,2.53,2.049,1.082,0.711,0.517,0.476,0.16,0.085,0.015,0.004,0.002,2.53,2.978,2.32,2.107,1.866,1.683,1.531,1.359,1.036,1.059,643.74624173181,534.804570054119,156.57889356584485,126.2733012627781,103.54410703547804,98.49317498496691,95.96770895971136,88.39131088394467,80.814912808178,73.23851473241129,65.66211665664461,2332.9912000000004,11.68,11.6,12.12,11.71,11.61,11.745,12.045,11.87,11.595,11.86,11.715,1142.280216476248,1297.4125075165364,174.70428743235118,114.80106133493685,83.47700240529164,76.85696933253156,25.834275405892964,13.724458809380636,2.421963319302465,0.6458568851473241,0.322928442573662,2067.5148526758867,9235.072031250002,1325.5015800218548,41.49588346845452,3879.764365600001,True,False,465.0,0.61,0.39,3824575.7377049183,1491584.537704918,693.5868100327868,0.297295081967213,16.53,17.971818181818183,2.0775,0.7288464330941324,1.5141784647530598,73.57689689742507,4256.217355462296,87.66922564864088,2932.481527360193,-1922.3775454463648,6924.139677402197,-2069.2806045956386,1608.745699258091
2025-05-14,130.15323282054703,2369.8734476074605,51.375,2.115,2.3200000000000003,2.2175,2.21,2.37,2.29,410.0,270.0,0.0,0.4223813193581351,0.0,4122.933204336496,270.0,462.32090617299264,13.461736334405144,21.01979635584137,65.51846730975349,410.0,270,290,255,245,275,280,270.0,300,280,270,19.72,10.63,8.07,8.0,8.19,8.02,8.32,8.18,8.27,8.32,7.68,12.75,9.4375,9.3125,9.625,9.25,9.9375,12.3125,9.1875,17.0,998.5,533.0,482.5,361.5,305.0,284.5,189.5,142.0,98.0,1490.5,1058.0,930.5,808.5,805.5,690.0,590.5,489.0,449.5,1.804,2.179,1.789,1.299,1.136,1.072,0.962,0.37,0.19,0.056,0.002,2.531,2.62,2.458,1.995,1.903,1.781,1.534,1.343,1.036,0.749,637.8895504003286,486.011086019298,112.31412440977212,102.63187230548144,91.0131697803326,83.26736809690003,65.83931430917677,60.02996304660235,54.22061178402793,52.284161363169794,48.41126052145351,1799.6636999999998,11.575,11.435,11.875,11.715,11.36,11.485,11.65,11.595,11.36,11.575,11.56,1523.736399096695,1566.1422705809898,327.88722952165887,238.08021864093612,208.20564155204272,196.47574625333613,176.31498870868407,67.81345719564773,34.823126668035314,10.263658386368304,0.3665592280845823,1793.9124820365432,9354.95390625,-687.6040724261577,32.65381817952862,3287.310706012499,True,False,410.0,0.51375,0.4862499999999999,3502995.0364963496,1703331.33649635,698.3658479635035,0.3880535279805352,19.72,17.92159090909091,2.2175,0.6551846730975349,1.452872012593784,79.96454314040729,3660.612298163503,88.78660208012286,4350.10929583248,227.1760914959841,5918.738611615858,-1795.805407279362,5039.606293501456
2025-05-15,120.0173625,2880.4167,50.0,2.655,2.25,2.4525,2.36,2.29,2.325,315.0,270.0,0.0,0.3965334481153065,0.0,4890.130141050001,240.0,558.0612733500001,12.961522633744856,19.56728395061728,67.47119341563786,315.0,270,260,245,265,230,250,240.0,230,220,230,19.87,10.27,8.54,8.06,8.17,8.02,8.49,8.35,8.28,8.13,8.0,12.625,10.625,10.25,10.75,10.5,10.375,13.75,11.125,15.375,873.5,520.5,456.0,345.5,288.0,275.0,219.0,185.5,169.0,0.0,0.0,0.0,0.0,0.0,0.0,0.0,0.0,0.0,2.12,1.751,1.43,1.104,0.905,0.682,0.172,0.108,0.019,0.007,0.006,0.655,1.995,2.193,1.962,1.779,1.412,1.248,1.143,0.798,0.642,408.6486486486487,313.78378378378375,96.76216216216216,93.04054054054052,85.59729729729729,76.29324324324324,66.98918918918918,61.40675675675676,55.82432432432432,52.1027027027027,50.24189189189189,2101.9257,11.01,11.34,11.575,11.59,11.25,11.26,11.45,11.425,11.27,11.41,11.2965,426.8918918918918,1277.7567567567569,266.0959459459459,205.4335135135135,168.40337837837836,126.90729729729728,32.00594594594594,20.09675675675676,3.53554054054054,1.3025675675675674,1.1164864864864863,1360.6905405405405,9816.6871875,1800.7799907129236,35.411543059030315,3888.5625450000007,True,False,315.0,0.5,0.5,4203851.4,2101925.7,662.1065955,0.315,19.87,17.985227272727272,2.4525,0.6747119341563785,1.6547310185185184,78.43145576131687,4332.068867700001,88.58800773694391,2529.546081081081,-2360.58405996892,6249.077885684545,-1358.9477446345445,727.0232944621611
2025-05-16,132.70356574074077,3184.8855777777785,51.41666666666666,2.2,1.99,2.095,2.19,2.13,2.16,275.0,290.0,0.0,0.3704192423614796,0.0,5234.9689956,170.0,645.1237857,19.971074249605056,13.124881516587676,66.90404423380727,275.0,290,300,345,385,430,495,515.0,480,395,300,20.12,9.87,8.15,8.03,8.44,7.98,8.58,8.63,8.41,8.39,8.02,11.8125,8.6875,9.0,10.125,12.25,12.625,10.4375,9.0625,12.8125,943.0,594.0,466.0,367.0,309.0,271.5,251.0,203.5,188.0,1528.5,1262.0,1086.5,972.5,869.0,764.5,699.5,473.0,426.0,0.585,2.095,1.58,1.183,1.047,0.959,0.753,0.257,0.079,0.022,0.006,2.454,2.69,2.473,2.19,1.979,1.854,1.552,1.323,1.284,0.988,494.1969786865045,463.78485692118113,106.632501939665,98.87741088950754,85.306001551732,75.61213773903518,67.85704668887772,62.04072840125964,56.22441011364153,54.28563735110218,52.346864588562816,2421.4782,11.085,11.325,11.465,11.385,11.37,11.265,11.435,11.425,11.315,11.425,11.455,1333.3620555885173,1505.0611564967369,289.4458901921409,216.7180304413308,191.8037006526402,175.6826637305463,137.9447818447355,47.08075555656976,14.472294509607046,4.030259230523481,1.099161608324586,1617.1645748710694,9765.26484375,672.5613660558882,32.02626829412486,4421.417403350001,False,True,290.0,0.5141666666666667,0.4858333333333333,4709520.0,2288041.8,663.532122,0.2740194489465153,20.12,18.15954545454545,2.095,0.6690404423380727,1.4016397266982623,83.16689375987362,4589.845209900001,87.67664553042765,3916.700749851672,-1318.268245748328,6851.550476478629,-1616.581480878629,3243.5562898033445
2025-05-17,138.6621635547284,3164.963883136676,51.36363636363637,2.0700000000000003,2.06,2.0650000000000004,1.9,2.15,2.025,290.0,285.0,0.9447847993532013,0.4056488405921751,2.27,4866.531232997123,280.0,565.7634784971237,12.892709083633452,20.73587034813925,66.3714205682273,290.0,285,265,290,265,270,300,290.0,295,280,275,,0.0,0.0,0.0,0.0,0.0,0.0,0.0,0.0,0.0,0.0,12.5,10.75,12.375,8.75,9.5,13.375,15.5,11.5,14.6875,821.5,791.0,582.5,452.5,350.0,286.0,267.5,190.5,149.5,0.0,0.0,0.0,0.0,0.0,0.0,0.0,0.0,0.0,1.856,2.139,1.804,1.451,1.109,0.962,0.841,0.546,0.333,0.075,0.005,1.956,2.027,1.856,1.491,1.357,1.235,0.958,0.871,0.756,0.564,508.6265240109481,402.3463548146306,114.21322468275692,104.53413784523516,92.919233640209,83.24014680268725,73.56105996516547,67.7536078626524,60.01033839263499,52.267068922617575,48.39543418760886,2402.66355,11.205,11.4,11.47,11.5,11.28,11.315,11.3,11.27,11.23,11.25,11.285,1428.3262005474,1537.589201293854,330.67872107489427,265.9727407315253,203.28309405324708,176.33754416521523,154.15787384921623,100.08347101268974,61.03991913411297,13.747729534710128,0.9165153023140086,1607.8671311271464,11633.82515625,28.76672425106881,30.65003380192155,4389.229457931818,True,False,290.0,0.5136363636363637,0.4863636363636363,4677752.0442477865,2275088.4942477867,659.7756633318581,0.2746017699115043,20.56,18.217954545454543,2.0650000000000004,0.6637142056822729,1.3705698347338937,79.07580532212886,4300.767754499999,88.374399517648,4272.13301069918,-594.3982222979421,6474.530344574519,-1607.9991115773964,4243.498266898361
2025-05-18,135.59685689434025,3254.324565464166,51.333333333333336,2.745,2.535,2.64,2.85,2.11,2.48,225.0,225.0,0.0,0.3816027668270711,0.0,6122.672108875325,180.0,630.5986988753247,11.82047040376323,20.88125049000392,67.29827910623285,225.0,225,215,205,215,230,215,190.0,215,220,200,21.0,10.71,9.79,9.16,9.11,8.48,8.73,9.02,9.0,8.89,8.51,12.875,9.625,8.875,8.625,8.4375,12.3125,12.6875,11.0,13.75,791.0,589.5,448.0,338.5,262.0,288.0,258.5,215.5,202.0,0.0,0.0,0.0,0.0,0.0,0.0,0.0,0.0,0.0,1.987,2.609,2.021,1.816,1.379,1.142,1.035,0.957,0.097,0.062,0.007,2.952,3.463,3.03,2.894,2.442,2.065,1.824,1.674,1.206,0.954,568.8617292958774,356.4866836920831,106.37714337832908,98.64062385990512,90.9041043414812,81.23345494345128,73.49693542502735,61.892156147391454,56.0897665085735,50.28737686975556,48.35324699014957,2468.3476,11.905,11.725,11.87,12.065,11.625,11.69,11.905,11.85,11.615,11.97,11.485,1640.222911346224,1876.0813571689164,370.5817967894928,332.9918569865012,252.861107260124,209.4034695366654,189.78335461510392,175.48084093396565,17.78645932141554,11.368664720904777,1.2835589201021522,1592.6232214520246,9419.182031250002,414.3483180879488,31.34290939584008,4510.493847733334,False,True,225.0,0.5133333333333333,0.4866666666666667,4808469.350649351,2340121.750649351,526.5273938961041,0.2133116883116883,21.0,18.27386363636364,2.64,0.6729827910623285,1.7766745684045473,77.82636956095648,5492.07341,89.70059660779124,5077.845377599417,-1044.826731275908,7715.415616014714,-1592.7435071393893,4663.617345198833
2025-05-19,139.8382586841617,3274.54589085412,51.04166666666666,2.15,1.915,2.0325,2.0,2.18,2.09,220.0,220.0,0.9216812895937228,0.4117629080875103,2.27,5150.9844823918365,150.0,657.3906845224491,14.82126592356688,22.973093152866245,62.20564092356688,220.0,220,215,210,210,220,200,210.0,195,190,175,,0.0,0.0,0.0,0.0,0.0,0.0,0.0,0.0,0.0,0.0,12.375,12.0625,10.1875,7.8125,9.875,7.875,11.0625,10.5,16.3125,866.0,706.5,449.5,397.5,344.5,321.5,272.0,261.5,209.5,1243.5,1099.5,775.0,763.0,637.0,552.5,624.0,574.5,412.0,2.281,2.369,1.768,1.334,0.797,0.423,0.137,0.097,0.076,0.029,0.008,2.721,2.214,2.097,1.621,1.595,1.49,1.265,0.923,0.805,0.513,549.0562819783968,458.8004548038658,93.97888004548038,84.38919840818647,67.12777146105742,63.291898806139855,57.5380898237635,53.70221716884594,51.78428084138716,49.86634451392837,49.86634451392837,2462.8904,11.425,11.345,11.545,11.575,11.205,11.17,11.615,11.345,11.2,11.525,11.364999999999998,1660.737919272314,1709.073905628198,325.2506878908471,245.4097384877772,146.62036100056852,77.8173308698124,25.203249005116547,17.844636156907335,13.981364411597498,5.334994314951677,1.471722569641842,1579.4017623649802,10717.554375,266.4780626385765,30.39225488068353,4512.733555833334,False,True,220.0,0.5104166666666666,0.4895833333333333,4825254.661224491,2362364.2612244906,519.720137469388,0.2110204081632653,20.55,18.44818181818182,2.0325,0.6220564092356687,1.2643296517714966,82.88476562499999,4493.593797869387,87.2375720258976,4228.745909607734,-922.2385727841028,6732.016419133739,-1581.0319367419024,3963.89802134608
2025-05-20,132.68575726147756,3184.4581742754613,50.958333333333336,1.93,2.165,2.0475,1.95,2.27,2.11,215.0,205.0,0.0,0.3906012692353796,0.0,5046.179731626328,130.0,612.7398180947465,12.3428432563791,20.19648845686513,67.46066828675578,215.0,205,205,180,190,185,185,165.0,150,160,145,20.1,11.25,9.46,8.96,8.94,8.48,8.88,8.81,8.77,8.7,7.95,9.625,8.0625,7.25,8.75,5.25,14.25,10.25,6.875,14.8125,996.0,663.5,625.0,516.5,452.5,406.5,329.0,251.0,203.5,0.0,0.0,0.0,0.0,0.0,0.0,0.0,0.0,0.0,2.302,1.428,1.577,1.151,1.063,0.969,0.683,0.118,0.027,0.004,0.001,2.601,1.847,2.494,2.059,2.116,2.068,1.612,1.312,0.826,0.773,457.6975164170965,390.1683746506396,120.53951805312548,101.40626121929606,91.83963280238132,82.2730043854666,76.53302733531778,66.96639891840304,63.13974755163717,57.39977050148833,51.6597934513395,2389.37475,10.71,11.075,11.36,11.115,10.855,10.91,10.88,11.05,10.875,11.115,10.66,1392.9353314094842,1031.1620804835372,290.3826073075961,211.94063475652703,195.73665920607144,178.42786714081208,125.76494660183144,21.728058124474536,4.971674316617055,0.7365443432025267,0.1841360858006316,1559.6230452861912,10268.1009375,978.8749193430864,32.03056671429116,4381.416390531251,True,False,215.0,0.5095833333333334,0.4904166666666666,4688879.31316435,2299504.5631643496,494.3934810803352,0.2069133278822567,20.1,18.638977272727274,2.0475,0.6746066828675578,1.3812571831713245,78.05135935601459,4433.439913531582,87.85735247885697,3453.970539775956,-1592.209191850373,6605.20832249998,-1559.0285908736514,2474.501166020329
2025-05-21,137.49792003185985,3299.9500807646364,51.66666666666666,2.9,2.83,2.865,2.5,2.42,2.46,250.0,210.0,0.0,0.3704650595078422,0.0,6221.254288309678,150.0,700.8469003870969,16.624664634146338,21.11856707317073,62.25676829268293,250.0,210,195,180,170,175,155,160.0,155,155,155,,0.0,0.0,0.0,0.0,0.0,0.0,0.0,0.0,0.0,0.0,10.6875,6.8125,10.875,8.8125,7.1875,8.8125,8.1875,8.0,13.6875,898.5,866.0,631.0,585.5,411.0,353.0,261.5,213.5,149.5,1291.0,1139.0,907.0,829.5,796.0,657.5,515.5,531.5,479.5,1.929,2.017,2.475,2.053,1.578,1.281,0.688,0.119,0.092,0.033,0.01,2.957,3.431,3.274,2.823,2.389,2.041,1.542,1.187,1.005,0.707,574.3366880146385,520.7319304666056,130.83389752973468,115.2119396157365,107.40096065873742,95.6844922232388,85.92076852698993,66.39332113449223,60.535086916742905,54.6768526989936,52.72410795974383,2527.0432,10.985,11.255,11.545,11.64,11.2,11.195,11.66,11.68,11.23,11.715,11.73,1420.575480329369,1444.932296431839,452.1233989021043,375.03407593778593,288.2629185727356,234.00811070448307,125.68117108874657,21.738458371454712,16.806203110704484,6.028311985361391,1.82676120768527,1864.450045745654,10068.515625,1135.1003420887766,30.90955847924992,4603.430362666667,True,False,250.0,0.5166666666666666,0.4833333333333334,4891051.35483871,2364008.15483871,591.0020387096775,0.2338709677419355,20.885,18.801022727272727,2.865,0.6225676829268293,1.783656411585366,83.97993521341463,5520.407387922581,88.73463665190387,4387.01718664227,-1834.237101667408,8087.414474863797,-1866.16018655412,3253.6269853619588
2025-05-22,145.3262942153891,2693.380652791878,51.391304347826086,2.7750000000000004,3.03,2.9025000000000003,2.43,3.07,2.75,225.0,285.0,1.1093234876231264,0.4000723784393076,2.27,5629.239044652792,220.0,585.128771652792,19.15725555030704,20.596041568256968,60.24670288143599,225.0,285,290,250,235,245,245,260.0,240,235,215,21.67,8.96,8.26,8.23,8.15,7.87,8.12,8.23,8.11,7.74,5.53,13.25,9.0,7.5625,9.9375,9.75,9.25,10.0,9.125,15.125,993.0,763.5,671.5,516.5,415.0,316.0,252.0,183.5,151.5,0.0,0.0,0.0,0.0,0.0,0.0,0.0,0.0,0.0,1.983,2.475,1.638,1.51,1.128,0.811,0.227,0.088,0.018,0.001,0.001,3.123,3.318,2.713,2.534,2.387,1.991,1.872,1.532,0.727,0.699,691.3712326810455,759.7486073418082,118.17889587201827,108.49210112841024,102.6800242822454,94.93058848735896,91.05587058991571,81.36907584630767,69.744922153978,61.99548635909156,56.18340951292672,2046.2922,10.82,10.995,11.075,11.37,11.01,11.075,11.07,11.035,11.035,11.015,11.015,1656.3998000285678,1778.5637766033428,300.15689044422226,276.70140694186546,206.70144836451936,148.61247750321385,41.596834023710905,16.125644907870306,3.2984273675189257,0.1832459648621625,0.1832459648621625,2235.7502142551057,11142.1771875,615.7875935452879,29.24453570460584,3737.241311008696,False,True,285.0,0.5139130434782608,0.4860869565217391,3981786.8527918784,1935494.6527918784,551.6159760456854,0.2695685279187818,21.67,19.048295454545453,2.9025000000000003,0.60246702881436,1.74866055113368,86.8190954180444,5044.110272999999,89.60554407067495,4428.523198114556,-1200.7158465382354,7865.189777567742,-2235.95073291495,3812.936123229113
2025-05-23,140.63186144974256,3375.1646747938216,51.458333333333336,3.99,2.585,3.2875,3.11,2.67,2.89,370.0,315.0,0.0,0.3809081024607856,0.0,7428.693338234413,230.0,762.7683393125508,18.5283870967742,20.87690172543136,60.59471117779445,370.0,315,260,250,250,255,245,245.0,240,260,210,,0.0,0.0,0.0,0.0,0.0,0.0,0.0,0.0,0.0,0.0,13.125,11.8125,8.9375,9.875,9.5,10.5,11.25,10.3125,19.1875,1099.0,822.5,511.5,469.5,398.0,243.0,183.5,164.0,143.5,1421.5,1263.5,982.5,867.0,827.0,626.5,594.5,538.0,522.5,2.305,2.378,1.515,0.858,0.636,0.772,0.622,0.361,0.068,0.032,0.009,2.789,3.75,2.665,2.343,2.101,1.01,1.297,1.568,0.735,0.592,692.7051706426209,624.1958680515924,157.2288494464103,131.9945896587148,122.28910512498577,87.34936080356127,79.58497317657803,69.87948864284901,64.05619792261159,58.23290720237417,54.35071338888257,2569.2242,11.489999999999998,11.4,11.48,11.41,11.27,11.265,11.45,11.43,11.285,11.375,11.34,1257.3383175436595,1707.5674009816237,277.4078957881521,157.1062538523,116.45638397443216,141.35900696267552,113.89287866681887,66.10181543202832,12.45131149412168,5.859440703116084,1.6479676977513984,2141.8672240611804,11778.33046875,2810.3190318703505,30.220747675439235,4689.369420041667,True,False,370.0,0.5145833333333334,0.4854166666666666,4992824.356275303,2423600.156275303,896.7320578218621,0.3490283400809715,21.635,19.251136363636363,3.2875,0.6059471117779445,1.992051129969992,86.20854744936234,6665.924998921862,89.73213316820211,3857.18867309668,-3571.504665137734,9572.143268340762,-2143.449930106349,1048.4523472714964
2025-05-24,140.17774224649406,3364.265813915857,51.5,3.0,2.515,2.7575,2.29,2.56,2.425,280.0,230.0,0.885336621949367,0.4039219177615491,2.27,6223.728106201455,200.0,777.6501811820389,19.19804878048781,19.385853658536583,61.416097560975615,280.0,230,220,220,230,215,235,225.0,235,215,190,21.6,9.25,8.28,8.17,8.25,8.06,8.34,8.32,8.28,8.29,7.74,14.4375,11.0,9.5625,9.75,10.375,8.75,8.5,9.5,16.6875,981.5,773.5,598.0,397.0,319.0,290.5,226.0,191.0,163.5,0.0,0.0,0.0,0.0,0.0,0.0,0.0,0.0,0.0,1.751,2.543,1.833,1.41,1.056,0.81,0.373,0.131,0.068,0.033,0.01,3.218,3.076,2.903,2.689,2.333,1.935,1.926,1.743,1.529,1.23,525.8673609208001,571.5949575226089,110.7751027678816,93.28429706768978,87.45402850095917,79.68033707865168,73.85006851192108,68.01979994519046,66.0763770896136,64.13295423403673,64.13295423403673,2563.9965,11.4,11.31,11.2,11.19,11.16,11.12,11.175,11.165,11.14,11.1,11.17,1895.527267744588,1825.1896409975327,335.47818169361466,258.06013976431893,193.27057275966013,148.2473143326939,68.26697314332694,23.975800219238145,12.445453548917513,6.039705398739381,1.830213757193752,1804.86823787339,11368.7765625,680.9073698967206,30.318650677984472,4678.01161425,True,False,280.0,0.515,0.485,4978633.980582523,2414637.480582524,676.0984945631067,0.2636893203883494,21.6,19.424772727272728,2.7575,0.614160975609756,1.6935488902439022,86.11371951219512,5446.077925019416,87.50507464477487,4768.331263359824,-1455.396842841631,8031.757052311974,-1808.0289461105183,4090.584601700232
2025-05-25,138.54959678291428,3325.1903227899425,51.375,2.73,2.805,2.7675,2.91,2.59,2.75,250.0,270.0,0.0,0.3865533612466126,0.0,6950.065898029196,230.0,786.3733788175183,19.22427697016067,20.931935730680948,59.84378729915837,250.0,270,245,235,210,220,210,220.0,195,220,210,,0.0,0.0,0.0,0.0,0.0,0.0,0.0,0.0,0.0,0.0,13.6875,10.6875,11.25,10.875,10.875,10.625,8.6875,6.375,11.875,1191.0,748.0,592.0,440.0,306.0,247.0,227.5,188.5,162.5,0.0,0.0,0.0,0.0,0.0,0.0,0.0,0.0,0.0,2.641,2.961,2.316,1.467,1.072,0.874,0.361,0.139,0.06,0.023,0.009,3.823,3.921,3.781,2.748,2.467,2.088,1.706,1.289,1.165,1.086,554.3563949907618,668.2652432765348,118.12347567234656,108.44122356805586,98.75897146376516,91.0131697803326,81.33091767604189,77.45801683432562,73.58511599260933,69.71221515089304,67.77576473003491,2525.124,10.98,11.575,11.645,11.665,11.63,11.605,11.615,11.595,11.55,11.61,11.605,2093.7000615889965,2128.1997536440163,424.4755861219463,268.8711938000411,196.47574625333613,160.18638267296245,66.1639406692671,25.47586635187848,10.996776842537468,4.215431122972697,1.6495165263806202,2008.820509135702,11934.24703125,781.5652593353077,30.674935897930403,4612.4546265,False,True,270.0,0.51375,0.4862499999999999,4915083.211678832,2389959.211678832,645.2889871532846,0.2555474452554744,21.3,19.404545454545456,2.7675,0.5984378729915837,1.656176813504208,87.11280604437643,6163.692519211678,88.68538240708614,5380.410255594336,-1569.65564243486,8957.169402882864,-2007.103504853668,4597.127991976995
2025-05-26,141.0928184373497,3386.2276424963934,51.333333333333336,3.55,2.475,3.0125,2.88,2.69,2.785,325.0,265.0,0.8838208705343563,0.4073908013633701,2.27,7157.8465351461045,220.0,856.0923349431818,15.826761726078798,20.194195121951218,63.97904315196999,325.0,265,225,235,230,230,225,215.0,215,210,210,21.0,9.32,8.42,8.23,8.34,8.02,8.21,8.35,8.28,8.32,7.92,13.8125,9.75,11.6875,10.3125,10.5,9.3125,9.375,8.75,16.5625,1216.0,791.0,532.0,387.5,337.0,287.5,160.5,153.5,138.5,1711.5,1165.0,960.0,770.0,728.5,665.0,477.0,433.0,370.0,2.913,3.07,2.042,1.54,1.01,0.763,0.282,0.111,0.055,0.018,0.008,4.262,4.054,3.459,2.738,2.286,1.794,1.658,1.31,1.237,0.873,652.2947829259393,591.6161984677125,129.58670193360086,112.179533017147,104.44301349872308,102.5088836191171,96.70649398029914,87.03584458226923,81.23345494345128,77.36519518423933,71.56280554542137,2568.39375,12.125,11.645,11.54,11.55,11.415,11.38,11.485,11.58,11.425,11.595,11.505,2280.923750456038,2207.5775264502004,374.4324735497992,282.3829624224735,185.1992156147391,139.90792229113458,51.70908792411527,20.35357716161984,10.085105800802625,3.300580080262677,1.4669244801167454,2106.53290769792,11750.312343750003,748.6441861267137,30.122015047046155,4693.311512500001,True,False,325.0,0.5133333333333333,0.4866666666666667,5003364.448051948,2434970.698051948,791.3654768668831,0.308116883116883,21.0,19.392727272727274,3.0125,0.6397904315196998,1.927368674953096,82.404824108818,6301.754200202923,88.0398059564474,5557.339126231302,-1600.507408914803,9268.608554999117,-2110.762019853012,4812.92405225968
2025-05-27,140.915304136253,3311.5096472019454,51.375,2.055,2.175,2.115,2.21,1.98,2.095,315.0,370.0,0.0,0.3913349428990207,0.0,5271.9400144708015,190.0,857.3900263138684,15.382214559386972,21.08454406130268,63.53324137931035,315.0,370,360,345,310,305,290,260.0,260,255,230,21.5,9.79,8.47,8.23,8.22,8.07,8.29,8.37,8.29,8.15,7.67,12.4375,10.1875,10.5,11.4375,15.25,8.9375,8.8125,10.4375,17.3125,1160.0,690.5,573.0,466.5,341.0,233.5,178.5,164.5,151.0,0.0,0.0,0.0,0.0,0.0,0.0,0.0,0.0,0.0,3.172,2.475,1.826,1.49,1.414,1.249,0.946,0.316,0.119,0.027,0.007,2.753,3.068,2.863,2.58,2.044,1.883,1.607,1.154,1.182,1.086,569.5442414288649,501.1989324574011,127.80572777663728,118.12347567234656,112.31412440977212,106.50477314719772,96.822521042907,87.14026893861632,85.20381851775817,81.33091767604189,71.6486655717512,2514.735,10.93,11.56,11.795000000000002,11.785,11.475,11.44,11.675,11.61,11.32,11.6,11.575,1689.0474235269971,1778.8903715869435,334.66857524122366,273.0866249230138,259.15737425579965,228.91623793882167,173.3825148840074,57.916358037364,21.810274071032644,4.9485495791418606,1.282957298296038,1957.6374666392944,11731.37859375,-409.1683184983529,30.15996045319971,4593.477819374999,False,True,370.0,0.51375,0.4862499999999999,4894861.313868612,2380126.3138686125,880.6467361313867,0.3501946472019464,21.5,19.38266666666667,2.115,0.6353324137931035,1.3437280551724136,82.4056082375479,4414.549988156933,83.73672644300879,4823.107261342643,-448.8327531281584,7228.966435797453,-1957.026421326652,5231.664534528353
2025-05-28,145.37815273123854,3489.0756655497253,50.29166666666666,2.37,2.37,2.37,2.04,1.96,2.0,260.0,255.0,0.0,0.3761955740540994,0.0,5138.171232480365,270.0,593.1358504803645,11.266233133433284,18.61142803598201,70.12233883058471,260.0,255,265,260,275,255,260,265.0,250,295,275,,0.0,0.0,0.0,0.0,0.0,0.0,0.0,0.0,0.0,0.0,12.875,11.0,9.25,10.25,10.125,11.9375,9.5,12.0,15.5,868.5,642.0,544.5,367.0,341.5,284.0,209.0,181.5,150.0,1297.0,980.5,809.0,764.5,562.0,491.5,466.0,428.0,370.0,2.35,2.595,1.748,1.431,1.469,1.121,0.978,0.301,0.13,0.036,0.009,2.471,2.738,2.228,2.163,2.271,1.789,1.57,1.419,1.29,1.07,515.1712924279036,463.6541631851133,110.72502992254016,105.09494365529235,99.46485738804456,91.9580756983808,80.6979031638852,73.19112147422146,65.68433978455772,58.17755809489398,48.79408098281431,2567.8166,10.545,11.2,11.275,11.38,11.285,11.285,11.355,11.315,11.28,11.335,11.31,1801.0983491791064,1887.6616381743863,324.2413482080351,265.44014261195554,272.48886757299977,207.9373863508052,181.41192136582285,55.8333214019557,24.114059077256616,6.677739436778754,1.6694348591946886,1712.6133657776477,10296.581249999996,-483.24709667595016,29.234103750492693,4737.728619358334,True,False,260.0,0.5029166666666667,0.4970833333333333,5105849.08036454,2538032.48036454,659.8884448947804,0.2569842584921292,21.45,19.39377777777778,2.37,0.701223388305847,1.661899430284857,75.71493393928036,4545.035382,88.45628486005052,5028.574208238298,-109.59702424206716,6851.076327820359,-1712.905095339995,5512.113034476595
2025-05-29,143.07981796527082,3433.9156311665,50.708333333333336,3.62,2.84,3.23,2.026,2.65,2.338,210.0,230.0,0.8874191524990721,0.395166152381517,2.27,5983.042586816352,200.0,682.8375991327034,6.721402646502836,18.344317580340267,74.93427977315689,210.0,230,215,225,215,205,200,205.0,210,210,200,21.4,9.32,8.59,8.43,8.38,8.21,8.44,8.39,8.3,8.07,6.85,11.875,11.625,10.625,10.875,12.3125,10.4375,6.8125,9.4375,14.875,741.5,584.0,431.0,369.0,292.0,237.0,207.0,195.0,155.5,0.0,0.0,0.0,0.0,0.0,0.0,0.0,0.0,0.0,2.476,3.328,2.844,2.428,2.219,1.141,1.022,0.589,0.154,0.029,0.011,3.805,3.35,3.18,2.842,2.684,2.422,1.982,1.511,1.151,0.991,625.7296365985808,737.4670717054702,127.26893858674708,96.87635623767316,74.0819194758677,70.28284668223345,68.38331028541633,64.5842374917821,58.88562830133073,53.187019110879376,51.28748271406226,2557.9795,10.925,10.97,11.26,11.260000000000002,10.94,11.03,11.29,11.21,10.89,11.19,11.26,2448.1993380335966,2409.821767813017,525.1354995352633,448.32243068622336,409.7312494615855,210.6819989345061,188.70902972047787,108.75696526943392,28.4356072181542,5.354757203418648,2.0311148012967286,2028.034447190043,9133.8609375,-1482.206538818786,29.70370007761392,4701.459738520834,False,True,230.0,0.5070833333333333,0.4929166666666666,5044495.316351685,2486515.8163516847,571.8986377608875,0.2235743631881676,21.4,19.43177777777778,3.23,0.7493427977315689,2.4203772366729672,69.8669517958412,5300.204987683648,88.58711785476275,6785.179758676973,802.1371718606215,8013.845266180933,-2030.8026793645813,8270.154529670297
2025-05-30,142.5049615816761,3420.1190779602266,50.75,2.245,2.355,2.3,2.326,1.9,2.113,220.0,220.0,0.0,0.3810653170840236,0.0,5392.270779326108,210.0,780.4628897261083,1.514283565250094,14.526664159458443,83.95905227529146,220.0,220,205,210,205,205,185,180.0,170,175,180,,0.0,0.0,0.0,0.0,0.0,0.0,0.0,0.0,0.0,0.0,10.5,9.6875,10.5,14.5625,9.75,9.75,8.875,14.75,15.0,815.5,696.5,526.0,396.0,334.0,256.0,228.0,169.5,142.0,1637.0,1400.0,1051.0,789.5,664.5,514.0,454.5,323.0,281.5,3.381,2.703,2.069,1.817,1.732,1.426,1.16,0.495,0.153,0.062,0.019,2.935,3.368,3.092,2.889,2.658,2.316,1.888,1.583,1.381,0.862,633.9433936590012,596.652605796707,95.09150904885016,89.38601850591915,87.48418832494217,81.77869778201115,76.07320723908013,70.36771669614913,66.56405633419512,64.66222615321811,60.85856579126411,2550.7787,10.935,11.035,10.955,11.035,10.925,10.795,10.87,10.815,10.645,10.82,10.805,1758.0420465369436,1956.3555585793983,381.8584576132807,335.34887263573273,319.6611157980677,263.1851911824738,214.0917403728398,91.35811334875493,28.237962307796977,11.442834399237992,3.506675057830997,1922.8621853313373,9946.522031250002,-750.9235337881962,29.82352300459469,4686.418166575,False,True,220.0,0.5075,0.4925,5026164.926108374,2475386.2261083745,544.5849697438424,0.2134975369458128,21.2,19.38655555555556,2.3,0.8395905227529146,1.931058202331704,60.97201955622414,4611.8078896,85.52626673129265,5363.088567832357,-29.18221149375131,7315.490109101605,-1923.2193297754973,6114.3692460647135
2025-05-31,140.99100667867637,3383.784160288233,51.29166666666666,2.83,2.81,2.8200000000000003,2.37,2.83,2.6,245.0,225.0,0.0,0.3678731087777175,0.0,6669.873806468724,210.0,866.0633322030867,7.62609756097561,21.25317073170732,71.12073170731708,245.0,225,215,220,215,210,195,190.0,185,185,180,21.0,11.08,8.46,8.44,8.4,8.32,8.48,8.6,8.57,8.52,8.37,12.5625,11.75,10.1875,10.375,11.875,11.375,10.375,7.875,15.5625,731.0,629.0,453.5,394.5,321.0,302.5,281.0,239.0,184.5,0.0,0.0,0.0,0.0,0.0,0.0,0.0,0.0,0.0,2.429,3.18,2.183,1.527,1.28,1.063,0.913,0.302,0.111,0.034,0.01,3.082,3.628,2.913,2.403,2.376,2.081,1.972,1.534,1.059,0.826,560.6040161374877,507.57390650286055,106.24961251794952,98.52236797118957,90.7951234244296,83.06787887766963,77.27244546759965,73.40882319421966,69.54520092083969,67.61338978414969,67.61338978414969,2563.4635,11.065,10.94,10.9,10.965,10.81,10.76,10.825,10.79,10.64,10.825,10.805,2000.6998153762,2287.747361703098,400.4744921705832,280.1303479360882,234.8178424087708,195.0088800629088,167.491164155631,55.40233469331935,20.363109771385588,6.237348938982973,1.834514393818521,1802.2661545825447,10253.1675,156.66447208096736,30.14376661403592,4686.118088979168,True,False,245.0,0.5129166666666667,0.4870833333333333,4997816.734362307,2434353.234362307,596.4165424187652,0.2326604386677498,21.0,19.418777777777777,2.8200000000000003,0.7112073170731708,2.0056046341463416,72.8158536585366,5803.810474265638,87.01529658082674,5650.2072116107865,-1019.6665948579376,8475.201170477385,-1805.3273640086609,5496.603948955935
2025-06-01,140.03990534711545,3360.957728330771,51.208333333333336,2.566,2.1,2.333,6.417,4.39,5.403499999999999,255.0,255.0,0.8936777065915148,0.8936777065915148,2.27,5930.813430182588,240.0,967.4053748738812,5.965960090361446,18.045259789156624,75.98878012048193,255.0,255,250,220,235,225,210,210.0,215,215,205,21.1,9.53,8.59,8.55,8.43,8.35,8.6,8.55,8.49,8.4,8.08,12.372983870967742,10.118951612903226,9.568548387096774,9.53225806451613,9.23991935483871,9.627016129032258,9.229032258064516,9.006048387096774,14.877016129032258,731.0,629.0,453.5,394.5,321.0,302.5,281.0,239.0,184.5,0.0,0.0,0.0,0.0,0.0,0.0,0.0,0.0,0.0,2.507,1.744,2.159,2.189,1.541,1.17,1.045,0.433,0.099,0.038,0.018,2.795,2.441,2.791,2.855,2.422,2.151,1.993,1.799,1.278,1.052,461.0114560320679,498.7992802969915,115.6307422506662,98.28613091306627,92.50459380053296,86.72305668799964,79.01434053795523,75.15998246293303,73.23280342542192,71.30562438791083,69.37844535039972,2540.0656,10.81,10.945,10.985,10.915,11.365,10.685,10.72,10.805,10.655,10.87,10.825,1805.266107909901,1255.8372924590617,396.4420540005011,401.95074395882216,282.9630408590886,214.8389083745189,191.88603354818144,79.50875839843307,18.17867686245929,6.977673947206598,3.305213974992599,1721.046456145945,14512.297031249998,309.4573581122288,30.348492377694555,4646.944179133333,False,True,255.0,0.5120833333333333,0.4879166666666666,4960258.291293735,2420192.6912937346,617.1491362799023,0.2429658258746948,21.1,19.444333333333333,2.333,0.7598878012048194,1.7728182402108437,68.7357374811747,4963.408055308706,83.68848748553368,4657.154504293166,-1273.658925889422,7655.063693425221,-1724.250263242633,4350.900953277625
2025-06-02,278.7596833333333,6690.2324,31.0,2.026,1.83,1.928,4.054,3.54,3.797,295.0,270.0,0.0,0.4436174702578914,0.0,4982.7099078,230.0,771.6735108000001,7.017359339834958,17.52369092273068,75.45894973743435,295.0,270,265,250,250,240,240,235.0,225,235,220,,0.0,0.0,0.0,0.0,0.0,0.0,0.0,0.0,0.0,0.0,13.0,8.6875,11.0,13.1875,12.6875,10.375,8.875,6.625,16.75,941.5,813.0,761.0,578.0,485.5,462.5,367.0,339.5,307.5,0.0,0.0,0.0,0.0,0.0,0.0,0.0,0.0,0.0,1.936,2.05,1.743,1.484,1.451,1.265,0.721,0.282,0.121,0.071,0.008,2.302,2.342,2.366,2.076,2.259,2.13,1.97,1.614,1.515,1.029,258.0717901518638,281.18269673262773,58.932811780948,51.07510354348828,47.1462494247584,44.19960883571101,42.23518177634607,38.30632765761621,36.34190059825127,35.3596870685688,29.466405890474,2576.9556,11.13,11.035,11.535,11.375,11.195,10.965,11.24,11.22,10.85,11.12,11.09,1659.8104003681544,1757.5471698113206,381.0576599171652,324.43463414634147,317.22011734928674,276.5564772204325,157.62626092959042,61.651325356649785,26.453228255867465,15.522142199723882,1.748973768982973,922.3177634606536,11752.280624999998,-769.2721445365289,15.24610714569497,5599.724518800001,True,False,295.0,0.31,0.69,8312760.0,5735804.399999999,1692.0622979999998,0.6566129032258063,19.935,19.46988888888889,1.928,0.7545894973743437,1.4548485509377345,69.72400600150037,4211.036397,84.51297536723918,4979.628389323516,-3.0815184764842343,5904.347519047641,-921.637611247641,5748.220381647032
2025-06-03,138.64991045384568,3327.5978508922963,51.625,1.95,1.9,1.925,3.89,4.01,3.95,305.0,305.0,0.8918851690379747,0.5925197462099585,2.27,4904.223481572154,240.0,750.0242131803874,4.80772142316427,11.403050719152157,83.78922785768358,305.0,305,265,260,260,240,255,250.0,235,220,215,18.77,12.3,8.48,8.41,8.43,8.16,8.33,8.41,8.44,8.36,7.86,13.875,9.5625,8.6875,10.6875,9.0,10.5625,6.6875,8.6875,15.5,857.5,800.5,617.0,547.0,464.0,391.5,282.0,249.0,191.5,1720.5,1620.0,1232.5,1090.0,932.5,786.5,560.0,507.0,385.0,2.339,2.233,1.805,1.228,1.146,1.04,0.622,0.262,0.116,0.045,0.015,3.053,2.804,2.51,2.57,2.214,1.915,1.741,1.479,1.38,1.139,451.27169215995616,520.1097468962207,107.27263529734552,101.42140064476304,97.52057754304136,89.71893133959806,83.86769668701558,78.0164620344331,76.06605048357227,72.16522738185061,62.41316962754648,2545.1707,11.52,11.52,11.55,11.56,11.4,11.105,11.43,11.38,11.285,11.425,11.38,1676.3983126414707,1600.4264352836274,329.8863759517114,224.4323931682557,209.44586528568487,190.07303655943485,113.67829686535428,47.88378421016531,21.20045407778312,8.224314081898621,2.7414380272995404,1739.843590095343,12480.2896875,-262.318730610712,30.65274247987889,4638.2554544125,False,True,305.0,0.51625,0.48375,4930112.736077482,2384942.0360774817,727.407321003632,0.2857990314769976,18.77,19.656704545454545,1.925,0.8378922785768357,1.6129426362604085,63.13655847842542,4154.199268391767,84.70656535130102,4424.390706152685,-479.8327754194688,6651.939778817703,-1747.716297245549,4694.582143913603
2025-06-04,138.11822898081638,3314.8374955395934,52.208333333333336,2.09,2.13,2.11,4.37,4.86,4.615,265.0,300.0,0.0,0.4433472392352385,0.0,5445.666498849959,340.0,755.905600789944,4.017196401799101,11.99736131934033,83.98544227886057,265.0,300,290,300,285,300,290,300.0,285,285,290,18.22,12.71,8.37,8.3,8.32,8.03,8.33,8.46,8.42,8.42,8.25,13.875,10.8125,10.5,11.3125,12.25,9.375,8.375,9.4375,15.125,910.0,812.5,657.5,533.5,414.5,285.0,270.0,229.0,160.0,0.0,0.0,0.0,0.0,0.0,0.0,0.0,0.0,0.0,2.189,2.341,1.83,1.757,1.153,1.091,0.914,0.405,0.133,0.05,0.011,2.219,2.451,2.164,2.163,2.117,2.109,1.763,1.728,1.572,1.48,528.8645715993472,451.0903698935608,107.0950757488678,101.14534931837514,95.19562288788248,93.21238074438492,89.24589645738983,83.29617002689717,77.34644359640453,73.37995930940941,61.48050644842411,2578.0884,11.225,11.36,11.54,11.565,11.425,11.5,11.510000000000002,11.43,11.46,11.575,11.505,1558.4528609853098,1666.6688659509414,332.2302547184993,318.97735384721483,209.3232151313823,198.06732672015443,165.93358077197175,73.52636784753672,24.145696107956503,9.077329363893424,1.9970124600565529,1761.3523460309436,9656.73684375,134.53104256573477,30.770739180201147,4672.677804649999,False,True,300.0,0.5220833333333333,0.4779166666666666,4938078.339984037,2359989.939984037,707.9969819952113,0.2746209098164405,18.22,19.85220930232558,2.11,0.8398544227886058,1.7720928320839582,62.51984632683658,4689.760898060014,86.11913526196325,4558.399863904917,-887.266634945041,7210.188853291539,-1764.5223544415803,4427.038829749819
2025-06-05,139.04467938077303,3337.072305138553,51.625,2.08,2.47,2.2750000000000004,4.12,5.32,4.720000000000001,295.0,275.0,0.8893529718140927,0.5323349429260728,2.27,5810.337183791043,0.0,770.5086850547216,5.365,15.455833333333334,79.17916666666666,295.0,275,260,255,245,240,230,245.0,235,240,225,18.4,12.19,8.38,8.33,8.28,8.07,8.34,8.41,8.47,8.38,8.35,12.0,9.1875,7.8125,10.9375,12.1875,10.5625,8.625,11.55,13.6875,734.5,608.5,528.0,432.0,306.0,305.0,253.0,230.5,206.0,1681.0,1440.0,1209.0,977.0,720.0,710.5,606.0,541.5,472.0,2.201,2.361,1.69,1.42,1.621,0.885,0.586,0.324,0.122,0.047,0.002,2.868,3.236,2.305,2.002,2.482,2.229,1.964,1.769,1.21,1.312,374.78496467521785,428.3256739145347,134.5783970093971,97.52057754304136,118.97510460251048,91.66934289045888,83.86769668701558,74.11563893271145,64.3635811784073,60.462758076685645,56.56193497496399,2552.4174000000003,10.7,10.575,10.955,10.925,10.38,10.34,10.86,10.83,10.435,10.965,10.94,1577.4915289114483,1692.166060772344,308.86868440908154,259.52279991768984,296.2580694835037,161.7448436106729,107.0988455998354,59.21506138967008,22.29702928870293,8.589839152205228,0.3655250703066054,1585.2256704849442,11402.87484375,547.8788752351212,30.565714696363173,4651.461659325,True,False,295.0,0.51625,0.48375,4944149.927360776,2391732.5273607755,705.5610955714287,0.2764285714285714,18.4,19.931309523809524,2.2750000000000004,0.7917916666666667,1.801326041666667,66.36614583333333,5039.828498736321,86.73900221825008,4493.618287605461,-1316.7188961855818,7397.231518380247,-1586.8943345892048,3947.4080764746
2025-06-06,140.44053068144896,3370.572736354776,51.458333333333336,2.61,1.986,2.298,6.12,4.96,5.54,295.0,275.0,0.0,0.4434047994545692,0.0,5899.675121743421,240.0,851.5310931578948,5.344390243902439,13.699512195121953,80.9560975609756,295.0,275,290,300,290,280,265,275.0,275,260,240,20.91,12.57,8.26,8.34,8.22,8.12,8.4,8.49,8.47,8.46,8.29,11.4375,8.625,9.4375,9.375,11.1875,9.25,9.25,10.625,13.5,946.5,664.0,576.0,495.0,363.0,360.0,346.0,325.0,299.5,0.0,0.0,0.0,0.0,0.0,0.0,0.0,0.0,0.0,2.099,2.215,1.596,1.275,1.51,1.265,0.98,0.353,0.127,0.032,0.007,2.798,3.079,2.608,2.208,2.802,2.55,1.078,1.919,1.807,1.623,441.50439447551656,479.5651181371991,139.75897728569802,135.8767834722064,131.9945896587148,122.28910512498577,112.58362059125672,102.87813605752773,97.05484533729027,89.29045771030707,75.70277936308642,2565.72875,11.395,11.35,11.48,11.525,11.085,11.1,11.365,11.325,10.9495,11.305,11.335,1507.226229882434,1590.522200662025,292.2396050679147,233.46209051478144,276.4923581782902,231.6310152950577,179.44537153293007,64.6369552562493,23.25465529049196,5.859440703116084,1.2817526538066433,1928.4988072137887,10587.56015625,643.8235287497697,30.261919257767303,4682.989495572917,True,False,295.0,0.5145833333333334,0.4854166666666666,4986031.578947368,2420302.828947368,713.9893345394736,0.2782793522267205,20.91,19.936463414634147,2.298,0.809560975609756,1.86037112195122,65.24268292682926,5048.144028585526,85.56647483825756,4406.051675037096,-1493.623446706325,7829.90510415855,-1930.2299824151287,3763.959321488666
2025-06-07,101.94502137386438,2007.1275624824327,51.0625,2.6,2.57,2.585,5.08,5.02,5.05,205.0,320.0,1.324036128179408,0.5222610280477143,2.0,3906.1749589698898,300.0,539.1344859397797,9.831607142857145,16.76611607142857,73.40227678571428,205.0,320,300,280,285,310,285,300.0,300,270,290,,0.0,0.0,0.0,0.0,0.0,0.0,0.0,0.0,0.0,0.0,12.8125,9.75,8.5,8.0625,8.6875,10.875,6.4375,10.5,17.25,818.5,633.0,568.5,492.0,425.0,369.0,320.0,269.5,201.0,1778.0,1424.5,1256.5,1105.0,935.0,797.0,706.5,610.5,470.0,1.81,2.14,1.561,1.753,1.473,1.189,0.73,0.375,0.116,0.062,0.012,2.326,2.811,2.32,2.733,2.462,2.244,2.106,1.69,1.301,1.175,526.809047797755,481.6539865579475,117.06449626420114,109.38813585343384,107.46904575074204,95.9545051345911,90.19723482651564,86.35905462113199,78.6826942103647,74.84451400498106,71.00633379959741,1510.5328,11.125,11.325,11.305,11.295,11.14,11.145,11.24,11.125,11.165,11.175,11.225,1305.489747876224,1543.5072157210602,287.10316109992834,322.4162981474531,270.9179732864795,218.683958070349,134.26348981611,68.97097079594691,21.335020299546244,11.40320050492989,2.207071065470301,1839.429048821261,8335.439999999999,-817.6112266182063,41.689137367620106,2767.2016813,False,True,320.0,0.510625,0.489375,2958203.769889841,1447670.9698898408,463.2547103647491,0.3066829865361077,20.91,19.938125,2.585,0.7340227678571429,1.8974488549107145,72.76833147321429,3367.04047303011,86.197892014495,4186.298106683498,280.12314771360843,5747.250414826332,-1841.0754558564429,5005.555740336886
2025-06-08,139.30663697729992,3343.359287455198,51.66666666666666,2.14,2.15,2.145,4.79,4.24,4.515000000000001,340.0,330.0,0.0,0.4534401748185324,0.0,5495.404412264516,260.0,878.879837283871,8.848524651863004,19.87543846443357,71.27603688370343,340.0,330,335,325,310,310,300,280.0,275,295,285,,0.0,0.0,0.0,0.0,0.0,0.0,0.0,0.0,0.0,0.0,11.416666666666666,8.916666666666666,9.166666666666666,10.083333333333334,11.25,7.25,9.0,5.75,16.166666666666668,721.0,549.0,505.0,448.0,340.0,267.0,233.0,127.0,113.0,0.0,0.0,0.0,0.0,0.0,0.0,0.0,0.0,0.0,2.182,2.217,1.874,1.517,1.352,1.316,1.206,0.524,0.142,0.026,0.01,2.191,2.34,2.232,2.029,1.926,1.715,2.084,1.476,1.198,0.887,474.78499542543454,352.259835315645,109.3537053979872,95.6844922232388,91.77900274473924,80.06253430924062,70.29881061299176,70.29881061299176,64.44057639524245,62.48783165599268,60.535086916742905,2560.2852000000003,11.32,11.455,11.45,11.455,11.39,11.31,11.4,11.395,11.315,11.26,6.3500000000000005,1563.1344922232388,1588.2076852698997,342.33505032021964,277.11967520585546,246.97811527904847,240.4017749313816,220.3074016468436,95.72228728270817,25.94000914913083,4.749579139981702,1.82676120768527,1531.985681610247,9288.0084375,15.161047697600452,30.50823774241668,4663.9862060000005,True,False,340.0,0.5166666666666666,0.4833333333333334,4955390.709677421,2395105.5096774204,814.3358732903229,0.3180645161290323,19.66,19.933461538461536,2.145,0.7127603688370343,1.5288709911554386,73.48280485509974,4616.524574980645,84.00700346415985,4606.722831655992,-888.6815806085242,7032.74939824771,-1537.3449859831935,4596.921088331339
2025-06-09,141.9212349775717,3406.10963946172,50.91666666666666,2.08,2.19,2.135,4.37,4.49,4.43,300.0,285.0,0.0,0.4007851230436599,0.0,5454.742466501144,260.0,759.1715198764322,7.618989784335981,15.70844494892168,76.67256526674234,300.0,285,250,250,250,265,270,250.0,260,265,265,19.66,15.42,8.54,0.0,7.7,7.44,7.84,7.9,7.87,8.0,7.92,14.0,11.375,7.5625,9.8125,7.625,10.375,7.8125,10.9375,16.25,731.0,569.0,441.5,340.0,312.5,281.0,249.5,223.0,206.5,0.0,0.0,0.0,0.0,0.0,0.0,0.0,0.0,0.0,2.626,2.78,2.111,1.804,1.518,1.104,0.894,0.44,0.109,0.056,0.016,3.072,3.242,2.693,2.498,2.222,2.104,1.954,1.866,1.587,1.27,479.6293099532095,367.216190432926,97.46217462408576,89.81808249670648,82.17399036932721,76.44092127379275,74.52989824194793,70.70785217825829,64.97478308272385,63.06376005087903,59.241713987189385,2552.6094,11.305,11.435,11.335,11.315,11.205,11.165,11.27,11.3,11.170000000000002,11.27,11.32,1897.1188842956435,2008.374142552128,388.8913103620588,332.33535002044243,279.64803843183574,203.38039158678964,164.69390405669375,81.05740244401035,20.08012924181165,10.316396674692228,2.947541907054922,1525.2586766910458,11258.30578125,-691.3628033466885,29.94618811393265,4682.54922685,True,False,300.0,0.5091666666666667,0.4908333333333333,5013308.150572832,2460698.750572832,738.2096251718496,0.2891980360065467,19.66,19.91697368421053,2.135,0.7667256526674234,1.6369592684449488,69.34151532349603,4695.570946624712,86.08235815826902,5388.8434915731605,-65.89897492798355,6981.91088479395,-1527.1684182928057,6082.116036521609
2025-06-10,142.94110071474984,3430.586417153996,50.66666666666666,2.15,1.98,2.065,4.78,4.16,4.470000000000001,245.0,245.0,1.334030189436205,0.4978750162397842,3.405,5275.709534315789,240.0,796.2194543157893,10.556084337349397,16.0663328313253,73.3775828313253,245.0,245,255,250,250,240,250,245.0,245,230,230,19.2,9.86,8.2,8.19,8.2,8.05,8.41,8.35,8.36,8.56,8.47,12.875,10.5625,7.75,10.9375,8.75,10.5,8.5625,8.9375,14.0,868.5,746.5,582.5,494.5,438.0,346.0,274.0,251.5,221.5,1905.0,1701.5,1370.0,1165.5,1025.5,813.0,659.0,609.0,513.5,1.838,1.992,1.307,1.261,1.095,1.041,0.94,0.597,0.275,0.074,0.011,2.217,2.315,1.776,1.773,1.76,1.701,1.622,1.35,1.228,1.215,491.0514865844816,617.5344452501813,104.34844089920232,96.75946337926032,92.96497461928934,83.47875271936185,79.68426395939086,77.78701957940535,70.19804205946338,66.40355329949237,62.60906453952139,2552.416,11.25,11.345,11.305,11.33,11.215,11.165,11.295000000000002,11.31,11.22,11.355,11.33,1331.5170413343003,1443.0804931109503,241.444318346628,232.94666062364035,202.28120014503264,192.30568890500365,173.6477882523568,110.2848187092096,50.80121464829588,13.670145032632345,2.0320485859318347,1842.81950688905,11979.700781249998,486.2241352007013,29.732526045683723,4693.0422186666665,False,True,245.0,0.5066666666666666,0.4933333333333334,5037663.157894736,2485247.1578947366,608.8855536842104,0.2385526315789473,19.2,19.887702702702704,2.065,0.7337758283132529,1.5152470854668674,73.23656344126505,4479.49008,84.90782236708088,3994.0114176939815,-1281.6981166218077,7119.274514099522,-1843.5649797837327,3508.532755387964
2025-06-11,140.49976927747417,3371.99446265938,50.833333333333336,2.05,2.19,2.12,4.36,4.67,4.515000000000001,270.0,260.0,0.0,0.4514838745677852,0.0,5346.873505573771,230.0,785.1550583606557,5.762033511043412,14.55071591774562,79.68725057121095,270.0,260,255,245,265,270,270,250.0,250,235,230,19.02,9.97,8.07,8.12,8.03,8.02,7.98,8.34,8.34,8.47,8.28,14.0625,9.375,8.9375,9.9375,8.625,9.125,6.9375,7.6875,15.0,982.0,766.0,651.5,576.5,482.0,372.0,250.0,250.5,215.0,0.0,0.0,0.0,0.0,0.0,0.0,0.0,0.0,0.0,2.315,2.095,1.355,1.367,1.249,1.164,0.53,0.244,0.11,0.046,0.01,3.16,2.682,2.141,2.047,2.116,1.956,1.918,1.74,1.481,1.149,568.1888334089878,456.0463004993192,120.10465274625513,101.04042215161144,91.5083068542896,89.60188379482524,81.97619155696778,80.0697684975034,74.35049931911031,70.53765320018158,64.81838402178848,2520.96,11.1,11.195,10.955,11.07,11.03,11.01,11.14,11.205,11.11,11.255,11.260000000000002,1673.9877439854745,1514.9046754425783,249.85080571947347,252.06350658193367,230.30528143440768,214.6319836586473,97.7276214253291,44.99158420335906,20.28309123921925,8.482019972764412,1.843917385383568,1798.24289605084,9554.33203125,254.22175104125824,30.249159994039843,4628.062399999999,True,False,270.0,0.5083333333333333,0.4916666666666667,4959265.573770492,2438305.5737704923,658.3425049180329,0.2611475409836066,19.02,19.86930555555556,2.12,0.7968725057121097,1.6893697121096725,66.29673933739528,4561.718447213115,85.31562309184643,4309.072231048571,-1037.8012745252,7146.6919365013255,-1799.8184309275548,4056.426014884026
2025-06-12,140.14872368969586,2522.677026414525,51.16666666666666,2.15,2.23,2.19,5.03,4.89,4.96,270.0,320.0,1.7881140514282083,0.5393744971334213,3.405,4174.831187001221,230.0,615.7180131017101,7.107465788139888,18.41447541814496,74.47805879371515,270.0,320,310,290,285,275,255,280.0,275,235,260,16.85,11.53,8.05,8.15,8.16,8.1,8.33,8.45,8.4,8.44,8.28,13.75,8.1875,8.4375,9.0625,8.3125,7.25,9.5625,8.25,17.0625,837.0,668.5,499.0,453.5,356.0,296.5,245.0,210.5,174.5,1832.0,1564.5,1240.0,1157.5,922.5,700.0,573.5,497.5,414.5,2.458,2.484,1.781,1.86,1.509,1.054,0.5,0.25,0.073,0.023,0.011,2.309,2.533,1.873,1.974,1.457,1.948,1.269,0.847,0.629,0.517,520.8460067389126,407.6186139695839,123.19140333302978,113.5670749476368,105.86761223932248,98.1681495310081,90.46868682269374,82.76922411437938,76.99462708314361,71.22003005190784,67.37029869775066,1904.24095,11.315,11.25,11.32,11.29,11.235,11.375,11.27,11.275,11.185,11.21,11.215,1770.8075767234318,1789.53865768145,327.18515663418634,341.6981422456972,277.2163960477188,193.62894727256173,91.85433931335945,45.92716965667972,13.410733539750478,4.2252996084145344,2.0207954648939075,1758.081727529369,8039.480624999999,-1295.9194688462028,30.32492831978941,3485.0783119916664,False,True,320.0,0.5116666666666666,0.4883333333333334,3721643.5504886,1817402.6004886,581.568832156352,0.3054071661237786,16.85,19.862714285714286,2.19,0.7447805879371515,1.6310694875823617,70.39337937151545,3559.113173899511,85.25166682143188,4857.513214188145,682.6820271869237,5935.393485973022,-1760.5622989718004,6155.913254476779
2025-06-13,141.63153050108932,3399.156732026144,51.0,2.11,2.36,2.235,4.47,5.02,4.744999999999999,140.0,360.0,0.0,0.4956682844154009,0.0,5710.842001764705,250.0,808.0452017647059,8.857916666666668,17.436401515151516,73.70568181818182,140.0,360,350,235,320,305,290,265.0,260,250,250,18.48,13.78,8.33,8.29,8.25,8.27,8.5,8.53,8.5,8.48,8.34,12.6875,9.6875,8.9375,8.75,12.3125,9.6875,9.1875,6.5625,17.625,624.0,539.0,427.0,356.0,313.0,255.0,203.0,165.0,124.0,0.0,0.0,0.0,0.0,0.0,0.0,0.0,0.0,0.0,1.967,1.889,1.64,0.836,0.564,0.125,0.136,0.098,0.035,0.017,0.009,2.58,2.781,2.808,1.971,1.795,0.907,0.862,0.77,0.436,0.356,450.7364975450082,360.58919803600656,111.10654664484451,101.52839607201312,95.78150572831424,90.03461538461538,80.45646481178396,74.70957446808511,70.87831423895254,67.04705400981997,63.215793780687406,2553.54,12.86,11.02,11.285,11.22,11.38,11.345,11.2,11.395,11.395,11.315,11.43,1419.7168576104748,1363.4189852700492,301.8432078559738,153.86641571194764,103.80461538461536,23.006342062193127,25.030900163666125,18.036972176759413,6.441775777414076,3.1288625204582656,1.656456628477905,1566.0839607201308,9258.14953125,1483.3637466632963,30.00744244564463,4680.638820000001,False,True,360.0,0.51,0.49,5006941.176470588,2453401.176470588,883.2244235294116,0.3458823529411764,18.48,19.83264705882353,2.235,0.7370568181818181,1.6473219886363637,71.97014678030303,4902.796799999999,85.85068188692645,3419.9513911620293,-2290.890610602676,7277.444300310162,-1566.6022985454574,1937.10598232406
2025-06-14,137.57381736173036,3301.771616681529,51.91666666666666,2.38,2.44,2.41,5.14,4.98,5.0600000000000005,50.0,405.0,0.0,0.4586075208826582,0.0,6139.697839320386,290.0,830.0080663203853,5.450787971069662,10.539840121811952,84.00937190711838,50.0,405,365,325,360,350,345,330.0,310,355,305,,0.0,0.0,0.0,0.0,0.0,0.0,0.0,0.0,0.0,0.0,14.75,11.4375,8.5,9.4,15.75,6.9375,7.375,8.125,12.625,806.0,553.5,468.5,377.5,300.0,253.0,203.5,158.5,102.0,1659.5,1373.5,1014.0,857.5,713.5,660.5,490.0,414.5,310.5,1.927,1.936,1.392,0.868,0.704,0.522,0.221,0.079,0.036,0.017,0.007,2.275,2.252,0.0,0.0,0.0,0.0,0.0,0.0,0.0,0.0,501.3366041542483,408.7821541565409,116.04014168462562,112.10657755972306,108.17301343482052,100.30588518501538,92.43875693521024,86.5384107478564,80.63806456050256,78.67128249805128,72.77093631069744,2546.6138,11.255,11.305,11.515,11.515,11.465,11.37,11.435,11.435,11.2,11.345,11.415,1376.5295520198083,1382.9585950754276,253.5614581136228,158.11159888119585,128.2379788160851,95.08554679260855,40.25652459993581,14.390341372827734,6.557623916731624,3.096655738456601,1.2750935393644829,1757.8018272272918,11168.6971875,1849.946747893749,30.89250615780503,4628.258363683333,False,True,405.0,0.5191666666666667,0.4808333333333333,4905195.120385233,2358581.320385233,955.2254347560194,0.3750963081861958,17.125,19.776969696969697,2.41,0.8400937190711839,2.024625862961553,63.40088503996956,5309.689773000001,86.48128803660701,3460.0609688660647,-2679.636870454321,7897.817610307491,-1758.1197709871049,1610.4321647321285
2025-06-15,139.9756090612743,3359.414617470583,51.54166666666666,2.13,2.27,2.2,4.87,5.03,4.95,225.0,365.0,0.0,0.4265080428098847,0.0,5645.4300295992325,290.0,891.5912950190783,8.738033157498117,18.114498869630747,73.14746797287114,225.0,365,370,340,330,265,265,275.0,255,240,285,15.77,9.09,8.57,8.48,8.63,8.27,8.66,8.88,8.74,8.63,8.14,14.125,9.5,10.6875,11.3125,10.3125,10.4375,10.875,6.9375,15.625,971.0,768.5,592.5,459.0,336.0,255.0,213.0,144.5,116.0,0.0,0.0,0.0,0.0,0.0,0.0,0.0,0.0,0.0,2.111,2.29,2.61,1.632,1.562,1.21,0.833,0.224,0.071,0.032,0.01,2.683,2.95,2.786,2.363,2.361,1.857,1.6,1.179,0.685,0.22,518.8668296360604,404.4109113339883,120.63653789038403,110.9077848347079,103.124782390167,97.28753055676133,91.45027872335564,83.66727627881474,75.88427383427384,73.9385232231386,71.99277261200338,2563.3659,11.0,11.22,11.35,11.345,11.29,11.365,11.365,11.25,11.305,11.44,11.35,1514.4161888008043,1642.8294989833453,477.4607742569281,298.550185282493,285.7447239039547,221.35154668616207,152.3849904046058,40.97747641132257,12.988396541088848,5.85392520161751,1.829351625505472,1752.1675013136553,12767.0053125,101.60051535401362,30.362432630241766,4675.0453670375,False,True,365.0,0.5154166666666666,0.4845833333333333,4973385.739692805,2410019.8396928054,879.657241487874,0.3431649151172191,15.77,19.71890625,2.2,0.7314746797287113,1.609244295403165,72.24410324039187,4753.838734580154,84.20684889646267,4654.387058097827,-991.0429715014052,7399.746369784575,-1754.3163401853426,4554.935381615501
2025-06-16,142.07464531709942,3409.791487610386,51.09090909090909,2.11,2.25,2.18,5.18,4.42,4.8,235.0,300.0,0.0,0.3985583415033115,0.0,5603.725057790036,230.0,663.5114711325623,9.95,18.86692307692308,71.18307692307692,235.0,300,285,265,300,285,285,285.0,290,260,275,19.0,14.84,8.33,8.3,8.34,8.15,8.39,8.48,8.48,8.54,8.34,12.75,10.6875,11.375,11.1875,10.8125,13.0,12.75,15.0625,19.625,1103.0,825.5,649.0,493.0,339.0,274.0,203.0,143.5,117.5,0.0,0.0,0.0,0.0,0.0,0.0,0.0,0.0,0.0,2.08,1.96,1.363,1.146,0.859,0.607,0.509,0.439,0.112,0.033,0.01,2.781,3.004,2.671,2.465,2.099,1.446,0.876,0.734,0.454,0.419,429.3249280254145,497.1130745557432,86.42988682616898,74.90590191601311,71.06457361262783,65.3025811575499,59.54058870247196,55.69926039908667,53.778596247394034,51.857932095701386,44.17527548893081,2568.2605000000003,10.9,10.965,11.4,11.28,11.235,11.37,11.455,11.435,11.48,11.385,11.41,1499.7557827856645,1413.231410701876,250.60702819418245,210.7084771170456,157.93942569244513,111.60562444157648,93.58692395512756,80.71642360766405,20.592800555941626,6.067521592375658,1.8386429067805024,1489.1925990271022,11313.64875,1097.8260695416548,29.913852612577948,4703.652366636365,False,True,300.0,0.510909090909091,0.489090909090909,5026844.395017793,2458583.895017793,737.5751685053378,0.287188612099644,19.0,19.65822580645161,2.18,0.7118307692307693,1.5517910769230767,74.22932692307693,4940.213586657474,88.159457070254,3846.65006155068,-1757.074996239356,7097.180201251999,-1493.4551434619634,2753.086536443886
2025-06-17,136.46843680555554,3275.242483333333,51.25,2.01,1.93,1.97,4.57,4.26,4.415,210.0,435.0,0.0,0.3748544167858214,0.0,4885.706972474999,220.0,736.9799298749999,8.083821138211382,13.907073170731708,78.0091056910569,210.0,435,390,435,360,375,355,375.0,365,380,355,19.37,12.25,8.34,8.44,8.43,8.14,8.48,8.54,8.62,8.64,8.48,12.0625,10.3125,10.375,10.5625,10.25,9.5625,10.75,18.3125,21.8125,1122.0,843.5,538.0,343.0,295.5,210.0,170.0,158.5,145.0,2181.0,1940.0,1167.0,891.5,645.5,493.0,401.0,384.5,344.0,1.262,1.723,1.204,0.935,0.811,0.73,0.292,0.189,0.098,0.029,0.015,1.455,2.503,2.275,2.076,1.858,1.538,1.395,0.949,0.639,0.36,605.3315105946684,438.8653451811346,98.4042036910458,73.32077922077922,67.5322966507177,59.81431989063568,54.02583732057417,48.23735475051264,44.37836637047163,59.81431989063568,67.5322966507177,2478.25935,10.835,10.765,11.015,11.115,11.035,11.03,11.205,11.085,11.145,11.105,11.14,908.3294600136704,1240.136021872864,220.9788516746412,171.60733082706767,148.8487115516063,133.98219412166782,53.59287764866712,34.68854066985646,17.986650717703352,5.32258031442242,2.7530587833219413,1617.256630211893,13305.740625,1213.3872602897382,31.142732337848432,4532.116786312499,False,True,435.0,0.5125,0.4875,4835628.0,2357368.6500000004,1025.4553627500002,0.4137804878048781,19.37,19.6035,1.97,0.7800910569105691,1.536779382113821,68.79669715447154,4148.7270426,84.91559289112132,2938.226278195489,-1947.4806942795108,6505.850098572121,-1620.143126097122,1727.7255137909783
2025-06-18,135.82288019822005,3259.749124757281,51.5,1.67,1.88,1.775,4.21,4.98,4.595000000000001,565.0,240.0,0.0,0.353763020163593,0.0,4412.045873874756,190.0,689.0429828118932,9.443025958930647,15.853808601317322,74.70316543975203,565.0,240,230,205,180,195,185,190.0,180,190,180,18.94,13.11,8.37,8.4,8.44,8.09,8.38,8.54,8.56,8.61,8.28,14.1875,12.0625,9.75,9.625,14.25,12.625,12.375,16.5,21.5625,1397.0,825.5,478.0,379.5,282.5,228.0,182.5,145.0,117.5,0.0,0.0,0.0,0.0,0.0,0.0,0.0,0.0,0.0,1.977,2.287,1.434,1.239,1.027,0.733,0.379,0.169,0.074,0.017,0.008,2.729,2.951,2.473,2.369,2.075,1.519,1.313,0.97,0.874,0.455,503.0035626198959,449.6546999177857,106.88825705672788,103.00141134557413,91.34087421211292,83.56718278980543,75.79349136749795,64.13295423403673,56.35926281172924,50.52899424499863,44.69872567826802,2484.34155,10.9,10.795,10.92,10.975,10.835,10.78,10.985,11.0,10.835,11.05,11.015,1418.953959989038,1641.450534392984,262.452652781584,226.76348451630585,187.96295286379828,134.15466840230198,69.36510139764319,30.930612496574405,13.543581803233762,3.1113633872293778,1.4641710057550013,1628.9694162784326,11491.861875,-263.2784735061773,31.29075155671523,4532.681157974999,True,False,565.0,0.515,0.485,4823964.174757281,2339622.624757281,1321.886782987864,0.5320873786407768,18.94,19.555344827586207,1.775,0.7470316543975203,1.3259811865555984,71.71241282448663,3723.002891062863,84.38268770295535,3990.1530830364472,-421.8927908383084,6044.887008620596,-1632.8411347458405,4257.303275010032
2025-06-19,141.17746905615297,2541.1944430107533,51.66666666666666,1.98,1.96,1.97,4.39,4.37,4.38,440.0,360.0,2.332988832074958,0.437311584948963,4.54,3835.4436051096777,170.0,546.7009011096775,7.228036688150719,21.81965294992564,70.95231036192365,440.0,360,305,300,260,265,240,240.0,225,235,205,19.0,12.44,8.38,8.4,8.41,8.01,8.33,8.45,8.51,8.54,8.38,12.875,9.5,10.9375,10.125,10.8125,11.5,15.0625,16.75,25.75,963.5,816.5,650.0,397.0,307.5,229.0,185.5,130.0,110.5,1930.5,1710.5,1407.5,885.5,699.5,506.0,426.0,316.0,265.5,2.129,2.121,1.238,0.917,0.576,0.335,0.156,0.04,0.003,0.001,0.001,2.273,2.358,2.214,2.043,1.649,1.402,1.293,0.924,0.708,0.337,39.05489478499542,34.46020128087831,99.58998170173832,91.77900274473924,89.82625800548948,83.96802378774017,78.10978956999085,72.25155535224154,68.34606587374199,64.44057639524245,60.535086916742905,1946.0016,10.73,10.76,11.05,11.09,11.11,11.12,11.155,11.15,11.055,11.085,11.065,1525.166514181153,1519.4354986276303,226.1530375114364,167.51400274473926,105.22144556267156,61.19650045745655,28.497474839890213,7.30704483074108,0.548028362305581,0.182676120768527,0.182676120768527,782.3614364135407,9391.03640625,-352.40357356555546,30.10395375702318,3544.9662480000006,True,False,440.0,0.5166666666666666,0.4833333333333334,3766454.70967742,1820453.10967742,800.9993682580647,0.4116129032258065,19.0,19.48589285714285,1.97,0.7095231036192365,1.397760514129896,72.67232895389192,3288.742704,85.74608422396437,3641.404899359562,-194.0387057501157,4618.063663317224,-782.6200582075467,3994.067094719124
2025-06-20,139.86198350267674,3356.687604064241,51.79166666666666,1.94,1.93,1.935,4.18,4.12,4.15,365.0,350.0,0.8799404586544275,0.4607682111265826,2.27,4996.560671504425,380.0,550.1455251327434,5.629024390243902,18.078048780487805,78.7929268292683,365.0,350,305,325,305,315,355,345.0,325,355,340,20.21,13.71,8.29,8.28,8.31,8.0,8.34,8.32,8.39,8.41,8.32,14.8125,11.875,10.125,11.3125,10.25,12.0,14.5625,13.4375,24.125,857.5,579.0,411.5,313.0,219.0,171.5,126.0,108.0,81.0,0.0,0.0,0.0,0.0,0.0,0.0,0.0,0.0,0.0,1.62,1.56,1.597,1.479,1.083,0.863,0.347,0.148,0.055,0.019,0.009,2.613,2.431,2.079,2.002,1.7254999999999998,1.5175,1.2945,1.118,0.9885,0.8135000000000001,445.74824246032654,514.916073186929,80.34996336073645,74.47069774897525,64.67192172937325,56.83290091369164,48.99388009801004,43.11461448624883,41.15485928232843,39.19510407840804,33.31583846664683,2579.7200000000003,10.85,10.915,11.145,11.16,10.92,11.105,11.07,11.24,10.955,11.09,11.205,1158.8811284893177,1115.9596052119352,291.3191088644119,269.7939649408048,197.55704126497065,157.42541700061832,63.298516453319294,26.99763814147336,10.032906066088074,3.465913004648608,1.6417482653598665,1442.764095811675,8954.731406249999,1154.16470980216,30.38709943591399,4693.908028333334,True,False,365.0,0.5179166666666667,0.4820833333333333,4980955.75221239,2401235.75221239,876.4510495575223,0.3397465808527756,20.21,19.413148148148142,1.935,0.7687114812611541,1.4874567162403332,67.88786436644854,4446.415146371682,88.98951576290779,3296.372987702948,-1700.1876838014769,6443.4473184495255,-1446.8866469451004,2146.3308290342147
2025-06-21,136.2982114886154,3271.1570757267696,51.91666666666666,1.83,1.99,1.91,4.24,4.566,4.4030000000000005,250.0,310.0,0.0,0.4380639085323183,0.0,4822.437360280256,220.0,547.1186823736757,8.00625382262997,16.949724770642202,77.54402140672782,250.0,310,280,275,265,285,270,300.0,270,255,245,,0.0,0.0,0.0,0.0,0.0,0.0,0.0,0.0,0.0,0.0,13.0625,9.3125,10.75,11.8125,12.4375,14.375,10.375,18.5,23.9375,919.5,588.0,344.5,303.0,225.5,177.5,124.0,93.5,82.5,2104.0,1591.0,880.0,815.0,530.0,456.0,340.0,238.0,208.0,1.328,1.86,2.12,1.068,0.88,0.828,0.319,0.233,0.104,0.03,0.013,1.789,2.267,2.217,1.75,1.42,1.265,1.096,0.843,0.567,0.429,485.9108624879637,401.0692833233986,84.57162868540512,80.63806456050256,68.83737218579486,64.9038080608923,62.93702599844102,60.97024393598974,57.036679811087176,53.103115686184616,49.16955156128205,2523.0012,10.935,11.09,11.265,11.7,11.66,11.615,11.93,11.84,11.65,11.864999999999998,11.88,948.6410197624836,1328.6688981613097,386.17118620752905,194.54284286303823,160.2974735201064,150.82535008482736,58.10783415103857,42.44239923884636,18.94424687055803,5.464686597276354,2.3680308588197536,1469.1476362969418,9538.95234375,980.407328486468,31.181627063059373,4585.3444309,False,True,310.0,0.5191666666666667,0.4808333333333333,4859713.386837881,2336712.1868378813,724.3807779197432,0.2871107544141252,19.965,19.33673076923077,1.91,0.7565270381144178,1.444966642798538,70.09892220481838,4275.31867790658,88.65472702911624,3296.4739683158336,-1525.9633919644216,6293.14761547292,-1470.7102551926637,2317.629258725088
2025-06-22,144.10453396077,3458.50881505848,50.66666666666666,1.76,1.81,1.785,4.38,4.59,4.484999999999999,420.0,420.0,0.0,0.4171023845463458,0.0,4599.409176759869,240.0,662.4273292598687,7.3063414634146335,18.964878048780488,73.72878048780488,420.0,420,375,365,345,340,335,345.0,350,350,305,19.72,12.45,8.3,8.33,8.38,8.02,8.34,8.45,8.48,8.5,8.22,13.6875,10.75,9.8125,10.125,11.1875,13.3125,13.5,12.375,21.1875,1084.5,628.5,353.0,313.5,236.0,169.0,130.5,87.0,68.0,0.0,0.0,0.0,0.0,0.0,0.0,0.0,0.0,0.0,1.38,1.56,1.698,1.435,1.068,0.763,0.357,0.149,0.077,0.02,0.008,1.78,2.17,1.924,1.838,1.678,1.453,1.237,0.966,0.908,0.761,386.8890500362582,297.6069615663525,92.96497461928934,85.37599709934734,83.47875271936185,81.58150833937636,73.99253081943436,66.40355329949237,58.8145757795504,51.22559825960841,45.53386511965192,2573.1907500000007,11.79,11.555,11.52,11.695,11.39,11.54,11.845,11.66,11.555,11.62,11.36,999.7244379985498,1130.1232777374912,313.67440899202325,265.08997461928936,197.29344452501817,140.95027918781727,65.94921319796956,27.52502175489485,14.224340101522843,3.694633792603336,1.4778535170413345,1323.867367657723,8151.433593749998,778.1485560514967,29.492479404964385,4731.240059000001,False,True,420.0,0.5066666666666666,0.4933333333333334,5078665.95394737,2505475.203947369,1052.2995856578952,0.4089473684210527,19.72,19.2622,1.785,0.7372878048780487,1.316058731707317,70.98597560975608,3936.9818475000006,85.5975560381317,3159.726885424221,-1439.6822913356482,5924.17013839331,-1324.7609616334405,2382.4719233484416
2025-06-23,138.65535614680945,3327.728547523426,51.875,1.99,2.18,2.085,4.57,4.796,4.683,595.0,525.0,1.560321036053168,0.4691215727570698,4.0,5347.4321313253,370.0,580.3717594879517,7.182165413533835,17.15462781954887,75.6632067669173,595.0,525,540,485,510,525,470,450.0,475,460,430,20.17,13.12,8.43,8.24,8.39,7.91,8.39,8.35,8.44,8.36,8.22,13.0,9.8125,11.875,11.375,13.75,11.5,13.3125,11.875,17.625,789.0,666.0,449.5,267.5,151.5,115.5,97.5,83.5,62.0,0.0,0.0,0.0,0.0,0.0,0.0,0.0,0.0,0.0,1.62,1.58,1.204,0.796,0.602,0.482,0.386,0.097,0.04,0.015,0.003,2.153,2.361,2.103,1.809,1.565,1.334,1.138,0.919,0.581,0.388,423.7023031969749,346.6655207975249,88.39970780336887,80.54195599862496,78.577518047439,72.68420419388107,68.75532829150912,64.82645238913717,60.89757648676522,56.96870058439327,49.11094877964937,2563.575,11.615,11.495,11.68,11.715,11.495,11.415,11.62,11.61,11.54,11.695,11.715,1157.7793056033,1129.1921622550703,219.42061876933653,145.06545892059128,109.71030938466826,87.8411447232726,70.34581299415606,17.6775747679615,7.2897215537985565,2.7336455826744586,0.5467291165348918,1391.1302165692678,9897.8090625,1820.9035485518805,30.651538592566624,4660.899796875,True,False,595.0,0.51875,0.4812499999999999,4941831.325301205,2378256.325301205,1415.0625135542168,0.5519879518072289,20.17,19.189791666666668,2.085,0.7566320676691729,1.5775778610902256,69.69934915413533,4767.060371837349,89.14672042141257,2947.602483671365,-2399.829647653936,6740.008008280465,-1392.5758769551649,1128.1445955053814
2025-06-24,143.2121557580461,3437.0917381931063,50.458333333333336,1.97,2.046,2.008,4.36,4.631,4.4955,660.0,590.0,0.0,0.4488700396042553,0.0,5106.520226901156,400.0,561.7015457011561,6.92330553449583,12.879230477634572,80.19746398786958,660.0,590,515,625,545,460,535,510.0,480,455,450,,0.0,0.0,0.0,0.0,0.0,0.0,0.0,0.0,0.0,0.0,14.4375,12.125,10.5,11.125,15.75,14.25,17.25,11.25,18.75,1008.0,650.5,499.0,253.0,151.0,134.5,107.5,83.0,66.0,1801.0,1363.0,1090.0,636.0,367.5,323.0,258.0,213.0,160.0,1.79,1.77,1.158,0.765,0.572,0.473,0.378,0.094,0.045,0.018,0.004,2.37,1.995,1.7,1.475,1.348,1.128,0.96,0.78,0.612,0.395,354.97613823988416,303.2087847465677,77.31824011037479,73.54661864157602,71.66080790717663,69.77499717277725,66.00337570397848,62.23175423517971,58.46013276638094,52.80270056318279,47.14526835998463,2541.8449,11.545,11.47,11.575,11.57,11.415,11.345,11.515,11.565,11.46,11.575,11.6,1299.7165991902832,1285.1946260149728,214.4096729468708,141.64369585868408,105.90875036753894,87.57838972700335,69.98864971840861,17.40458485060955,8.331982109334357,3.332792843733743,0.7406206319408318,1237.128818447063,10422.591093749998,1310.8416130377682,29.676251834238744,4682.607856820834,True,False,660.0,0.5045833333333334,0.4954166666666666,5037512.601156069,2495667.701156069,1647.1406827630055,0.6480099091659784,20.17,19.106739130434782,2.008,0.801974639878696,1.6103650768764215,66.70365096664139,4544.8186812,89.00030704388261,3234.25036425938,-1872.269862641776,6343.922341445367,-1237.4021145442111,1923.6820473187604
