polygon_id,hole_id,x,y,rl_top_m,rl_floor_m,sample_index,depth_m,pen,torque,rpm,wob,mse
pattern_1,1-H-001,363569.373,6591663.68,199.954,199.204,0,0.75,0.884968,33.06889,70.577611,16.123332,0.560333
pattern_1,1-H-001,363569.373,6591663.68,199.204,198.454,1,1.5,0.872674,32.877764,70.351749,14.762158,0.579674
pattern_1,1-H-001,363569.373,6591663.68,198.454,197.704,2,2.25,0.821011,30.695179,72.009844,17.175189,0.59508
pattern_1,1-H-001,363569.373,6591663.68,197.704,196.954,3,3,0.852865,34.987907,71.412986,16.927721,0.614703
pattern_1,1-H-001,363569.373,6591663.68,196.954,196.204,4,3.75,0.850536,35.805623,70.28691,14.756373,0.617976
pattern_1,1-H-001,363569.373,6591663.68,196.204,195.454,5,4.5,0.874281,34.397446,72.194299,17.538198,0.606217
pattern_1,1-H-001,363569.373,6591663.68,195.454,194.704,6,5.25,0.896736,35.509174,69.993794,17.11158,0.626176
pattern_1,1-H-001,363569.373,6591663.68,194.704,193.954,7,6,0.870387,32.347372,70.416148,15.741069,0.671171
pattern_1,1-H-001,363569.373,6591663.68,193.954,193.204,8,6.75,0.810859,33.679878,69.481328,15.566766,0.658559
pattern_1,1-H-001,363569.373,6591663.68,193.204,192.454,9,7.5,0.822514,35.645223,70.320501,16.932764,0.688694
pattern_1,1-H-001,363569.373,6591663.68,192.454,191.704,10,8.25,0.814838,35.13114,71.296359,16.413057,0.695294
pattern_1,1-H-001,363569.373,6591663.68,191.704,190.954,11,9,0.847916,34.817409,70.949644,15.454799,0.683179
pattern_1,1-H-001,363569.373,6591663.68,190.954,190.204,12,9.75,0.819593,36.982252,69.097787,15.913657,0.714125
pattern_1,1-H-001,363569.373,6591663.68,190.204,189.454,13,10.5,0.797756,32.623324,69.186035,17.327183,0.727351
pattern_1,1-H-001,363569.373,6591663.68,189.454,188.704,14,11.25,0.758412,35.781837,68.488426,18.382042,0.74767
pattern_1,1-H-001,363569.373,6591663.68,188.704,187.954,15,12,0.78198,34.536153,68.545486,17.553904,0.714397
pattern_1,1-H-001,363569.373,6591663.68,187.954,187.204,16,12.75,0.748496,36.016881,67.399204,17.442028,0.762272
pattern_1,1-H-001,363569.373,6591663.68,187.204,186.454,17,13.5,0.760575,36.667077,69.107072,19.5,0.787357
pattern_1,1-H-001,363569.373,6591663.68,186.454,185.749,18,14.205,0.735987,36.846868,68.356109,17.690627,0.828387
pattern_1,1-H-002,363561.705,6591664.907,199.93,199.18,0,0.75,0.904056,32.192591,71.982138,13.422507,0.528064
pattern_1,1-H-002,363561.705,6591664.907,199.18,198.43,1,1.5,0.897557,32.48023,69.105033,13.544573,0.569691
pattern_1,1-H-002,363561.705,6591664.907,198.43,197.68,2,2.25,0.846522,31.731808,69.955962,14.984201,0.560438
pattern_1,1-H-002,363561.705,6591664.907,197.68,196.93,3,3,0.910851,31.930247,72.308763,15.474218,0.580186
pattern_1,1-H-002,363561.705,6591664.907,196.93,196.18,4,3.75,0.852785,32.390053,70.968692,16.307337,0.594764
pattern_1,1-H-002,363561.705,6591664.907,196.18,195.43,5,4.5,0.845177,33.979152,71.409997,17.419096,0.617468
pattern_1,1-H-002,363561.705,6591664.907,195.43,194.68,6,5.25,0.854043,31.919569,71.917459,15.252722,0.636136
pattern_1,1-H-002,363561.705,6591664.907,194.68,193.93,7,6,0.822989,34.728747,70.53063,17.314849,0.64678
pattern_1,1-H-002,363561.705,6591664.907,193.93,193.18,8,6.75,0.843741,35.855773,73.339897,16.883835,0.653927
pattern_1,1-H-002,363561.705,6591664.907,193.18,192.43,9,7.5,0.843042,34.580195,71.640504,15.689485,0.652435
pattern_1,1-H-002,363561.705,6591664.907,192.43,191.68,10,8.25,0.848023,33.718693,70.579035,15.608823,0.640116
pattern_1,1-H-002,363561.705,6591664.907,191.68,190.93,11,9,0.830493,34.901686,68.64301,16.286981,0.692483
pattern_1,1-H-002,363561.705,6591664.907,190.93,190.18,12,9.75,0.814685,35.094312,70.399766,16.828816,0.676049
pattern_1,1-H-002,363561.705,6591664.907,190.18,189.43,13,10.5,0.856881,34.661407,70.514411,18.125822,0.701585
pattern_1,1-H-002,363561.705,6591664.907,189.43,188.68,14,11.25,0.805542,34.833103,70.424005,15.918191,0.70855
pattern_1,1-H-002,363561.705,6591664.907,188.68,187.93,15,12,0.835624,34.271369,72.295096,15.525295,0.711798
pattern_1,1-H-002,363561.705,6591664.907,187.93,187.18,16,12.75,0.785716,36.574955,69.566566,17.587234,0.718656
pattern_1,1-H-002,363561.705,6591664.907,187.18,186.43,17,13.5,0.796344,37.182848,70.04684,18.723914,0.737356
pattern_1,1-H-002,363561.705,6591664.907,186.43,185.68,18,14.25,0.755385,39.008504,70.097007,18.922519,0.797854
pattern_1,1-H-002,363561.705,6591664.907,185.68,185.052,19,14.878,0.791663,35.452608,69.412071,19.268853,0.757296
pattern_1,1-H-003,363553.977,6591666.442,199.952,199.202,0,0.75,0.913523,33.031042,71.813174,14.476715,0.578859
pattern_1,1-H-003,363553.977,6591666.442,199.202,198.452,1,1.5,0.887159,32.260962,70.963177,15.759905,0.563171
pattern_1,1-H-003,363553.977,6591666.442,198.452,197.702,2,2.25,0.902617,30.789786,71.434205,16.854509,0.560553
pattern_1,1-H-003,363553.977,6591666.442,197.702,196.952,3,3,0.878231,32.11695,71.792831,15.662625,0.561326
pattern_1,1-H-003,363553.977,6591666.442,196.952,196.202,4,3.75,0.887589,31.673453,72.869732,16.996676,0.560976
pattern_1,1-H-003,363553.977,6591666.442,196.202,195.452,5,4.5,0.872222,33.702591,71.081155,16.434211,0.626316
pattern_1,1-H-003,363553.977,6591666.442,195.452,194.702,6,5.25,0.836684,32.659231,70.779718,17.202585,0.639657
pattern_1,1-H-003,363553.977,6591666.442,194.702,193.952,7,6,0.87029,35.228408,70.624521,15.532873,0.617717
pattern_1,1-H-003,363553.977,6591666.442,193.952,193.202,8,6.75,0.834755,33.246874,70.874494,14.996308,0.64907
pattern_1,1-H-003,363553.977,6591666.442,193.202,192.452,9,7.5,0.812284,34.813491,71.29434,17.246009,0.675318
pattern_1,1-H-003,363553.977,6591666.442,192.452,191.702,10,8.25,0.83831,35.338388,70.740908,17.710404,0.665294
pattern_1,1-H-003,363553.977,6591666.442,191.702,190.952,11,9,0.860294,35.653308,68.099891,16.035125,0.689184
pattern_1,1-H-003,363553.977,6591666.442,190.952,190.202,12,9.75,0.817506,34.73696,68.982485,17.369919,0.683384
pattern_1,1-H-003,363553.977,6591666.442,190.202,189.452,13,10.5,0.836443,34.86744,70.745965,17.096691,0.662441
pattern_1,1-H-003,363553.977,6591666.442,189.452,188.702,14,11.25,0.75649,36.370304,69.695327,17.750307,0.741482
pattern_1,1-H-003,363553.977,6591666.442,188.702,187.952,15,12,0.839005,35.176487,70.226459,16.97067,0.70195
pattern_1,1-H-003,363553.977,6591666.442,187.952,187.202,16,12.75,0.771693,34.932629,68.12621,18.405458,0.690166
pattern_1,1-H-003,363553.977,6591666.442,187.202,186.452,17,13.5,0.789702,35.211429,68.381936,16.895999,0.734753
pattern_1,1-H-003,363553.977,6591666.442,186.452,185.702,18,14.25,0.780458,36.148747,69.625886,18.049857,0.740823
pattern_1,1-H-003,363553.977,6591666.442,185.702,184.952,19,15,0.769855,35.775483,67.83438,17.647355,0.785719
pattern_1,1-H-003,363553.977,6591666.442,184.952,184.202,20,15.75,0.780369,36.900549,69.033336,18.321821,0.756021
pattern_1,1-H-003,363553.977,6591666.442,184.202,183.931,21,16.021,0.804631,35.464486,65.751203,18.164236,0.776259
pattern_1,1-H-004,363630.21,6591661.923,199.911,199.161,0,0.75,0.937936,30.458106,72.380775,14.673761,0.487505
pattern_1,1-H-004,363630.21,6591661.923,199.161,198.411,1,1.5,0.901576,33.081253,71.929136,14.285878,0.549181
pattern_1,1-H-004,363630.21,6591661.923,198.411,197.661,2,2.25,0.86835,33.585243,70.979656,15.772782,0.557612
pattern_1,1-H-004,363630.21,6591661.923,197.661,196.911,3,3,0.895263,31.880196,70.283305,14.510098,0.578397
pattern_1,1-H-004,363630.21,6591661.923,196.911,196.161,4,3.75,0.842612,32.747651,72.684765,16.855577,0.57917
pattern_1,1-H-004,363630.21,6591661.923,196.161,195.411,5,4.5,0.889427,33.18543,71.333245,16.488196,0.623021
pattern_1,1-H-004,363630.21,6591661.923,195.411,194.661,6,5.25,0.889225,34.390826,68.635704,15.640826,0.632264
pattern_1,1-H-004,363630.21,6591661.923,194.661,193.911,7,6,0.837161,33.535104,68.503512,16.679826,0.667517
pattern_1,1-H-004,363630.21,6591661.923,193.911,193.161,8,6.75,0.783585,34.331888,69.929535,15.534928,0.672746
pattern_1,1-H-004,363630.21,6591661.923,193.161,192.411,9,7.5,0.78468,34.336266,70.023649,18.125181,0.727178
pattern_1,1-H-004,363630.21,6591661.923,192.411,191.844,10,8.067,0.775081,36.583765,68.885343,17.876742,0.77173
pattern_1,1-H-005,363621.941,6591663.996,199.988,199.238,0,0.75,0.921474,30.590425,69.276127,14.946959,0.494566
pattern_1,1-H-005,363621.941,6591663.996,199.238,198.488,1,1.5,0.886533,33.762009,72.329945,14.383569,0.527142
pattern_1,1-H-005,363621.941,6591663.996,198.488,197.738,2,2.25,0.899894,33.792382,71.299407,14.068654,0.534014
pattern_1,1-H-005,363621.941,6591663.996,197.738,196.988,3,3,0.875582,31.078245,70.906099,14.696656,0.56652
pattern_1,1-H-005,363621.941,6591663.996,196.988,196.238,4,3.75,0.880347,33.477818,69.375884,17.130814,0.542414
pattern_1,1-H-005,363621.941,6591663.996,196.238,195.488,5,4.5,0.846178,33.350242,72.263557,16.991074,0.627258
pattern_1,1-H-005,363621.941,6591663.996,195.488,194.738,6,5.25,0.811241,34.261008,71.169199,14.782825,0.637498
pattern_1,1-H-005,363621.941,6591663.996,194.738,193.988,7,6,0.851688,34.951393,70.231485,17.055395,0.690159
pattern_1,1-H-005,363621.941,6591663.996,193.988,193.238,8,6.75,0.805912,34.29647,68.708094,18.774806,0.696296
pattern_1,1-H-005,363621.941,6591663.996,193.238,192.488,9,7.5,0.836568,34.933352,70.283541,17.496021,0.694708
pattern_1,1-H-005,363621.941,6591663.996,192.488,191.738,10,8.25,0.796775,35.595939,69.555613,19.133007,0.709476
pattern_1,1-H-005,363621.941,6591663.996,191.738,190.988,11,9,0.765711,36.660272,70.93388,18.194458,0.73604
pattern_1,1-H-005,363621.941,6591663.996,190.988,190.904,12,9.084,0.74474,37.633683,70.273885,17.17131,0.788147
pattern_1,1-H-006,363614.272,6591664.825,199.986,199.236,0,0.75,0.920063,33.500445,73.218331,13.654167,0.508158
pattern_1,1-H-006,363614.272,6591664.825,199.236,198.486,1,1.5,0.922684,34.08852,72.672748,16.201727,0.559775
pattern_1,1-H-006,363614.272,6591664.825,198.486,197.736,2,2.25,0.885867,30.771454,71.123695,15.811187,0.541142
pattern_1,1-H-006,363614.272,6591664.825,197.736,196.986,3,3,0.918354,32.429361,72.90163,15.317551,0.539066
pattern_1,1-H-006,363614.272,6591664.825,196.986,196.236,4,3.75,0.861287,34.692905,71.917442,15.579283,0.605955
pattern_1,1-H-006,363614.272,6591664.825,196.236,195.486,5,4.5,0.873458,35.44004,70.269225,16.124698,0.610958
pattern_1,1-H-006,363614.272,6591664.825,195.486,194.736,6,5.25,0.834095,32.142769,70.438935,16.351119,0.658327
pattern_1,1-H-006,363614.272,6591664.825,194.736,193.986,7,6,0.871029,34.95552,69.693545,15.301838,0.6695
pattern_1,1-H-006,363614.272,6591664.825,193.986,193.236,8,6.75,0.830798,36.158163,69.175688,17.680182,0.699661
pattern_1,1-H-006,363614.272,6591664.825,193.236,192.486,9,7.5,0.789622,35.915881,70.085371,17.752881,0.702162
pattern_1,1-H-006,363614.272,6591664.825,192.486,191.736,10,8.25,0.843111,35.414583,69.179015,19.166559,0.700522
pattern_1,1-H-006,363614.272,6591664.825,191.736,190.986,11,9,0.814863,36.883194,68.281803,17.477848,0.727996
pattern_1,1-H-006,363614.272,6591664.825,190.986,190.236,12,9.75,0.786526,38.430052,69.605387,15.514282,0.768832
pattern_1,1-H-006,363614.272,6591664.825,190.236,190.171,13,9.815,0.770825,35.313986,68.095735,17.124601,0.759331
pattern_1,1-H-007,363606.36,6591666.174,200.095,199.345,0,0.75,0.922183,31.522839,70.924569,15.376515,0.506449
pattern_1,1-H-007,363606.36,6591666.174,199.345,198.595,1,1.5,0.924355,31.715656,73.713017,14.730018,0.502734
pattern_1,1-H-007,363606.36,6591666.174,198.595,197.845,2,2.25,0.829901,33.252896,71.967211,15.985048,0.566318
pattern_1,1-H-007,363606.36,6591666.174,197.845,197.095,3,3,0.87745,34.338398,73.527963,15.702087,0.602833
pattern_1,1-H-007,363606.36,6591666.174,197.095,196.345,4,3.75,0.852911,31.838278,71.697703,16.332741,0.566441
pattern_1,1-H-007,363606.36,6591666.174,196.345,195.595,5,4.5,0.86227,33.292032,72.136693,16.055575,0.602861
pattern_1,1-H-007,363606.36,6591666.174,195.595,194.845,6,5.25,0.810361,34.277485,72.358259,15.791713,0.637241
pattern_1,1-H-007,363606.36,6591666.174,194.845,194.095,7,6,0.805925,33.111111,70.358395,18.23432,0.646689
pattern_1,1-H-007,363606.36,6591666.174,194.095,193.345,8,6.75,0.863021,34.393175,71.015817,14.924502,0.619565
pattern_1,1-H-007,363606.36,6591666.174,193.345,192.595,9,7.5,0.81777,36.035896,67.682555,17.401857,0.699977
pattern_1,1-H-007,363606.36,6591666.174,192.595,191.845,10,8.25,0.801834,37.183936,67.612945,16.683885,0.744445
pattern_1,1-H-007,363606.36,6591666.174,191.845,191.095,11,9,0.786863,34.260688,68.615503,16.295853,0.681444
pattern_1,1-H-007,363606.36,6591666.174,191.095,190.345,12,9.75,0.776078,35.824883,70.024638,18.216585,0.775967
pattern_1,1-H-007,363606.36,6591666.174,190.345,189.599,13,10.496,0.771795,35.850477,68.52437,17.049149,0.70367
pattern_1,1-H-008,363598.409,6591666.929,200.123,199.373,0,0.75,0.924582,31.030453,71.453057,17.083265,0.534135
pattern_1,1-H-008,363598.409,6591666.929,199.373,198.623,1,1.5,0.90783,31.258895,70.051018,15.649766,0.516591
pattern_1,1-H-008,363598.409,6591666.929,198.623,197.873,2,2.25,0.856039,31.815942,70.415281,17.065336,0.541535
pattern_1,1-H-008,363598.409,6591666.929,197.873,197.123,3,3,0.844035,31.645253,71.113833,16.292951,0.590115
pattern_1,1-H-008,363598.409,6591666.929,197.123,196.373,4,3.75,0.897992,33.840922,71.892652,16.345588,0.60508
pattern_1,1-H-008,363598.409,6591666.929,196.373,195.623,5,4.5,0.886963,30.231602,69.047222,14.917498,0.57591
pattern_1,1-H-008,363598.409,6591666.929,195.623,194.873,6,5.25,0.852009,35.543174,71.29224,16.288328,0.627159
pattern_1,1-H-008,363598.409,6591666.929,194.873,194.123,7,6,0.867765,32.800844,69.969341,16.360359,0.63648
pattern_1,1-H-008,363598.409,6591666.929,194.123,193.373,8,6.75,0.823056,34.024496,72.363104,18.037348,0.615591
pattern_1,1-H-008,363598.409,6591666.929,193.373,192.623,9,7.5,0.828139,33.092352,70.757485,16.562615,0.681378
pattern_1,1-H-008,363598.409,6591666.929,192.623,191.873,10,8.25,0.854115,37.30485,71.371605,17.163485,0.702721
pattern_1,1-H-008,363598.409,6591666.929,191.873,191.123,11,9,0.858852,33.671192,70.464034,15.889887,0.690257
pattern_1,1-H-008,363598.409,6591666.929,191.123,190.373,12,9.75,0.810238,36.380426,68.910932,18.300182,0.704869
pattern_1,1-H-008,363598.409,6591666.929,190.373,189.623,13,10.5,0.772208,36.206899,68.983142,18.356026,0.746537
pattern_1,1-H-008,363598.409,6591666.929,189.623,188.873,14,11.25,0.779016,37.856982,69.036524,16.50647,0.734042
pattern_1,1-H-008,363598.409,6591666.929,188.873,188.573,15,11.55,0.823833,36.028882,67.828401,17.898356,0.752246
pattern_1,1-H-009,363590.223,6591668.526,200.159,199.409,0,0.75,0.899595,29.42615,71.037081,14.039164,0.479223
pattern_1,1-H-009,363590.223,6591668.526,199.409,198.659,1,1.5,0.891414,33.030293,73.58945,15.898588,0.564569
pattern_1,1-H-009,363590.223,6591668.526,198.659,197.909,2,2.25,0.921767,33.033112,72.997708,16.338866,0.540815
pattern_1,1-H-009,363590.223,6591668.526,197.909,197.159,3,3,0.861466,32.425332,72.984806,16.202296,0.59612
pattern_1,1-H-009,363590.223,6591668.526,197.159,196.409,4,3.75,0.883164,33.895429,73.04758,14.812228,0.600794
pattern_1,1-H-009,363590.223,6591668.526,196.409,195.659,5,4.5,0.86195,35.595879,71.634069,15.269567,0.605824
pattern_1,1-H-009,363590.223,6591668.526,195.659,194.909,6,5.25,0.86748,31.595137,71.073942,17.144813,0.596469
pattern_1,1-H-009,363590.223,6591668.526,194.909,194.159,7,6,0.811216,31.947116,71.275535,17.103672,0.616441
pattern_1,1-H-009,363590.223,6591668.526,194.159,193.409,8,6.75,0.840204,32.863817,71.426112,16.579359,0.620832
pattern_1,1-H-009,363590.223,6591668.526,193.409,192.659,9,7.5,0.842294,35.088008,69.273431,15.151528,0.674653
pattern_1,1-H-009,363590.223,6591668.526,192.659,191.909,10,8.25,0.787094,33.60558,67.669124,15.432948,0.681526
pattern_1,1-H-009,363590.223,6591668.526,191.909,191.159,11,9,0.857706,32.933028,68.990056,17.353506,0.657243
pattern_1,1-H-009,363590.223,6591668.526,191.159,190.409,12,9.75,0.768214,34.841099,69.489747,16.94707,0.69867
pattern_1,1-H-009,363590.223,6591668.526,190.409,189.659,13,10.5,0.805138,36.519192,70.612945,19.362596,0.762942
pattern_1,1-H-009,363590.223,6591668.526,189.659,188.909,14,11.25,0.817656,37.093642,69.845562,17.275843,0.740467
pattern_1,1-H-009,363590.223,6591668.526,188.909,188.159,15,12,0.78285,36.127049,71.466217,18.918822,0.742175
pattern_1,1-H-009,363590.223,6591668.526,188.159,188.028,16,12.131,0.754915,37.654691,69.812333,17.825191,0.799298
pattern_1,1-H-010,363582.65,6591669.068,200.068,199.318,0,0.75,0.884895,31.621779,70.350599,14.306332,0.546088
pattern_1,1-H-010,363582.65,6591669.068,199.318,198.568,1,1.5,0.913617,35.014063,72.521649,15.642944,0.574582
pattern_1,1-H-010,363582.65,6591669.068,198.568,197.818,2,2.25,0.871392,31.907508,71.815772,13.185837,0.570679
pattern_1,1-H-010,363582.65,6591669.068,197.818,197.068,3,3,0.845388,32.110552,73.486282,16.979094,0.607357
pattern_1,1-H-010,363582.65,6591669.068,197.068,196.318,4,3.75,0.844221,34.004145,72.030534,15.778687,0.614408
pattern_1,1-H-010,363582.65,6591669.068,196.318,195.568,5,4.5,0.875642,34.175888,72.461498,17.748016,0.631913
pattern_1,1-H-010,363582.65,6591669.068,195.568,194.818,6,5.25,0.835633,34.637072,69.175538,16.087251,0.649567
pattern_1,1-H-010,363582.65,6591669.068,194.818,194.068,7,6,0.856691,35.769006,73.325309,16.044704,0.664621
pattern_1,1-H-010,363582.65,6591669.068,194.068,193.318,8,6.75,0.801721,35.595028,70.521733,18.209169,0.678923
pattern_1,1-H-010,363582.65,6591669.068,193.318,192.568,9,7.5,0.785304,33.023849,71.092977,18.546361,0.671701
pattern_1,1-H-010,363582.65,6591669.068,192.568,191.818,10,8.25,0.831449,33.678213,69.171318,17.061995,0.649529
pattern_1,1-H-010,363582.65,6591669.068,191.818,191.068,11,9,0.800665,34.500195,69.974692,18.262513,0.71017
pattern_1,1-H-010,363582.65,6591669.068,191.068,190.318,12,9.75,0.760772,34.795597,69.914525,18.067321,0.758864
pattern_1,1-H-010,363582.65,6591669.068,190.318,189.568,13,10.5,0.775504,37.295823,70.468164,17.846789,0.776165
pattern_1,1-H-010,363582.65,6591669.068,189.568,188.818,14,11.25,0.794523,37.693931,69.394489,16.889131,0.730446
pattern_1,1-H-010,363582.65,6591669.068,188.818,188.068,15,12,0.753126,36.121119,68.990122,17.819419,0.765942
pattern_1,1-H-010,363582.65,6591669.068,188.068,187.318,16,12.75,0.803572,36.463095,69.900691,17.765298,0.745516
pattern_1,1-H-010,363582.65,6591669.068,187.318,187.271,17,12.797,0.781607,35.816208,66.907487,18.459474,0.781909
pattern_1,1-H-011,363574.648,6591670.482,200.053,199.303,0,0.75,0.911215,32.107422,71.18306,15.74945,0.526911
pattern_1,1-H-011,363574.648,6591670.482,199.303,198.553,1,1.5,0.883266,32.256313,70.422494,16.201357,0.56928
pattern_1,1-H-011,363574.648,6591670.482,198.553,197.803,2,2.25,0.884768,31.464676,72.697681,14.467419,0.55075
pattern_1,1-H-011,363574.648,6591670.482,197.803,197.053,3,3,0.862325,33.752416,70.432421,15.306783,0.633359
pattern_1,1-H-011,363574.648,6591670.482,197.053,196.303,4,3.75,0.831773,35.274318,70.264273,15.834051,0.597258
pattern_1,1-H-011,363574.648,6591670.482,196.303,195.553,5,4.5,0.848324,33.621285,73.092436,17.557125,0.601546
pattern_1,1-H-011,363574.648,6591670.482,195.553,194.803,6,5.25,0.904681,34.51199,72.053297,16.001592,0.614061
pattern_1,1-H-011,363574.648,6591670.482,194.803,194.053,7,6,0.842981,32.182484,69.795438,17.172485,0.60655
pattern_1,1-H-011,363574.648,6591670.482,194.053,193.303,8,6.75,0.852747,33.89997,71.48709,17.338006,0.64781
pattern_1,1-H-011,363574.648,6591670.482,193.303,192.553,9,7.5,0.805051,32.802568,71.489393,17.357627,0.655969
pattern_1,1-H-011,363574.648,6591670.482,192.553,191.803,10,8.25,0.817929,33.587191,69.468687,15.3612,0.667224
pattern_1,1-H-011,363574.648,6591670.482,191.803,191.053,11,9,0.817604,37.000735,68.799977,18.576266,0.734299
pattern_1,1-H-011,363574.648,6591670.482,191.053,190.303,12,9.75,0.787939,35.643785,71.191962,19.312771,0.73074
pattern_1,1-H-011,363574.648,6591670.482,190.303,189.553,13,10.5,0.825832,34.616008,68.944653,18.010344,0.713599
pattern_1,1-H-011,363574.648,6591670.482,189.553,188.803,14,11.25,0.729682,34.946605,69.138916,17.220175,0.731125
pattern_1,1-H-011,363574.648,6591670.482,188.803,188.053,15,12,0.807884,37.09405,69.292001,17.38257,0.755028
pattern_1,1-H-011,363574.648,6591670.482,188.053,187.303,16,12.75,0.794086,35.6918,68.887497,18.461824,0.738154
pattern_1,1-H-011,363574.648,6591670.482,187.303,186.553,17,13.5,0.774643,34.854376,69.518463,19.331878,0.791515
pattern_1,1-H-011,363574.648,6591670.482,186.553,186.142,18,13.911,0.757072,34.988962,70.084782,19.141924,0.771232
pattern_1,1-H-012,363566.919,6591671.365,200.084,199.334,0,0.75,0.872001,32.672188,70.678598,15.215332,0.550253
pattern_1,1-H-012,363566.919,6591671.365,199.334,198.584,1,1.5,0.892193,32.180596,70.998423,14.986488,0.579943
pattern_1,1-H-012,363566.919,6591671.365,198.584,197.834,2,2.25,0.896051,32.525101,72.006712,15.452206,0.564961
pattern_1,1-H-012,363566.919,6591671.365,197.834,197.084,3,3,0.8974,30.903341,70.697628,16.930901,0.560348
pattern_1,1-H-012,363566.919,6591671.365,197.084,196.334,4,3.75,0.835228,33.239918,71.466373,17.241132,0.573227
pattern_1,1-H-012,363566.919,6591671.365,196.334,195.584,5,4.5,0.857367,33.869905,71.56191,15.425525,0.586093
pattern_1,1-H-012,363566.919,6591671.365,195.584,194.834,6,5.25,0.824644,32.831191,70.699468,15.753604,0.620266
pattern_1,1-H-012,363566.919,6591671.365,194.834,194.084,7,6,0.886464,34.429677,71.065727,16.510059,0.627318
pattern_1,1-H-012,363566.919,6591671.365,194.084,193.334,8,6.75,0.849335,32.554701,70.094229,16.285166,0.645859
pattern_1,1-H-012,363566.919,6591671.365,193.334,192.584,9,7.5,0.810738,36.582439,70.630189,17.446403,0.729953
pattern_1,1-H-012,363566.919,6591671.365,192.584,191.834,10,8.25,0.831285,34.052861,69.652619,15.970632,0.63988
pattern_1,1-H-012,363566.919,6591671.365,191.834,191.084,11,9,0.777852,34.966937,70.039363,16.047194,0.69264
pattern_1,1-H-012,363566.919,6591671.365,191.084,190.334,12,9.75,0.820754,36.423881,69.225768,17.989391,0.712963
pattern_1,1-H-012,363566.919,6591671.365,190.334,189.584,13,10.5,0.749186,34.252679,70.396501,16.678105,0.730104
pattern_1,1-H-012,363566.919,6591671.365,189.584,188.834,14,11.25,0.774042,34.452551,68.591948,17.852292,0.725702
pattern_1,1-H-012,363566.919,6591671.365,188.834,188.084,15,12,0.791742,34.728911,68.419799,19.141999,0.706725
pattern_1,1-H-012,363566.919,6591671.365,188.084,187.334,16,12.75,0.7863,36.304375,68.341688,18.776884,0.752311
pattern_1,1-H-012,363566.919,6591671.365,187.334,186.584,17,13.5,0.758722,37.626391,68.858234,19.5,0.774168
pattern_1,1-H-012,363566.919,6591671.365,186.584,185.834,18,14.25,0.765765,37.310326,68.275652,17.107482,0.807236
pattern_1,1-H-012,363566.919,6591671.365,185.834,185.272,19,14.812,0.801082,37.740749,70.714559,17.39033,0.829777
pattern_1,1-H-013,363558.858,6591672.619,200.072,199.322,0,0.75,0.899392,32.852059,70.832361,14.873824,0.565264
pattern_1,1-H-013,363558.858,6591672.619,199.322,198.572,1,1.5,0.861939,32.764854,70.541539,15.702071,0.566494
pattern_1,1-H-013,363558.858,6591672.619,198.572,197.822,2,2.25,0.887232,32.619007,71.451307,13.44875,0.552935
pattern_1,1-H-013,363558.858,6591672.619,197.822,197.072,3,3,0.852176,31.477414,71.067362,16.125477,0.587778
pattern_1,1-H-013,363558.858,6591672.619,197.072,196.322,4,3.75,0.806528,33.401192,73.11659,15.664473,0.612156
pattern_1,1-H-013,363558.858,6591672.619,196.322,195.572,5,4.5,0.841375,34.734482,71.760514,15.151314,0.625888
pattern_1,1-H-013,363558.858,6591672.619,195.572,194.822,6,5.25,0.856132,34.441567,70.467389,15.891692,0.659307
pattern_1,1-H-013,363558.858,6591672.619,194.822,194.072,7,6,0.831118,31.431774,71.548737,15.310201,0.600491
pattern_1,1-H-013,363558.858,6591672.619,194.072,193.322,8,6.75,0.839318,33.060354,69.740417,15.559171,0.642144
pattern_1,1-H-013,363558.858,6591672.619,193.322,192.572,9,7.5,0.856416,35.831039,72.079003,17.898455,0.629258
pattern_1,1-H-013,363558.858,6591672.619,192.572,191.822,10,8.25,0.833977,32.122589,71.170038,18.392003,0.652188
pattern_1,1-H-013,363558.858,6591672.619,191.822,191.072,11,9,0.789394,33.400144,70.387375,16.952694,0.684529
pattern_1,1-H-013,363558.858,6591672.619,191.072,190.322,12,9.75,0.84245,37.189942,68.600591,17.273595,0.703528
pattern_1,1-H-013,363558.858,6591672.619,190.322,189.572,13,10.5,0.778071,34.492065,70.432096,17.219344,0.695643
pattern_1,1-H-013,363558.858,6591672.619,189.572,188.822,14,11.25,0.787733,34.258171,69.356497,16.521773,0.69959
pattern_1,1-H-013,363558.858,6591672.619,188.822,188.072,15,12,0.791585,35.08525,69.918562,17.1459,0.73226
pattern_1,1-H-013,363558.858,6591672.619,188.072,187.322,16,12.75,0.776402,33.471967,69.351953,17.408754,0.728862
pattern_1,1-H-013,363558.858,6591672.619,187.322,186.572,17,13.5,0.766182,34.779072,68.8067,17.830478,0.75245
pattern_1,1-H-013,363558.858,6591672.619,186.572,185.822,18,14.25,0.743126,36.71973,68.420185,18.755444,0.752506
pattern_1,1-H-013,363558.858,6591672.619,185.822,185.072,19,15,0.771689,36.32602,69.527331,17.427042,0.790231
pattern_1,1-H-013,363558.858,6591672.619,185.072,184.388,20,15.684,0.785337,39.224453,67.44505,18.49662,0.787301
pattern_1,1-H-014,363551.173,6591673.779,199.959,199.209,0,0.75,0.932358,33.93434,73.159423,14.509532,0.564058
pattern_1,1-H-014,363551.173,6591673.779,199.209,198.459,1,1.5,0.918956,31.19663,70.917096,14.931057,0.514771
pattern_1,1-H-014,363551.173,6591673.779,198.459,197.709,2,2.25,0.89483,31.314652,73.913273,14.005335,0.535953
pattern_1,1-H-014,363551.173,6591673.779,197.709,196.959,3,3,0.862938,30.476874,72.406776,16.129966,0.574734
pattern_1,1-H-014,363551.173,6591673.779,196.959,196.209,4,3.75,0.896389,32.512776,71.240593,16.235392,0.607964
pattern_1,1-H-014,363551.173,6591673.779,196.209,195.459,5,4.5,0.870094,34.355851,72.106991,15.668638,0.610569
pattern_1,1-H-014,363551.173,6591673.779,195.459,194.709,6,5.25,0.873295,33.55905,71.321621,16.792429,0.608947
pattern_1,1-H-014,363551.173,6591673.779,194.709,193.959,7,6,0.839727,32.832609,71.836828,17.06815,0.605865
pattern_1,1-H-014,363551.173,6591673.779,193.959,193.209,8,6.75,0.846059,34.673872,71.655777,14.894149,0.648363
pattern_1,1-H-014,363551.173,6591673.779,193.209,192.459,9,7.5,0.832831,34.938296,69.520999,17.6462,0.664781
pattern_1,1-H-014,363551.173,6591673.779,192.459,191.709,10,8.25,0.84653,33.547794,69.708441,17.294158,0.635163
pattern_1,1-H-014,363551.173,6591673.779,191.709,190.959,11,9,0.844344,31.181202,71.2176,16.467386,0.623004
pattern_1,1-H-014,363551.173,6591673.779,190.959,190.209,12,9.75,0.842129,39.249111,70.596254,16.384771,0.733208
pattern_1,1-H-014,363551.173,6591673.779,190.209,189.459,13,10.5,0.813671,34.454183,69.257827,18.328891,0.699569
pattern_1,1-H-014,363551.173,6591673.779,189.459,188.709,14,11.25,0.768968,34.784431,70.123762,17.69627,0.682988
pattern_1,1-H-014,363551.173,6591673.779,188.709,187.959,15,12,0.819292,35.14013,69.621605,17.261153,0.702578
pattern_1,1-H-014,363551.173,6591673.779,187.959,187.209,16,12.75,0.793278,35.399179,71.093123,18.379964,0.732466
pattern_1,1-H-014,363551.173,6591673.779,187.209,186.459,17,13.5,0.777517,36.663496,68.482067,18.839123,0.725293
pattern_1,1-H-014,363551.173,6591673.779,186.459,185.709,18,14.25,0.783684,35.866145,68.460394,17.915452,0.752731
pattern_1,1-H-014,363551.173,6591673.779,185.709,184.959,19,15,0.775282,36.5878,70.138896,17.946616,0.783241
pattern_1,1-H-014,363551.173,6591673.779,184.959,184.209,20,15.75,0.740584,35.815403,68.701931,17.762388,0.79355
pattern_1,1-H-014,363551.173,6591673.779,184.209,183.699,21,16.26,0.810329,35.509701,69.856368,19.247289,0.797732
pattern_1,1-H-015,363642.909,6591668.072,200.037,199.287,0,0.75,0.904118,26.727555,72.133425,14.192409,0.465513
pattern_1,1-H-015,363642.909,6591668.072,199.287,198.537,1,1.5,0.886851,34.110336,72.345264,15.312649,0.533812
pattern_1,1-H-015,363642.909,6591668.072,198.537,197.787,2,2.25,0.879486,33.510917,70.921326,15.036127,0.567903
pattern_1,1-H-015,363642.909,6591668.072,197.787,197.037,3,3,0.849007,33.328296,70.33748,15.602976,0.557351
pattern_1,1-H-015,363642.909,6591668.072,197.037,196.287,4,3.75,0.87977,32.09019,72.51941,13.595599,0.575456
pattern_1,1-H-015,363642.909,6591668.072,196.287,195.537,5,4.5,0.861922,36.113666,71.25547,15.576313,0.656869
pattern_1,1-H-015,363642.909,6591668.072,195.537,194.787,6,5.25,0.843996,32.942028,70.226832,18.663501,0.629969
pattern_1,1-H-015,363642.909,6591668.072,194.787,194.037,7,6,0.820514,33.97331,70.418226,18.658826,0.727912
pattern_1,1-H-015,363642.909,6591668.072,194.037,193.287,8,6.75,0.775745,36.620283,69.366618,17.184722,0.714364
pattern_1,1-H-015,363642.909,6591668.072,193.287,192.977,9,7.06,0.81808,34.853949,68.454145,18.302683,0.70197
pattern_1,1-H-016,363634.836,6591668.868,199.944,199.194,0,0.75,0.916282,29.956591,74.406516,16.419265,0.529917
pattern_1,1-H-016,363634.836,6591668.868,199.194,198.444,1,1.5,0.912331,33.931422,73.24186,15.233511,0.512345
pattern_1,1-H-016,363634.836,6591668.868,198.444,197.694,2,2.25,0.872015,33.780463,71.981001,14.633245,0.548142
pattern_1,1-H-016,363634.836,6591668.868,197.694,196.944,3,3,0.848544,32.593862,71.876489,16.003503,0.588604
pattern_1,1-H-016,363634.836,6591668.868,196.944,196.194,4,3.75,0.943758,33.750879,71.994442,16.854808,0.606326
pattern_1,1-H-016,363634.836,6591668.868,196.194,195.444,5,4.5,0.815779,32.638877,69.624179,15.433828,0.627363
pattern_1,1-H-016,363634.836,6591668.868,195.444,194.694,6,5.25,0.828384,35.543591,69.690216,17.475692,0.670471
pattern_1,1-H-016,363634.836,6591668.868,194.694,193.944,7,6,0.846964,37.100466,70.792511,16.74636,0.663907
pattern_1,1-H-016,363634.836,6591668.868,193.944,193.194,8,6.75,0.825804,35.595131,69.659356,16.687448,0.6995
pattern_1,1-H-016,363634.836,6591668.868,193.194,192.444,9,7.5,0.755412,36.13378,70.779826,19.5,0.763025
pattern_1,1-H-016,363634.836,6591668.868,192.444,192.362,10,7.582,0.789832,34.225375,69.918768,17.743097,0.773539
pattern_1,1-H-017,363626.939,6591669.807,199.984,199.234,0,0.75,0.934771,31.576239,74.02317,14.397138,0.501802
pattern_1,1-H-017,363626.939,6591669.807,199.234,198.484,1,1.5,0.903707,29.045046,72.478486,15.399201,0.523444
pattern_1,1-H-017,363626.939,6591669.807,198.484,197.734,2,2.25,0.918448,31.349693,71.101266,16.673293,0.533098
pattern_1,1-H-017,363626.939,6591669.807,197.734,196.984,3,3,0.892794,34.247963,69.76058,16.50034,0.59906
pattern_1,1-H-017,363626.939,6591669.807,196.984,196.234,4,3.75,0.828292,34.043839,72.309178,15.22525,0.620815
pattern_1,1-H-017,363626.939,6591669.807,196.234,195.484,5,4.5,0.863041,35.796706,71.013374,16.132155,0.644833
pattern_1,1-H-017,363626.939,6591669.807,195.484,194.734,6,5.25,0.865708,33.062357,70.762941,16.905079,0.638422
pattern_1,1-H-017,363626.939,6591669.807,194.734,193.984,7,6,0.847675,35.195227,71.997161,18.41907,0.649646
pattern_1,1-H-017,363626.939,6591669.807,193.984,193.234,8,6.75,0.80733,36.345735,71.452577,15.741174,0.708476
pattern_1,1-H-017,363626.939,6591669.807,193.234,192.484,9,7.5,0.793686,33.29371,70.450533,19.161488,0.677476
pattern_1,1-H-017,363626.939,6591669.807,192.484,191.734,10,8.25,0.788733,37.506505,70.013603,16.295631,0.741099
pattern_1,1-H-017,363626.939,6591669.807,191.734,191.726,11,8.258,0.784083,35.898163,69.92594,17.082086,0.758851
pattern_1,1-H-018,363619.045,6591671.12,199.878,199.128,0,0.75,0.92507,30.759636,74.497248,15.274518,0.508281
pattern_1,1-H-018,363619.045,6591671.12,199.128,198.378,1,1.5,0.894192,33.087536,71.118362,14.977739,0.53056
pattern_1,1-H-018,363619.045,6591671.12,198.378,197.628,2,2.25,0.848704,33.202057,71.662882,15.384658,0.574359
pattern_1,1-H-018,363619.045,6591671.12,197.628,196.878,3,3,0.820895,33.443264,71.955299,16.671858,0.599791
pattern_1,1-H-018,363619.045,6591671.12,196.878,196.128,4,3.75,0.834913,33.573471,70.450274,17.334076,0.585153
pattern_1,1-H-018,363619.045,6591671.12,196.128,195.378,5,4.5,0.866442,33.879393,70.437093,16.523363,0.632489
pattern_1,1-H-018,363619.045,6591671.12,195.378,194.628,6,5.25,0.835007,37.878058,70.361445,15.630858,0.694558
pattern_1,1-H-018,363619.045,6591671.12,194.628,193.878,7,6,0.844992,33.094925,71.412418,16.760025,0.649128
pattern_1,1-H-018,363619.045,6591671.12,193.878,193.128,8,6.75,0.83497,34.214616,68.535238,16.302901,0.676652
pattern_1,1-H-018,363619.045,6591671.12,193.128,192.378,9,7.5,0.824755,34.279879,70.036224,16.993606,0.70197
pattern_1,1-H-018,363619.045,6591671.12,192.378,191.628,10,8.25,0.79086,34.999077,70.502097,16.738517,0.744028
pattern_1,1-H-018,363619.045,6591671.12,191.628,190.878,11,9,0.764467,35.231746,69.045158,16.906935,0.759501
pattern_1,1-H-018,363619.045,6591671.12,190.878,190.705,12,9.173,0.747023,36.568916,69.90547,18.306359,0.76558
pattern_1,1-H-019,363611.278,6591672.384,199.778,199.028,0,0.75,0.923293,31.334508,72.854772,15.874607,0.526004
pattern_1,1-H-019,363611.278,6591672.384,199.028,198.278,1,1.5,0.888654,33.22693,70.929042,15.116847,0.561911
pattern_1,1-H-019,363611.278,6591672.384,198.278,197.528,2,2.25,0.887333,31.06081,72.413171,15.482463,0.5722
pattern_1,1-H-019,363611.278,6591672.384,197.528,196.778,3,3,0.858556,32.701358,71.167133,16.246317,0.563182
pattern_1,1-H-019,363611.278,6591672.384,196.778,196.028,4,3.75,0.879442,29.848979,72.414291,15.829547,0.579737
pattern_1,1-H-019,363611.278,6591672.384,196.028,195.278,5,4.5,0.845686,34.355995,70.281849,16.850799,0.634909
pattern_1,1-H-019,363611.278,6591672.384,195.278,194.528,6,5.25,0.823416,34.126591,70.127624,17.072993,0.653115
pattern_1,1-H-019,363611.278,6591672.384,194.528,193.778,7,6,0.838384,32.575394,71.535916,18.245036,0.670688
pattern_1,1-H-019,363611.278,6591672.384,193.778,193.028,8,6.75,0.868551,36.269355,67.492686,16.508452,0.676838
pattern_1,1-H-019,363611.278,6591672.384,193.028,192.278,9,7.5,0.834797,33.538154,70.627098,15.468175,0.658167
pattern_1,1-H-019,363611.278,6591672.384,192.278,191.528,10,8.25,0.790381,37.126858,69.625528,18.152586,0.710294
pattern_1,1-H-019,363611.278,6591672.384,191.528,190.778,11,9,0.802464,34.470957,70.481274,18.789977,0.719696
pattern_1,1-H-019,363611.278,6591672.384,190.778,190.028,12,9.75,0.810051,36.517997,69.465752,18.352431,0.754261
pattern_1,1-H-019,363611.278,6591672.384,190.028,189.618,13,10.16,0.778814,36.049978,69.295578,17.796856,0.763005
pattern_1,1-H-020,363603.495,6591673.526,199.913,199.163,0,0.75,0.927565,29.129596,70.599048,15.696439,0.5223
pattern_1,1-H-020,363603.495,6591673.526,199.163,198.413,1,1.5,0.91527,30.595807,72.613052,13.738613,0.503283
pattern_1,1-H-020,363603.495,6591673.526,198.413,197.663,2,2.25,0.877368,31.606261,70.654136,14.600195,0.554914
pattern_1,1-H-020,363603.495,6591673.526,197.663,196.913,3,3,0.890626,34.745439,72.933747,16.140686,0.579306
pattern_1,1-H-020,363603.495,6591673.526,196.913,196.163,4,3.75,0.833455,36.171473,70.027963,17.044631,0.629055
pattern_1,1-H-020,363603.495,6591673.526,196.163,195.413,5,4.5,0.844342,32.244673,72.404876,16.622623,0.631317
pattern_1,1-H-020,363603.495,6591673.526,195.413,194.663,6,5.25,0.886719,33.59324,72.846457,16.197291,0.613781
pattern_1,1-H-020,363603.495,6591673.526,194.663,193.913,7,6,0.852839,32.379617,71.557628,16.183032,0.646285
pattern_1,1-H-020,363603.495,6591673.526,193.913,193.163,8,6.75,0.826195,34.028125,71.072821,16.001545,0.660723
pattern_1,1-H-020,363603.495,6591673.526,193.163,192.413,9,7.5,0.790346,35.551069,70.590961,16.778595,0.70052
pattern_1,1-H-020,363603.495,6591673.526,192.413,191.663,10,8.25,0.730538,31.863171,72.49551,18.247736,0.683998
pattern_1,1-H-020,363603.495,6591673.526,191.663,190.913,11,9,0.815082,36.447256,69.704319,18.758089,0.728271
pattern_1,1-H-020,363603.495,6591673.526,190.913,190.163,12,9.75,0.753707,34.982464,70.470034,18.345788,0.745698
pattern_1,1-H-020,363603.495,6591673.526,190.163,189.413,13,10.5,0.80534,37.841078,67.500484,18.119945,0.776623
pattern_1,1-H-020,363603.495,6591673.526,189.413,189.374,14,10.539,0.756514,34.795158,66.228651,19.5,0.735464
pattern_1,1-H-021,363595.354,6591674.146,200.034,199.284,0,0.75,0.912996,29.949591,69.80694,15.432951,0.535737
pattern_1,1-H-021,363595.354,6591674.146,199.284,198.534,1,1.5,0.8697,32.255408,72.291539,15.531961,0.5809
pattern_1,1-H-021,363595.354,6591674.146,198.534,197.784,2,2.25,0.882672,29.466401,69.889073,15.550756,0.549537
pattern_1,1-H-021,363595.354,6591674.146,197.784,197.034,3,3,0.893097,32.260762,68.424077,16.203897,0.582853
pattern_1,1-H-021,363595.354,6591674.146,197.034,196.284,4,3.75,0.846547,35.320287,71.344236,16.515726,0.621941
pattern_1,1-H-021,363595.354,6591674.146,196.284,195.534,5,4.5,0.850547,33.05397,71.246818,15.041902,0.600515
pattern_1,1-H-021,363595.354,6591674.146,195.534,194.784,6,5.25,0.823808,32.563084,70.674433,17.473055,0.647057
pattern_1,1-H-021,363595.354,6591674.146,194.784,194.034,7,6,0.870694,32.476983,69.350409,17.052079,0.633143
pattern_1,1-H-021,363595.354,6591674.146,194.034,193.284,8,6.75,0.840347,35.211999,70.784754,15.331715,0.706862
pattern_1,1-H-021,363595.354,6591674.146,193.284,192.534,9,7.5,0.843991,35.590544,69.048035,17.080825,0.693158
pattern_1,1-H-021,363595.354,6591674.146,192.534,191.784,10,8.25,0.799739,35.213525,70.348378,17.135334,0.70393
pattern_1,1-H-021,363595.354,6591674.146,191.784,191.034,11,9,0.791392,36.892446,69.917997,16.759667,0.732427
pattern_1,1-H-021,363595.354,6591674.146,191.034,190.284,12,9.75,0.825929,37.55937,68.287437,17.267983,0.771058
pattern_1,1-H-021,363595.354,6591674.146,190.284,189.534,13,10.5,0.81288,33.965685,69.332273,19.257957,0.727505
pattern_1,1-H-021,363595.354,6591674.146,189.534,188.784,14,11.25,0.792021,38.424219,68.946392,19.107512,0.7719
pattern_1,1-H-021,363595.354,6591674.146,188.784,188.457,15,11.577,0.7719,36.143848,67.947857,19.5,0.787997
pattern_1,1-H-022,363586.94,6591675.567,199.992,199.242,0,0.75,0.900473,32.57474,70.95312,14.957755,0.53862
pattern_1,1-H-022,363586.94,6591675.567,199.242,198.492,1,1.5,0.873117,34.259652,71.28408,14.672873,0.56887
pattern_1,1-H-022,363586.94,6591675.567,198.492,197.742,2,2.25,0.934303,32.439279,71.151069,16.088448,0.546807
pattern_1,1-H-022,363586.94,6591675.567,197.742,196.992,3,3,0.84953,34.143435,73.516072,15.332386,0.611803
pattern_1,1-H-022,363586.94,6591675.567,196.992,196.242,4,3.75,0.889915,33.292944,69.596498,15.268221,0.575648
pattern_1,1-H-022,363586.94,6591675.567,196.242,195.492,5,4.5,0.819217,34.199551,70.621982,15.231603,0.605649
pattern_1,1-H-022,363586.94,6591675.567,195.492,194.742,6,5.25,0.835102,35.228283,70.909289,16.382859,0.648809
pattern_1,1-H-022,363586.94,6591675.567,194.742,193.992,7,6,0.858881,33.385969,70.320569,17.032268,0.636732
pattern_1,1-H-022,363586.94,6591675.567,193.992,193.242,8,6.75,0.844885,33.794139,69.787274,17.569384,0.653781
pattern_1,1-H-022,363586.94,6591675.567,193.242,192.492,9,7.5,0.816342,34.632143,70.226231,16.250232,0.650468
pattern_1,1-H-022,363586.94,6591675.567,192.492,191.742,10,8.25,0.826761,36.234215,68.949751,19.052709,0.716216
pattern_1,1-H-022,363586.94,6591675.567,191.742,190.992,11,9,0.809503,35.028734,70.226341,17.129368,0.727222
pattern_1,1-H-022,363586.94,6591675.567,190.992,190.242,12,9.75,0.7919,34.308091,69.604218,17.820982,0.698781
pattern_1,1-H-022,363586.94,6591675.567,190.242,189.492,13,10.5,0.776398,34.378659,68.543677,17.983622,0.735745
pattern_1,1-H-022,363586.94,6591675.567,189.492,188.742,14,11.25,0.763397,35.471777,69.141794,17.606279,0.769801
pattern_1,1-H-022,363586.94,6591675.567,188.742,187.992,15,12,0.794918,36.402168,70.086283,18.964095,0.74074
pattern_1,1-H-022,363586.94,6591675.567,187.992,187.638,16,12.354,0.763072,36.632035,67.956914,18.920167,0.787425
pattern_1,1-H-023,363579.524,6591676.999,200.044,199.294,0,0.75,0.890981,32.94192,72.595349,13.457943,0.569664
pattern_1,1-H-023,363579.524,6591676.999,199.294,198.544,1,1.5,0.834137,33.508013,72.147403,15.178587,0.598679
pattern_1,1-H-023,363579.524,6591676.999,198.544,197.794,2,2.25,0.901281,32.156069,71.770983,15.730091,0.583301
pattern_1,1-H-023,363579.524,6591676.999,197.794,197.044,3,3,0.857179,34.425618,71.965853,15.725349,0.638032
pattern_1,1-H-023,363579.524,6591676.999,197.044,196.294,4,3.75,0.848093,32.39936,71.310552,15.806108,0.609754
pattern_1,1-H-023,363579.524,6591676.999,196.294,195.544,5,4.5,0.842246,34.659796,72.481223,16.371958,0.641717
pattern_1,1-H-023,363579.524,6591676.999,195.544,194.794,6,5.25,0.845477,33.714038,71.690735,15.610889,0.633724
pattern_1,1-H-023,363579.524,6591676.999,194.794,194.044,7,6,0.86267,34.851413,70.278865,16.844197,0.70864
pattern_1,1-H-023,363579.524,6591676.999,194.044,193.294,8,6.75,0.835482,33.444426,68.225673,17.749261,0.674292
pattern_1,1-H-023,363579.524,6591676.999,193.294,192.544,9,7.5,0.827089,36.163705,69.854707,17.750697,0.718776
pattern_1,1-H-023,363579.524,6591676.999,192.544,191.794,10,8.25,0.795296,35.743533,70.404844,18.277427,0.730774
pattern_1,1-H-023,363579.524,6591676.999,191.794,191.044,11,9,0.818884,36.603437,68.918752,16.599194,0.724018
pattern_1,1-H-023,363579.524,6591676.999,191.044,190.294,12,9.75,0.777083,35.150629,68.889457,17.53654,0.732468
pattern_1,1-H-023,363579.524,6591676.999,190.294,189.544,13,10.5,0.770984,36.048805,68.17071,17.95643,0.73686
pattern_1,1-H-023,363579.524,6591676.999,189.544,188.794,14,11.25,0.778398,35.594461,69.352193,16.518141,0.785427
pattern_1,1-H-023,363579.524,6591676.999,188.794,188.044,15,12,0.781192,37.463562,70.370955,19.405324,0.782779
pattern_1,1-H-023,363579.524,6591676.999,188.044,187.294,16,12.75,0.717477,37.256935,70.49753,18.785005,0.835681
pattern_1,1-H-023,363579.524,6591676.999,187.294,186.791,17,13.253,0.725741,36.107086,69.039997,19.376915,0.831685
pattern_1,1-H-024,363571.529,6591678.048,200.051,199.301,0,0.75,0.898332,32.250958,70.27609,17.853486,0.550413
pattern_1,1-H-024,363571.529,6591678.048,199.301,198.551,1,1.5,0.864359,31.812907,73.868234,15.374331,0.555292
pattern_1,1-H-024,363571.529,6591678.048,198.551,197.801,2,2.25,0.877456,33.105839,72.344553,15.638821,0.559482
pattern_1,1-H-024,363571.529,6591678.048,197.801,197.051,3,3,0.909666,31.083636,73.274484,14.572097,0.564919
pattern_1,1-H-024,363571.529,6591678.048,197.051,196.301,4,3.75,0.825163,34.676778,71.282605,15.632911,0.642246
pattern_1,1-H-024,363571.529,6591678.048,196.301,195.551,5,4.5,0.838834,33.89854,72.110541,15.468354,0.596256
pattern_1,1-H-024,363571.529,6591678.048,195.551,194.801,6,5.25,0.881547,34.911275,72.927814,16.175541,0.634286
pattern_1,1-H-024,363571.529,6591678.048,194.801,194.051,7,6,0.841006,33.590291,69.720569,16.006683,0.640497
pattern_1,1-H-024,363571.529,6591678.048,194.051,193.301,8,6.75,0.909943,38.022917,70.031569,15.313343,0.665109
pattern_1,1-H-024,363571.529,6591678.048,193.301,192.551,9,7.5,0.819284,33.997734,71.583672,17.129402,0.661352
pattern_1,1-H-024,363571.529,6591678.048,192.551,191.801,10,8.25,0.799932,33.856009,72.459228,17.982105,0.679903
pattern_1,1-H-024,363571.529,6591678.048,191.801,191.051,11,9,0.815967,32.16623,70.116114,16.777421,0.663037
pattern_1,1-H-024,363571.529,6591678.048,191.051,190.301,12,9.75,0.857497,36.42768,70.133294,17.263534,0.701904
pattern_1,1-H-024,363571.529,6591678.048,190.301,189.551,13,10.5,0.765495,35.207246,67.477173,17.877723,0.726745
pattern_1,1-H-024,363571.529,6591678.048,189.551,188.801,14,11.25,0.793456,36.178444,68.176181,17.040873,0.71217
pattern_1,1-H-024,363571.529,6591678.048,188.801,188.051,15,12,0.76804,36.359335,69.60418,19.168801,0.767942
pattern_1,1-H-024,363571.529,6591678.048,188.051,187.301,16,12.75,0.784161,36.387474,68.891525,15.673104,0.800282
pattern_1,1-H-024,363571.529,6591678.048,187.301,186.551,17,13.5,0.729242,37.114363,68.691261,19.098889,0.787986
pattern_1,1-H-024,363571.529,6591678.048,186.551,186.08,18,13.971,0.769203,37.359832,67.597057,18.438888,0.792104
pattern_1,1-H-025,363563.899,6591679.329,199.945,199.195,0,0.75,0.910849,31.688689,72.626833,15.176436,0.601515
pattern_1,1-H-025,363563.899,6591679.329,199.195,198.445,1,1.5,0.891978,33.467888,70.970307,16.34274,0.587036
pattern_1,1-H-025,363563.899,6591679.329,198.445,197.695,2,2.25,0.877675,31.702601,71.107445,15.198954,0.598619
pattern_1,1-H-025,363563.899,6591679.329,197.695,196.945,3,3,0.837244,32.561669,71.207767,14.400509,0.580982
pattern_1,1-H-025,363563.899,6591679.329,196.945,196.195,4,3.75,0.883956,31.939329,70.169709,15.155934,0.586528
pattern_1,1-H-025,363563.899,6591679.329,196.195,195.445,5,4.5,0.877148,35.357399,71.081291,16.534101,0.620104
pattern_1,1-H-025,363563.899,6591679.329,195.445,194.695,6,5.25,0.82962,34.492225,70.698437,17.565304,0.612846
pattern_1,1-H-025,363563.899,6591679.329,194.695,193.945,7,6,0.860004,35.098409,69.455786,16.100305,0.665201
pattern_1,1-H-025,363563.899,6591679.329,193.945,193.195,8,6.75,0.824638,34.24776,68.728017,16.74809,0.660088
pattern_1,1-H-025,363563.899,6591679.329,193.195,192.445,9,7.5,0.822288,35.985051,69.988339,16.432518,0.674967
pattern_1,1-H-025,363563.899,6591679.329,192.445,191.695,10,8.25,0.772891,32.125191,71.484786,17.110827,0.695607
pattern_1,1-H-025,363563.899,6591679.329,191.695,190.945,11,9,0.86205,35.82341,70.126272,16.71475,0.695556
pattern_1,1-H-025,363563.899,6591679.329,190.945,190.195,12,9.75,0.795135,34.703696,69.187723,17.448001,0.737678
pattern_1,1-H-025,363563.899,6591679.329,190.195,189.445,13,10.5,0.836849,36.358458,69.710801,16.30102,0.707275
pattern_1,1-H-025,363563.899,6591679.329,189.445,188.695,14,11.25,0.828432,36.233713,68.858251,17.386405,0.721763
pattern_1,1-H-025,363563.899,6591679.329,188.695,187.945,15,12,0.796115,38.759001,68.917812,17.431645,0.763061
pattern_1,1-H-025,363563.899,6591679.329,187.945,187.195,16,12.75,0.789203,37.131739,69.262025,17.256257,0.783846
pattern_1,1-H-025,363563.899,6591679.329,187.195,186.445,17,13.5,0.73035,37.179342,69.138715,18.895674,0.785433
pattern_1,1-H-025,363563.899,6591679.329,186.445,185.695,18,14.25,0.751285,36.139027,68.016592,18.63968,0.797454
pattern_1,1-H-025,363563.899,6591679.329,185.695,185.243,19,14.702,0.755634,37.265848,69.012926,19.081267,0.783347
pattern_1,1-H-026,363555.776,6591680.156,199.97,199.22,0,0.75,0.893445,30.304913,69.725943,14.022682,0.526875
pattern_1,1-H-026,363555.776,6591680.156,199.22,198.47,1,1.5,0.879155,32.76423,70.376893,16.856643,0.573448
pattern_1,1-H-026,363555.776,6591680.156,198.47,197.72,2,2.25,0.873752,33.52595,69.971631,14.955436,0.549996
pattern_1,1-H-026,363555.776,6591680.156,197.72,196.97,3,3,0.875176,31.239144,70.843907,14.918422,0.629861
pattern_1,1-H-026,363555.776,6591680.156,196.97,196.22,4,3.75,0.823928,32.36965,70.393686,13.62574,0.626487
pattern_1,1-H-026,363555.776,6591680.156,196.22,195.47,5,4.5,0.854353,34.781062,71.546099,16.400173,0.601001
pattern_1,1-H-026,363555.776,6591680.156,195.47,194.72,6,5.25,0.866614,34.585192,70.561871,15.699556,0.646199
pattern_1,1-H-026,363555.776,6591680.156,194.72,193.97,7,6,0.820627,36.019513,71.53625,15.637832,0.654641
pattern_1,1-H-026,363555.776,6591680.156,193.97,193.22,8,6.75,0.827133,33.967891,68.804429,16.840543,0.652543
pattern_1,1-H-026,363555.776,6591680.156,193.22,192.47,9,7.5,0.811519,34.271806,72.644943,16.617395,0.659153
pattern_1,1-H-026,363555.776,6591680.156,192.47,191.72,10,8.25,0.822365,37.586483,69.564847,16.958208,0.680164
pattern_1,1-H-026,363555.776,6591680.156,191.72,190.97,11,9,0.856486,34.383546,68.899516,18.032941,0.689232
pattern_1,1-H-026,363555.776,6591680.156,190.97,190.22,12,9.75,0.783153,36.388582,70.777925,17.119279,0.698746
pattern_1,1-H-026,363555.776,6591680.156,190.22,189.47,13,10.5,0.863767,36.437821,69.60127,17.857283,0.703568
pattern_1,1-H-026,363555.776,6591680.156,189.47,188.72,14,11.25,0.783334,36.771213,70.407527,16.546968,0.746976
pattern_1,1-H-026,363555.776,6591680.156,188.72,187.97,15,12,0.788589,35.88838,68.913121,17.531266,0.753916
pattern_1,1-H-026,363555.776,6591680.156,187.97,187.22,16,12.75,0.760894,33.942981,70.621704,16.519746,0.722895
pattern_1,1-H-026,363555.776,6591680.156,187.22,186.47,17,13.5,0.791941,37.151298,69.333939,16.246326,0.739884
pattern_1,1-H-026,363555.776,6591680.156,186.47,185.72,18,14.25,0.810966,34.998135,69.041505,17.536517,0.725146
pattern_1,1-H-026,363555.776,6591680.156,185.72,184.97,19,15,0.729532,37.300044,71.539779,18.393151,0.806154
pattern_1,1-H-026,363555.776,6591680.156,184.97,184.584,20,15.386,0.76805,35.066074,70.042685,19.5,0.775626
pattern_1,1-H-027,363647.59,6591673.76,200.082,199.332,0,0.75,0.937177,31.249093,70.118176,15.454879,0.488585
pattern_1,1-H-027,363647.59,6591673.76,199.332,198.582,1,1.5,0.942838,33.730299,72.166662,15.202685,0.545504
pattern_1,1-H-027,363647.59,6591673.76,198.582,197.832,2,2.25,0.870506,31.311807,73.045313,15.225061,0.55976
pattern_1,1-H-027,363647.59,6591673.76,197.832,197.082,3,3,0.856234,32.776959,72.04014,16.572159,0.599138
pattern_1,1-H-027,363647.59,6591673.76,197.082,196.332,4,3.75,0.825036,36.870749,70.883281,15.824027,0.629372
pattern_1,1-H-027,363647.59,6591673.76,196.332,195.582,5,4.5,0.845624,34.734528,71.152427,17.507237,0.630318
pattern_1,1-H-027,363647.59,6591673.76,195.582,194.832,6,5.25,0.803603,35.466385,69.964639,15.469932,0.7026
pattern_1,1-H-027,363647.59,6591673.76,194.832,194.082,7,6,0.815625,35.779104,71.839392,17.550889,0.705146
pattern_1,1-H-027,363647.59,6591673.76,194.082,193.693,8,6.389,0.743098,35.415878,68.417301,16.69222,0.768992
pattern_1,1-H-028,363640.18,6591675.437,200.01,199.26,0,0.75,0.958972,32.26369,74.767126,15.863124,0.479782
pattern_1,1-H-028,363640.18,6591675.437,199.26,198.51,1,1.5,0.910632,32.617272,72.233814,15.549957,0.516344
pattern_1,1-H-028,363640.18,6591675.437,198.51,197.76,2,2.25,0.906314,32.596667,72.101448,14.90181,0.529556
pattern_1,1-H-028,363640.18,6591675.437,197.76,197.01,3,3,0.874011,29.932656,70.880682,15.299909,0.53837
pattern_1,1-H-028,363640.18,6591675.437,197.01,196.26,4,3.75,0.829221,32.407836,70.430911,16.106038,0.606305
pattern_1,1-H-028,363640.18,6591675.437,196.26,195.51,5,4.5,0.846888,33.127362,70.934412,16.511285,0.611284
pattern_1,1-H-028,363640.18,6591675.437,195.51,194.76,6,5.25,0.840395,34.881625,72.236626,16.367333,0.65102
pattern_1,1-H-028,363640.18,6591675.437,194.76,194.01,7,6,0.811181,34.123101,69.485449,18.357224,0.701744
pattern_1,1-H-028,363640.18,6591675.437,194.01,193.26,8,6.75,0.781911,37.166284,69.253346,17.890577,0.732442
pattern_1,1-H-028,363640.18,6591675.437,193.26,192.796,9,7.214,0.781875,36.031671,70.405188,19.388867,0.753548
pattern_1,1-H-029,363631.69,6591676.195,199.904,199.154,0,0.75,0.866561,32.151185,70.866784,14.587437,0.505254
pattern_1,1-H-029,363631.69,6591676.195,199.154,198.404,1,1.5,0.928793,30.2745,72.289999,15.737287,0.505196
pattern_1,1-H-029,363631.69,6591676.195,198.404,197.654,2,2.25,0.873892,34.513285,72.292814,14.646701,0.585606
pattern_1,1-H-029,363631.69,6591676.195,197.654,196.904,3,3,0.888395,33.428718,71.623769,16.764937,0.591887
pattern_1,1-H-029,363631.69,6591676.195,196.904,196.154,4,3.75,0.914161,32.38068,72.937843,14.570827,0.56216
pattern_1,1-H-029,363631.69,6591676.195,196.154,195.404,5,4.5,0.843207,31.679926,70.792663,15.311317,0.642859
pattern_1,1-H-029,363631.69,6591676.195,195.404,194.654,6,5.25,0.816897,35.880521,70.890921,15.475491,0.67674
pattern_1,1-H-029,363631.69,6591676.195,194.654,193.904,7,6,0.8061,36.572483,71.39549,15.57587,0.696939
pattern_1,1-H-029,363631.69,6591676.195,193.904,193.154,8,6.75,0.823826,36.022944,70.43194,17.694479,0.697645
pattern_1,1-H-029,363631.69,6591676.195,193.154,192.404,9,7.5,0.810159,35.793095,69.968706,17.886828,0.753239
pattern_1,1-H-029,363631.69,6591676.195,192.404,191.837,10,8.067,0.812026,34.057567,69.316237,17.11558,0.707799
pattern_1,1-H-030,363623.89,6591677.716,200.059,199.309,0,0.75,0.857868,29.117114,70.286093,16.180924,0.51727
pattern_1,1-H-030,363623.89,6591677.716,199.309,198.559,1,1.5,0.937901,31.577566,70.360245,15.276885,0.501436
pattern_1,1-H-030,363623.89,6591677.716,198.559,197.809,2,2.25,0.889202,34.787303,71.777872,15.83804,0.579876
pattern_1,1-H-030,363623.89,6591677.716,197.809,197.059,3,3,0.844155,30.754066,71.724656,16.394675,0.594977
pattern_1,1-H-030,363623.89,6591677.716,197.059,196.309,4,3.75,0.851637,31.76158,73.156503,15.69852,0.549657
pattern_1,1-H-030,363623.89,6591677.716,196.309,195.559,5,4.5,0.891821,32.691025,73.379623,16.191193,0.61845
pattern_1,1-H-030,363623.89,6591677.716,195.559,194.809,6,5.25,0.854268,33.927436,70.369276,16.116411,0.633447
pattern_1,1-H-030,363623.89,6591677.716,194.809,194.059,7,6,0.83719,34.204702,70.21717,16.407919,0.656859
pattern_1,1-H-030,363623.89,6591677.716,194.059,193.309,8,6.75,0.810141,31.965054,71.375601,17.495924,0.678987
pattern_1,1-H-030,363623.89,6591677.716,193.309,192.559,9,7.5,0.831671,34.955015,70.427866,17.713106,0.691872
pattern_1,1-H-030,363623.89,6591677.716,192.559,191.809,10,8.25,0.823949,35.334789,70.345431,17.068614,0.714539
pattern_1,1-H-030,363623.89,6591677.716,191.809,191.257,11,8.802,0.790209,36.974189,69.56571,18.44903,0.752251
pattern_1,1-H-031,363616.298,6591678.456,199.923,199.173,0,0.75,0.910152,30.452959,71.210026,15.473907,0.528466
pattern_1,1-H-031,363616.298,6591678.456,199.173,198.423,1,1.5,0.877707,33.154922,73.158755,13.531736,0.575112
pattern_1,1-H-031,363616.298,6591678.456,198.423,197.673,2,2.25,0.859465,33.36368,71.983244,14.762118,0.570901
pattern_1,1-H-031,363616.298,6591678.456,197.673,196.923,3,3,0.842643,32.205975,70.905555,15.586386,0.579778
pattern_1,1-H-031,363616.298,6591678.456,196.923,196.173,4,3.75,0.912543,34.433914,71.896656,15.429406,0.606263
pattern_1,1-H-031,363616.298,6591678.456,196.173,195.423,5,4.5,0.887772,31.396817,72.183083,15.98719,0.584734
pattern_1,1-H-031,363616.298,6591678.456,195.423,194.673,6,5.25,0.861528,33.173202,70.688129,15.775793,0.598549
pattern_1,1-H-031,363616.298,6591678.456,194.673,193.923,7,6,0.811478,34.564404,70.901481,18.23379,0.62949
pattern_1,1-H-031,363616.298,6591678.456,193.923,193.173,8,6.75,0.787961,34.992747,69.250354,18.38801,0.68484
pattern_1,1-H-031,363616.298,6591678.456,193.173,192.423,9,7.5,0.787503,34.047515,69.082234,17.073277,0.701046
pattern_1,1-H-031,363616.298,6591678.456,192.423,191.673,10,8.25,0.7991,35.65702,67.966992,16.979241,0.720232
pattern_1,1-H-031,363616.298,6591678.456,191.673,190.923,11,9,0.825269,35.272419,70.884609,16.05415,0.685281
pattern_1,1-H-031,363616.298,6591678.456,190.923,190.49,12,9.433,0.755287,35.429918,68.710482,17.872608,0.74631
pattern_1,1-H-032,363608.389,6591679.28,199.999,199.249,0,0.75,0.89733,29.869815,73.76069,14.122703,0.517817
pattern_1,1-H-032,363608.389,6591679.28,199.249,198.499,1,1.5,0.903798,31.477864,71.7735,15.799809,0.56105
pattern_1,1-H-032,363608.389,6591679.28,198.499,197.749,2,2.25,0.872279,30.036125,71.014531,15.644804,0.539322
pattern_1,1-H-032,363608.389,6591679.28,197.749,196.999,3,3,0.877984,32.06696,70.544798,16.560784,0.549401
pattern_1,1-H-032,363608.389,6591679.28,196.999,196.249,4,3.75,0.865293,33.106132,73.542807,16.616768,0.622271
pattern_1,1-H-032,363608.389,6591679.28,196.249,195.499,5,4.5,0.782037,32.782846,70.809203,15.230611,0.641082
pattern_1,1-H-032,363608.389,6591679.28,195.499,194.749,6,5.25,0.867077,36.401272,71.557642,15.993122,0.64898
pattern_1,1-H-032,363608.389,6591679.28,194.749,193.999,7,6,0.868545,36.382946,72.384865,18.600343,0.670824
pattern_1,1-H-032,363608.389,6591679.28,193.999,193.249,8,6.75,0.794345,36.194857,71.760775,15.214919,0.698472
pattern_1,1-H-032,363608.389,6591679.28,193.249,192.499,9,7.5,0.855555,33.539415,69.747434,17.261799,0.670221
pattern_1,1-H-032,363608.389,6591679.28,192.499,191.749,10,8.25,0.812527,33.807955,70.935712,15.852237,0.722525
pattern_1,1-H-032,363608.389,6591679.28,191.749,190.999,11,9,0.791784,37.467274,67.736071,18.229001,0.760977
pattern_1,1-H-032,363608.389,6591679.28,190.999,190.249,12,9.75,0.81234,38.254119,68.798799,17.822287,0.759762
pattern_1,1-H-032,363608.389,6591679.28,190.249,189.654,13,10.345,0.786103,35.801724,70.571897,16.133099,0.771754
pattern_1,1-H-033,363599.812,6591680.972,199.97,199.22,0,0.75,0.914267,30.815483,73.125898,13.932653,0.511965
pattern_1,1-H-033,363599.812,6591680.972,199.22,198.47,1,1.5,0.904625,32.784841,70.54699,13.833119,0.566049
pattern_1,1-H-033,363599.812,6591680.972,198.47,197.72,2,2.25,0.841851,31.365928,71.941603,15.499545,0.57935
pattern_1,1-H-033,363599.812,6591680.972,197.72,196.97,3,3,0.892135,32.415545,69.551548,16.703016,0.533019
pattern_1,1-H-033,363599.812,6591680.972,196.97,196.22,4,3.75,0.835591,35.207568,70.735946,17.588598,0.622314
pattern_1,1-H-033,363599.812,6591680.972,196.22,195.47,5,4.5,0.877309,33.201283,70.371868,15.593876,0.637026
pattern_1,1-H-033,363599.812,6591680.972,195.47,194.72,6,5.25,0.839927,33.574566,71.789461,17.617628,0.621044
pattern_1,1-H-033,363599.812,6591680.972,194.72,193.97,7,6,0.858324,36.490674,71.476205,17.568913,0.672306
pattern_1,1-H-033,363599.812,6591680.972,193.97,193.22,8,6.75,0.847883,33.830262,71.158096,17.228879,0.671661
pattern_1,1-H-033,363599.812,6591680.972,193.22,192.47,9,7.5,0.774947,34.636378,72.296687,16.624214,0.70007
pattern_1,1-H-033,363599.812,6591680.972,192.47,191.72,10,8.25,0.811534,32.382483,68.152462,15.409461,0.674861
pattern_1,1-H-033,363599.812,6591680.972,191.72,190.97,11,9,0.804141,36.400312,70.006616,17.759346,0.734875
pattern_1,1-H-033,363599.812,6591680.972,190.97,190.22,12,9.75,0.795438,39.117215,68.96446,17.54289,0.782544
pattern_1,1-H-033,363599.812,6591680.972,190.22,189.47,13,10.5,0.776188,39.498142,70.000704,16.157741,0.792196
pattern_1,1-H-033,363599.812,6591680.972,189.47,188.803,14,11.167,0.761248,40.509122,67.151833,17.804249,0.817889
pattern_1,1-H-034,363592.28,6591681.887,199.945,199.195,0,0.75,0.920273,28.502834,71.465105,14.328902,0.520151
pattern_1,1-H-034,363592.28,6591681.887,199.195,198.445,1,1.5,0.865926,33.365726,73.827904,15.263988,0.548317
pattern_1,1-H-034,363592.28,6591681.887,198.445,197.695,2,2.25,0.894873,33.858275,72.114618,15.888023,0.571018
pattern_1,1-H-034,363592.28,6591681.887,197.695,196.945,3,3,0.921448,33.120596,70.867512,16.196422,0.561738
pattern_1,1-H-034,363592.28,6591681.887,196.945,196.195,4,3.75,0.823033,30.27607,68.379293,16.726815,0.580033
pattern_1,1-H-034,363592.28,6591681.887,196.195,195.445,5,4.5,0.866437,33.451949,71.391709,15.544246,0.58459
pattern_1,1-H-034,363592.28,6591681.887,195.445,194.695,6,5.25,0.832663,32.277836,70.330509,16.174348,0.629051
pattern_1,1-H-034,363592.28,6591681.887,194.695,193.945,7,6,0.849994,31.678481,72.622728,16.911692,0.62334
pattern_1,1-H-034,363592.28,6591681.887,193.945,193.195,8,6.75,0.809756,34.323909,69.66886,16.77194,0.658304
pattern_1,1-H-034,363592.28,6591681.887,193.195,192.445,9,7.5,0.774951,32.640772,69.640681,16.510914,0.707865
pattern_1,1-H-034,363592.28,6591681.887,192.445,191.695,10,8.25,0.815535,32.708044,69.008564,16.518746,0.701
pattern_1,1-H-034,363592.28,6591681.887,191.695,190.945,11,9,0.812311,35.110318,70.212849,16.002252,0.681094
pattern_1,1-H-034,363592.28,6591681.887,190.945,190.195,12,9.75,0.784321,34.049454,69.742468,17.136796,0.739052
pattern_1,1-H-034,363592.28,6591681.887,190.195,189.445,13,10.5,0.78589,36.464922,70.42719,15.685442,0.754848
pattern_1,1-H-034,363592.28,6591681.887,189.445,188.695,14,11.25,0.760575,35.638057,69.430786,16.961914,0.727168
pattern_1,1-H-034,363592.28,6591681.887,188.695,188.01,15,11.935,0.782463,36.396093,71.042874,18.079233,0.790977
pattern_1,1-H-035,363584.586,6591683.238,200.012,199.262,0,0.75,0.866483,31.905587,72.18661,15.475172,0.558452
pattern_1,1-H-035,363584.586,6591683.238,199.262,198.512,1,1.5,0.873854,30.835707,72.429862,16.141867,0.549069
pattern_1,1-H-035,363584.586,6591683.238,198.512,197.762,2,2.25,0.864082,33.926329,71.919517,15.258314,0.566416
pattern_1,1-H-035,363584.586,6591683.238,197.762,197.012,3,3,0.927293,32.782297,72.130455,16.242825,0.589185
pattern_1,1-H-035,363584.586,6591683.238,197.012,196.262,4,3.75,0.893063,33.779943,68.612736,15.802277,0.594803
pattern_1,1-H-035,363584.586,6591683.238,196.262,195.512,5,4.5,0.853318,34.903161,70.304716,16.374034,0.657863
pattern_1,1-H-035,363584.586,6591683.238,195.512,194.762,6,5.25,0.853595,32.701632,72.152606,15.909811,0.609917
pattern_1,1-H-035,363584.586,6591683.238,194.762,194.012,7,6,0.801848,34.204776,71.142299,17.402792,0.664433
pattern_1,1-H-035,363584.586,6591683.238,194.012,193.262,8,6.75,0.873768,34.423739,68.682166,16.461094,0.671738
pattern_1,1-H-035,363584.586,6591683.238,193.262,192.512,9,7.5,0.84125,35.726573,70.651712,17.545476,0.678849
pattern_1,1-H-035,363584.586,6591683.238,192.512,191.762,10,8.25,0.773652,33.783424,72.047818,16.957596,0.660635
pattern_1,1-H-035,363584.586,6591683.238,191.762,191.012,11,9,0.798949,34.356538,70.52806,16.675307,0.708239
pattern_1,1-H-035,363584.586,6591683.238,191.012,190.262,12,9.75,0.822317,32.752463,73.352971,18.628946,0.701789
pattern_1,1-H-035,363584.586,6591683.238,190.262,189.512,13,10.5,0.826585,36.435182,70.163012,18.394178,0.710123
pattern_1,1-H-035,363584.586,6591683.238,189.512,188.762,14,11.25,0.794419,37.083583,69.3216,18.306196,0.740117
pattern_1,1-H-035,363584.586,6591683.238,188.762,188.012,15,12,0.774091,36.747934,68.642423,16.943217,0.797665
pattern_1,1-H-035,363584.586,6591683.238,188.012,187.262,16,12.75,0.783669,40.070237,69.789593,19.043839,0.80965
pattern_1,1-H-035,363584.586,6591683.238,187.262,187.082,17,12.93,0.783681,35.782442,70.945996,19.5,0.781946
pattern_1,1-H-036,363576.732,6591684.254,200.075,199.325,0,0.75,0.879826,32.197239,69.293396,16.258176,0.54907
pattern_1,1-H-036,363576.732,6591684.254,199.325,198.575,1,1.5,0.886294,32.63065,71.886054,15.498237,0.589936
pattern_1,1-H-036,363576.732,6591684.254,198.575,197.825,2,2.25,0.93628,30.4768,70.258289,16.052957,0.563944
pattern_1,1-H-036,363576.732,6591684.254,197.825,197.075,3,3,0.877574,31.176751,75.099923,15.43448,0.597777
pattern_1,1-H-036,363576.732,6591684.254,197.075,196.325,4,3.75,0.854665,32.861309,70.804349,15.846575,0.599035
pattern_1,1-H-036,363576.732,6591684.254,196.325,195.575,5,4.5,0.84331,35.413722,71.080718,15.782663,0.664005
pattern_1,1-H-036,363576.732,6591684.254,195.575,194.825,6,5.25,0.82009,33.131258,70.057131,16.73422,0.620886
pattern_1,1-H-036,363576.732,6591684.254,194.825,194.075,7,6,0.838074,32.55505,70.191965,17.593659,0.650079
pattern_1,1-H-036,363576.732,6591684.254,194.075,193.325,8,6.75,0.842914,32.279821,72.555495,15.676236,0.629931
pattern_1,1-H-036,363576.732,6591684.254,193.325,192.575,9,7.5,0.830343,32.104326,70.971648,18.143758,0.629242
pattern_1,1-H-036,363576.732,6591684.254,192.575,191.825,10,8.25,0.840482,32.783963,71.925516,16.735367,0.678129
pattern_1,1-H-036,363576.732,6591684.254,191.825,191.075,11,9,0.866901,33.125929,71.315237,17.456827,0.698416
pattern_1,1-H-036,363576.732,6591684.254,191.075,190.325,12,9.75,0.804083,35.445198,69.682649,17.122502,0.708949
pattern_1,1-H-036,363576.732,6591684.254,190.325,189.575,13,10.5,0.815766,37.800148,71.713441,16.630728,0.753184
pattern_1,1-H-036,363576.732,6591684.254,189.575,188.825,14,11.25,0.775555,37.244393,69.918188,18.006673,0.743917
pattern_1,1-H-036,363576.732,6591684.254,188.825,188.075,15,12,0.752135,34.831136,70.160816,17.833629,0.737222
pattern_1,1-H-036,363576.732,6591684.254,188.075,187.325,16,12.75,0.782956,34.209207,69.40284,19.5,0.745178
pattern_1,1-H-036,363576.732,6591684.254,187.325,186.575,17,13.5,0.735232,34.784492,71.896662,19.310343,0.781426
pattern_1,1-H-036,363576.732,6591684.254,186.575,186.141,18,13.934,0.715748,36.298069,68.439021,17.039798,0.812021
pattern_1,1-H-037,363568.783,6591685.252,200.007,199.257,0,0.75,0.917853,32.14984,73.732907,14.463369,0.513547
pattern_1,1-H-037,363568.783,6591685.252,199.257,198.507,1,1.5,0.909757,31.786826,73.136757,16.719743,0.533594
pattern_1,1-H-037,363568.783,6591685.252,198.507,197.757,2,2.25,0.876139,32.217567,71.476218,16.238197,0.560432
pattern_1,1-H-037,363568.783,6591685.252,197.757,197.007,3,3,0.837789,34.793873,70.658428,15.008284,0.628674
pattern_1,1-H-037,363568.783,6591685.252,197.007,196.257,4,3.75,0.853983,33.422671,70.927235,15.84545,0.611058
pattern_1,1-H-037,363568.783,6591685.252,196.257,195.507,5,4.5,0.84363,33.383142,71.223258,16.339715,0.606469
pattern_1,1-H-037,363568.783,6591685.252,195.507,194.757,6,5.25,0.86139,34.637781,71.466652,17.342905,0.635522
pattern_1,1-H-037,363568.783,6591685.252,194.757,194.007,7,6,0.832962,35.034066,68.743616,16.180274,0.671589
pattern_1,1-H-037,363568.783,6591685.252,194.007,193.257,8,6.75,0.872483,34.055496,72.719992,18.871189,0.658902
pattern_1,1-H-037,363568.783,6591685.252,193.257,192.507,9,7.5,0.822194,36.540359,69.364031,17.113269,0.685149
pattern_1,1-H-037,363568.783,6591685.252,192.507,191.757,10,8.25,0.80883,37.807243,70.000461,16.01241,0.722415
pattern_1,1-H-037,363568.783,6591685.252,191.757,191.007,11,9,0.777797,35.806396,69.034208,16.778987,0.684534
pattern_1,1-H-037,363568.783,6591685.252,191.007,190.257,12,9.75,0.797992,35.374041,69.909968,17.379801,0.697591
pattern_1,1-H-037,363568.783,6591685.252,190.257,189.507,13,10.5,0.82743,36.161863,68.500002,18.001432,0.712814
pattern_1,1-H-037,363568.783,6591685.252,189.507,188.757,14,11.25,0.82994,35.045177,70.326577,17.98917,0.740119
pattern_1,1-H-037,363568.783,6591685.252,188.757,188.007,15,12,0.829513,36.891854,69.46134,16.709279,0.748181
pattern_1,1-H-037,363568.783,6591685.252,188.007,187.257,16,12.75,0.799594,34.363964,71.088255,17.726822,0.726019
pattern_1,1-H-037,363568.783,6591685.252,187.257,186.507,17,13.5,0.743386,37.486429,70.577345,16.927087,0.788463
pattern_1,1-H-037,363568.783,6591685.252,186.507,185.935,18,14.072,0.759166,36.550241,68.632091,18.329244,0.797768
pattern_1,1-H-038,363560.522,6591686.494,199.935,199.185,0,0.75,0.870999,33.144181,71.079181,15.915558,0.570223
pattern_1,1-H-038,363560.522,6591686.494,199.185,198.435,1,1.5,0.891928,32.831505,71.777253,16.772283,0.581344
pattern_1,1-H-038,363560.522,6591686.494,198.435,197.685,2,2.25,0.820447,33.923194,71.362325,15.116486,0.615808
pattern_1,1-H-038,363560.522,6591686.494,197.685,196.935,3,3,0.907173,32.742294,71.117916,14.831366,0.58849
pattern_1,1-H-038,363560.522,6591686.494,196.935,196.185,4,3.75,0.811661,30.169017,70.206534,16.616244,0.594919
pattern_1,1-H-038,363560.522,6591686.494,196.185,195.435,5,4.5,0.830417,34.082405,70.41609,18.641682,0.678178
pattern_1,1-H-038,363560.522,6591686.494,195.435,194.685,6,5.25,0.883083,36.046697,71.545758,15.805085,0.661243
pattern_1,1-H-038,363560.522,6591686.494,194.685,193.935,7,6,0.812434,32.366758,72.793847,17.108598,0.645375
pattern_1,1-H-038,363560.522,6591686.494,193.935,193.185,8,6.75,0.814649,33.870444,71.783915,17.467913,0.676989
pattern_1,1-H-038,363560.522,6591686.494,193.185,192.435,9,7.5,0.840958,35.805115,70.384777,17.815866,0.66647
pattern_1,1-H-038,363560.522,6591686.494,192.435,191.685,10,8.25,0.799878,34.178851,72.184265,18.61906,0.681234
pattern_1,1-H-038,363560.522,6591686.494,191.685,190.935,11,9,0.785685,34.224193,69.299893,18.122079,0.697977
pattern_1,1-H-038,363560.522,6591686.494,190.935,190.185,12,9.75,0.846936,38.079714,69.04008,18.063432,0.763067
pattern_1,1-H-038,363560.522,6591686.494,190.185,189.435,13,10.5,0.763667,36.566184,71.754325,17.658844,0.73168
pattern_1,1-H-038,363560.522,6591686.494,189.435,188.685,14,11.25,0.852153,36.139367,68.024591,15.816168,0.716635
pattern_1,1-H-038,363560.522,6591686.494,188.685,187.935,15,12,0.786755,34.609831,68.674086,18.270319,0.736096
pattern_1,1-H-038,363560.522,6591686.494,187.935,187.185,16,12.75,0.769877,35.455386,68.647023,17.783448,0.761069
pattern_1,1-H-038,363560.522,6591686.494,187.185,186.435,17,13.5,0.780165,36.95211,68.055575,19.5,0.784012
pattern_1,1-H-038,363560.522,6591686.494,186.435,185.685,18,14.25,0.783253,36.652121,69.005405,17.763366,0.772524
pattern_1,1-H-038,363560.522,6591686.494,185.685,184.935,19,15,0.738551,38.851478,68.970032,18.499888,0.800838
pattern_1,1-H-038,363560.522,6591686.494,184.935,184.769,20,15.166,0.737833,38.915522,67.247385,18.459595,0.817192
pattern_1,1-H-039,363553.05,6591687.487,200.046,199.296,0,0.75,0.887161,33.070326,72.636965,14.868465,0.595695
pattern_1,1-H-039,363553.05,6591687.487,199.296,198.546,1,1.5,0.887536,32.115793,72.880508,15.832216,0.565977
pattern_1,1-H-039,363553.05,6591687.487,198.546,197.796,2,2.25,0.850835,30.695566,70.433884,14.509363,0.56792
pattern_1,1-H-039,363553.05,6591687.487,197.796,197.046,3,3,0.853395,33.291922,72.655464,17.490302,0.603576
pattern_1,1-H-039,363553.05,6591687.487,197.046,196.296,4,3.75,0.862015,33.362566,71.28801,14.252262,0.603127
pattern_1,1-H-039,363553.05,6591687.487,196.296,195.546,5,4.5,0.843267,36.079449,69.990162,15.978775,0.633698
pattern_1,1-H-039,363553.05,6591687.487,195.546,194.796,6,5.25,0.832122,32.752275,71.703713,16.053285,0.634545
pattern_1,1-H-039,363553.05,6591687.487,194.796,194.046,7,6,0.845164,34.51103,72.805619,17.88881,0.615696
pattern_1,1-H-039,363553.05,6591687.487,194.046,193.296,8,6.75,0.821877,35.550445,70.764681,16.58875,0.679596
pattern_1,1-H-039,363553.05,6591687.487,193.296,192.546,9,7.5,0.778392,32.085055,71.372897,17.147242,0.663938
pattern_1,1-H-039,363553.05,6591687.487,192.546,191.796,10,8.25,0.82108,34.474066,71.319119,17.599394,0.652572
pattern_1,1-H-039,363553.05,6591687.487,191.796,191.046,11,9,0.828527,37.733292,70.758803,16.911706,0.689025
pattern_1,1-H-039,363553.05,6591687.487,191.046,190.296,12,9.75,0.853336,38.025374,71.700094,18.385911,0.746808
pattern_1,1-H-039,363553.05,6591687.487,190.296,189.546,13,10.5,0.822145,36.753425,69.053567,18.331095,0.709185
pattern_1,1-H-039,363553.05,6591687.487,189.546,188.796,14,11.25,0.775354,36.57748,71.651502,17.782896,0.777305
pattern_1,1-H-039,363553.05,6591687.487,188.796,188.046,15,12,0.800389,36.651142,68.731836,16.950633,0.738569
pattern_1,1-H-039,363553.05,6591687.487,188.046,187.296,16,12.75,0.778881,37.042081,68.368293,18.24314,0.755215
pattern_1,1-H-039,363553.05,6591687.487,187.296,186.546,17,13.5,0.75957,36.536308,71.588156,17.921798,0.782652
pattern_1,1-H-039,363553.05,6591687.487,186.546,185.796,18,14.25,0.778641,35.258297,69.781558,17.595232,0.761808
pattern_1,1-H-039,363553.05,6591687.487,185.796,185.046,19,15,0.833863,33.176453,68.00054,18.861835,0.729248
pattern_1,1-H-039,363553.05,6591687.487,185.046,184.296,20,15.75,0.7687,39.120531,68.153802,17.369377,0.80176
pattern_1,1-H-039,363553.05,6591687.487,184.296,184.12,21,15.926,0.74029,38.426295,67.262346,17.830302,0.842245
pattern_1,1-H-040,363644.983,6591681.455,200.016,199.266,0,0.75,0.901285,32.682886,72.921195,16.348063,0.510881
pattern_1,1-H-040,363644.983,6591681.455,199.266,198.516,1,1.5,0.87684,30.706601,74.515778,14.833231,0.506198
pattern_1,1-H-040,363644.983,6591681.455,198.516,197.766,2,2.25,0.902866,32.056301,70.825575,16.593114,0.54796
pattern_1,1-H-040,363644.983,6591681.455,197.766,197.016,3,3,0.875415,35.50881,72.268771,17.456599,0.602712
pattern_1,1-H-040,363644.983,6591681.455,197.016,196.266,4,3.75,0.873227,30.660336,71.147265,16.736405,0.622936
pattern_1,1-H-040,363644.983,6591681.455,196.266,195.516,5,4.5,0.854868,33.527783,71.709273,17.316056,0.624427
pattern_1,1-H-040,363644.983,6591681.455,195.516,194.766,6,5.25,0.809847,37.667841,70.746526,16.662626,0.711629
pattern_1,1-H-040,363644.983,6591681.455,194.766,194.016,7,6,0.844111,34.673044,68.523033,17.450379,0.703462
pattern_1,1-H-040,363644.983,6591681.455,194.016,193.437,8,6.579,0.82044,35.792679,68.280026,17.657926,0.722272
pattern_1,1-H-041,363637.051,6591682.942,199.915,199.165,0,0.75,0.941016,31.610018,73.727687,14.18855,0.49248
pattern_1,1-H-041,363637.051,6591682.942,199.165,198.415,1,1.5,0.889621,31.533782,73.126341,14.628212,0.498855
pattern_1,1-H-041,363637.051,6591682.942,198.415,197.665,2,2.25,0.942624,31.132836,71.076062,14.667331,0.562751
pattern_1,1-H-041,363637.051,6591682.942,197.665,196.915,3,3,0.874432,33.408524,72.194103,14.762232,0.579544
pattern_1,1-H-041,363637.051,6591682.942,196.915,196.165,4,3.75,0.841603,29.936,70.605981,14.941365,0.546979
pattern_1,1-H-041,363637.051,6591682.942,196.165,195.415,5,4.5,0.85478,34.517725,69.715264,16.337951,0.661196
pattern_1,1-H-041,363637.051,6591682.942,195.415,194.665,6,5.25,0.870266,35.602126,71.768051,17.340699,0.636291
pattern_1,1-H-041,363637.051,6591682.942,194.665,193.915,7,6,0.816549,37.068351,66.9782,18.259811,0.677108
pattern_1,1-H-041,363637.051,6591682.942,193.915,193.165,8,6.75,0.823266,32.793124,69.742815,17.117827,0.722447
pattern_1,1-H-041,363637.051,6591682.942,193.165,192.546,9,7.369,0.829328,36.093571,72.200402,15.914616,0.749319
pattern_1,1-H-042,363629.124,6591683.498,199.954,199.204,0,0.75,0.954103,31.355402,72.59152,17.14373,0.491392
pattern_1,1-H-042,363629.124,6591683.498,199.204,198.454,1,1.5,0.899918,31.75671,71.317146,15.372437,0.527119
pattern_1,1-H-042,363629.124,6591683.498,198.454,197.704,2,2.25,0.904041,33.25382,72.315782,14.596129,0.5729
pattern_1,1-H-042,363629.124,6591683.498,197.704,196.954,3,3,0.899082,34.161921,72.256503,14.806918,0.609162
pattern_1,1-H-042,363629.124,6591683.498,196.954,196.204,4,3.75,0.869114,33.301643,70.08419,17.192699,0.620202
pattern_1,1-H-042,363629.124,6591683.498,196.204,195.454,5,4.5,0.863894,33.719163,70.919205,15.775892,0.610191
pattern_1,1-H-042,363629.124,6591683.498,195.454,194.704,6,5.25,0.840212,32.011743,72.536312,17.58866,0.591949
pattern_1,1-H-042,363629.124,6591683.498,194.704,193.954,7,6,0.829429,36.083444,70.407886,18.012133,0.685646
pattern_1,1-H-042,363629.124,6591683.498,193.954,193.204,8,6.75,0.813914,32.769921,70.650762,16.72407,0.715394
pattern_1,1-H-042,363629.124,6591683.498,193.204,192.454,9,7.5,0.784167,32.039379,69.486776,17.967254,0.662671
pattern_1,1-H-042,363629.124,6591683.498,192.454,191.704,10,8.25,0.773775,37.046398,68.103597,17.575139,0.712802
pattern_1,1-H-042,363629.124,6591683.498,191.704,191.605,11,8.349,0.78384,38.160073,69.271976,17.71353,0.774524
pattern_1,1-H-043,363621.063,6591684.915,200.075,199.325,0,0.75,0.948209,31.089733,72.088559,14.469361,0.504961
pattern_1,1-H-043,363621.063,6591684.915,199.325,198.575,1,1.5,0.898968,30.981456,72.247564,16.275002,0.54454
pattern_1,1-H-043,363621.063,6591684.915,198.575,197.825,2,2.25,0.904731,32.381758,70.557426,15.994068,0.5559
pattern_1,1-H-043,363621.063,6591684.915,197.825,197.075,3,3,0.859179,31.135739,72.117719,15.615506,0.555387
pattern_1,1-H-043,363621.063,6591684.915,197.075,196.325,4,3.75,0.888249,34.398665,71.128963,16.585233,0.587494
pattern_1,1-H-043,363621.063,6591684.915,196.325,195.575,5,4.5,0.840633,33.465327,70.194506,15.835148,0.599378
pattern_1,1-H-043,363621.063,6591684.915,195.575,194.825,6,5.25,0.86007,31.598664,70.211545,16.323123,0.615069
pattern_1,1-H-043,363621.063,6591684.915,194.825,194.075,7,6,0.865972,32.567498,71.902404,17.038649,0.65445
pattern_1,1-H-043,363621.063,6591684.915,194.075,193.325,8,6.75,0.847189,36.644171,69.9152,16.954309,0.700421
pattern_1,1-H-043,363621.063,6591684.915,193.325,192.575,9,7.5,0.850774,36.697693,68.411876,18.782537,0.689458
pattern_1,1-H-043,363621.063,6591684.915,192.575,191.825,10,8.25,0.836342,35.903956,71.312951,17.238088,0.720071
pattern_1,1-H-043,363621.063,6591684.915,191.825,191.075,11,9,0.806478,36.555665,70.116145,18.063882,0.756699
pattern_1,1-H-043,363621.063,6591684.915,191.075,191.061,12,9.014,0.786547,37.061265,69.697601,16.002821,0.783963
pattern_1,1-H-044,363613.111,6591686.588,199.913,199.163,0,0.75,0.887647,33.345331,72.503148,15.187436,0.524286
pattern_1,1-H-044,363613.111,6591686.588,199.163,198.413,1,1.5,0.899754,32.123031,72.03991,14.909357,0.5027
pattern_1,1-H-044,363613.111,6591686.588,198.413,197.663,2,2.25,0.880308,31.491345,73.235727,16.607992,0.539529
pattern_1,1-H-044,363613.111,6591686.588,197.663,196.913,3,3,0.891986,31.352487,74.195336,14.832808,0.568926
pattern_1,1-H-044,363613.111,6591686.588,196.913,196.163,4,3.75,0.87672,31.496902,69.373371,16.28901,0.588625
pattern_1,1-H-044,363613.111,6591686.588,196.163,195.413,5,4.5,0.816983,31.917473,68.577458,17.442,0.605742
pattern_1,1-H-044,363613.111,6591686.588,195.413,194.663,6,5.25,0.881002,33.985538,70.069702,15.289292,0.649119
pattern_1,1-H-044,363613.111,6591686.588,194.663,193.913,7,6,0.804026,34.392191,70.502776,15.65227,0.653571
pattern_1,1-H-044,363613.111,6591686.588,193.913,193.163,8,6.75,0.837369,35.107138,71.996876,14.761123,0.656015
pattern_1,1-H-044,363613.111,6591686.588,193.163,192.413,9,7.5,0.771637,35.036167,68.800452,18.474347,0.717565
pattern_1,1-H-044,363613.111,6591686.588,192.413,191.663,10,8.25,0.824632,34.416628,69.169305,17.811874,0.687182
pattern_1,1-H-044,363613.111,6591686.588,191.663,190.913,11,9,0.788395,34.383929,70.743817,16.975795,0.711505
pattern_1,1-H-044,363613.111,6591686.588,190.913,190.163,12,9.75,0.800967,36.460603,66.78468,16.700488,0.742808
pattern_1,1-H-044,363613.111,6591686.588,190.163,190.029,13,9.884,0.770542,36.311188,66.893175,18.151442,0.69165
pattern_1,1-H-045,363605.431,6591687.392,199.988,199.238,0,0.75,0.894692,31.765509,73.891559,17.491884,0.53628
pattern_1,1-H-045,363605.431,6591687.392,199.238,198.488,1,1.5,0.897463,31.804913,71.203094,15.26541,0.530425
pattern_1,1-H-045,363605.431,6591687.392,198.488,197.738,2,2.25,0.910643,28.9653,71.921653,13.074946,0.531228
pattern_1,1-H-045,363605.431,6591687.392,197.738,196.988,3,3,0.880758,32.066007,71.653557,16.169575,0.597008
pattern_1,1-H-045,363605.431,6591687.392,196.988,196.238,4,3.75,0.879639,30.721354,71.887332,15.899163,0.557618
pattern_1,1-H-045,363605.431,6591687.392,196.238,195.488,5,4.5,0.828328,34.076351,72.938147,16.09949,0.630297
pattern_1,1-H-045,363605.431,6591687.392,195.488,194.738,6,5.25,0.799852,33.745726,71.71132,17.028812,0.649131
pattern_1,1-H-045,363605.431,6591687.392,194.738,193.988,7,6,0.843013,32.885835,69.763769,16.453876,0.627871
pattern_1,1-H-045,363605.431,6591687.392,193.988,193.238,8,6.75,0.822405,33.621914,70.943211,16.622672,0.661285
pattern_1,1-H-045,363605.431,6591687.392,193.238,192.488,9,7.5,0.785617,35.638887,71.350765,17.118883,0.716394
pattern_1,1-H-045,363605.431,6591687.392,192.488,191.738,10,8.25,0.818938,36.83914,69.654329,17.928566,0.770012
pattern_1,1-H-045,363605.431,6591687.392,191.738,190.988,11,9,0.815305,31.490838,70.998199,17.214957,0.674353
pattern_1,1-H-045,363605.431,6591687.392,190.988,190.238,12,9.75,0.754758,36.551216,68.714355,18.204613,0.733848
pattern_1,1-H-045,363605.431,6591687.392,190.238,189.488,13,10.5,0.751661,35.741012,69.076981,17.7988,0.769502
pattern_1,1-H-045,363605.431,6591687.392,189.488,189.365,14,10.623,0.797469,35.293455,69.014593,18.738847,0.747813
pattern_1,1-H-046,363597.699,6591688.479,200,199.25,0,0.75,0.938229,35.06044,73.219234,15.690792,0.522015
pattern_1,1-H-046,363597.699,6591688.479,199.25,198.5,1,1.5,0.880339,34.506936,70.519692,13.992435,0.561481
pattern_1,1-H-046,363597.699,6591688.479,198.5,197.75,2,2.25,0.882331,32.871211,70.516371,16.937911,0.57977
pattern_1,1-H-046,363597.699,6591688.479,197.75,197,3,3,0.804624,34.571182,70.247532,15.528532,0.600042
pattern_1,1-H-046,363597.699,6591688.479,197,196.25,4,3.75,0.883911,33.69628,72.231814,15.795467,0.614997
pattern_1,1-H-046,363597.699,6591688.479,196.25,195.5,5,4.5,0.832205,33.761891,72.256048,15.360418,0.62846
pattern_1,1-H-046,363597.699,6591688.479,195.5,194.75,6,5.25,0.856274,33.564086,69.714737,16.985552,0.619736
pattern_1,1-H-046,363597.699,6591688.479,194.75,194,7,6,0.8334,33.300762,70.517822,17.111322,0.652778
pattern_1,1-H-046,363597.699,6591688.479,194,193.25,8,6.75,0.842536,32.961328,70.538477,16.510718,0.631625
pattern_1,1-H-046,363597.699,6591688.479,193.25,192.5,9,7.5,0.845932,36.525292,69.962886,16.961655,0.691405
pattern_1,1-H-046,363597.699,6591688.479,192.5,191.75,10,8.25,0.813331,35.508171,69.973786,17.696861,0.711106
pattern_1,1-H-046,363597.699,6591688.479,191.75,191,11,9,0.810132,33.023843,70.688683,19.076035,0.688568
pattern_1,1-H-046,363597.699,6591688.479,191,190.25,12,9.75,0.78456,35.986361,69.067412,17.210879,0.738436
pattern_1,1-H-046,363597.699,6591688.479,190.25,189.5,13,10.5,0.80233,37.87746,69.255736,16.441466,0.753953
pattern_1,1-H-046,363597.699,6591688.479,189.5,188.763,14,11.237,0.763432,35.645631,69.767135,18.844338,0.762965
pattern_1,1-H-047,363589.608,6591689.622,199.863,199.113,0,0.75,0.879716,31.095187,71.725585,15.274962,0.550347
pattern_1,1-H-047,363589.608,6591689.622,199.113,198.363,1,1.5,0.871444,30.097446,70.87085,14.680357,0.522476
pattern_1,1-H-047,363589.608,6591689.622,198.363,197.613,2,2.25,0.894392,32.056743,71.082874,15.779936,0.557121
pattern_1,1-H-047,363589.608,6591689.622,197.613,196.863,3,3,0.861155,32.719227,71.790587,14.262059,0.563047
pattern_1,1-H-047,363589.608,6591689.622,196.863,196.113,4,3.75,0.885547,33.386935,70.328731,16.039436,0.583917
pattern_1,1-H-047,363589.608,6591689.622,196.113,195.363,5,4.5,0.882956,33.976606,71.181034,17.496031,0.646636
pattern_1,1-H-047,363589.608,6591689.622,195.363,194.613,6,5.25,0.783501,33.077141,70.372553,15.862185,0.610037
pattern_1,1-H-047,363589.608,6591689.622,194.613,193.863,7,6,0.842653,35.929194,71.777743,14.742155,0.658785
pattern_1,1-H-047,363589.608,6591689.622,193.863,193.113,8,6.75,0.824346,33.800264,71.602512,15.587174,0.663901
pattern_1,1-H-047,363589.608,6591689.622,193.113,192.363,9,7.5,0.839374,35.393172,70.790801,14.551072,0.674821
pattern_1,1-H-047,363589.608,6591689.622,192.363,191.613,10,8.25,0.824707,34.557474,70.09137,18.161547,0.688338
pattern_1,1-H-047,363589.608,6591689.622,191.613,190.863,11,9,0.835884,34.374344,69.834125,17.670754,0.707921
pattern_1,1-H-047,363589.608,6591689.622,190.863,190.113,12,9.75,0.80151,34.082895,69.656322,16.516025,0.72572
pattern_1,1-H-047,363589.608,6591689.622,190.113,189.363,13,10.5,0.795465,36.12183,69.471479,17.870701,0.778494
pattern_1,1-H-047,363589.608,6591689.622,189.363,188.613,14,11.25,0.797957,33.49385,71.524103,18.041339,0.748188
pattern_1,1-H-047,363589.608,6591689.622,188.613,187.863,15,12,0.74416,36.752499,70.168968,18.230657,0.739949
pattern_1,1-H-047,363589.608,6591689.622,187.863,187.39,16,12.473,0.810774,35.71357,70.635108,18.945616,0.747578
pattern_1,1-H-048,363581.934,6591690.467,200.026,199.276,0,0.75,0.879646,31.812745,72.125317,16.239649,0.582206
pattern_1,1-H-048,363581.934,6591690.467,199.276,198.526,1,1.5,0.873645,32.626491,70.428475,15.071506,0.587231
pattern_1,1-H-048,363581.934,6591690.467,198.526,197.776,2,2.25,0.853083,34.764549,72.705115,15.324069,0.59659
pattern_1,1-H-048,363581.934,6591690.467,197.776,197.026,3,3,0.865858,32.647805,69.75887,16.358062,0.619264
pattern_1,1-H-048,363581.934,6591690.467,197.026,196.276,4,3.75,0.91654,32.673781,72.598287,16.440733,0.591421
pattern_1,1-H-048,363581.934,6591690.467,196.276,195.526,5,4.5,0.868648,33.572057,71.321407,15.791678,0.581475
pattern_1,1-H-048,363581.934,6591690.467,195.526,194.776,6,5.25,0.833362,32.532204,69.522031,16.402268,0.617631
pattern_1,1-H-048,363581.934,6591690.467,194.776,194.026,7,6,0.83556,33.291905,71.477891,16.191985,0.628769
pattern_1,1-H-048,363581.934,6591690.467,194.026,193.276,8,6.75,0.864496,35.127482,71.033129,17.700574,0.685101
pattern_1,1-H-048,363581.934,6591690.467,193.276,192.526,9,7.5,0.876157,36.262475,71.645997,16.443272,0.685347
pattern_1,1-H-048,363581.934,6591690.467,192.526,191.776,10,8.25,0.821782,33.878416,70.185636,17.078638,0.661273
pattern_1,1-H-048,363581.934,6591690.467,191.776,191.026,11,9,0.858347,34.256846,70.776407,16.691769,0.660646
pattern_1,1-H-048,363581.934,6591690.467,191.026,190.276,12,9.75,0.826351,37.239615,70.763395,16.527178,0.727292
pattern_1,1-H-048,363581.934,6591690.467,190.276,189.526,13,10.5,0.808385,36.31879,70.187782,17.017083,0.734801
pattern_1,1-H-048,363581.934,6591690.467,189.526,188.776,14,11.25,0.766641,37.584565,69.025411,17.898897,0.765973
pattern_1,1-H-048,363581.934,6591690.467,188.776,188.026,15,12,0.817073,36.829927,70.907404,16.293163,0.754122
pattern_1,1-H-048,363581.934,6591690.467,188.026,187.276,16,12.75,0.807283,33.243867,69.777823,19.269092,0.732035
pattern_1,1-H-048,363581.934,6591690.467,187.276,187.026,17,13,0.782888,35.830762,71.520497,18.371292,0.769696
pattern_1,1-H-049,363573.81,6591691.752,200.052,199.302,0,0.75,0.887562,28.970575,72.454423,14.847177,0.50328
pattern_1,1-H-049,363573.81,6591691.752,199.302,198.552,1,1.5,0.906045,32.520995,72.547725,14.676094,0.581307
pattern_1,1-H-049,363573.81,6591691.752,198.552,197.802,2,2.25,0.864045,31.881437,70.903592,15.968397,0.587296
pattern_1,1-H-049,363573.81,6591691.752,197.802,197.052,3,3,0.896062,33.40292,72.120978,16.338058,0.593563
pattern_1,1-H-049,363573.81,6591691.752,197.052,196.302,4,3.75,0.89424,32.459866,72.271273,17.261629,0.617598
pattern_1,1-H-049,363573.81,6591691.752,196.302,195.552,5,4.5,0.845208,33.454325,70.631197,16.518536,0.60518
pattern_1,1-H-049,363573.81,6591691.752,195.552,194.802,6,5.25,0.827615,32.030166,71.125434,18.035077,0.620569
pattern_1,1-H-049,363573.81,6591691.752,194.802,194.052,7,6,0.835093,34.53916,71.979278,14.864298,0.652916
pattern_1,1-H-049,363573.81,6591691.752,194.052,193.302,8,6.75,0.855605,33.606708,71.680544,17.73267,0.67973
pattern_1,1-H-049,363573.81,6591691.752,193.302,192.552,9,7.5,0.81343,33.124563,69.845756,17.896243,0.66826
pattern_1,1-H-049,363573.81,6591691.752,192.552,191.802,10,8.25,0.790584,34.605784,69.359312,16.193949,0.733548
pattern_1,1-H-049,363573.81,6591691.752,191.802,191.052,11,9,0.800536,33.073625,70.092188,18.060025,0.685809
pattern_1,1-H-049,363573.81,6591691.752,191.052,190.302,12,9.75,0.81567,34.110162,71.810793,16.582814,0.704154
pattern_1,1-H-049,363573.81,6591691.752,190.302,189.552,13,10.5,0.776775,35.645501,68.80744,17.314791,0.771484
pattern_1,1-H-049,363573.81,6591691.752,189.552,188.802,14,11.25,0.80026,35.62454,69.461133,17.151636,0.746992
pattern_1,1-H-049,363573.81,6591691.752,188.802,188.052,15,12,0.771241,36.185387,69.495597,18.802546,0.76266
pattern_1,1-H-049,363573.81,6591691.752,188.052,187.302,16,12.75,0.779523,38.092819,69.410046,16.990881,0.76683
pattern_1,1-H-049,363573.81,6591691.752,187.302,186.552,17,13.5,0.820556,34.483324,68.178008,19.261118,0.763181
pattern_1,1-H-049,363573.81,6591691.752,186.552,186.194,18,13.858,0.783446,38.136068,68.921296,18.738087,0.77957
pattern_1,1-H-050,363565.689,6591692.856,199.944,199.194,0,0.75,0.861627,31.649102,72.918294,15.790449,0.541502
pattern_1,1-H-050,363565.689,6591692.856,199.194,198.444,1,1.5,0.888546,27.847542,70.83915,15.96842,0.518186
pattern_1,1-H-050,363565.689,6591692.856,198.444,197.694,2,2.25,0.851075,34.957583,73.357639,14.708977,0.618041
pattern_1,1-H-050,363565.689,6591692.856,197.694,196.944,3,3,0.877902,32.579538,71.419003,15.350624,0.591962
pattern_1,1-H-050,363565.689,6591692.856,196.944,196.194,4,3.75,0.906797,34.141893,70.150264,16.518253,0.588673
pattern_1,1-H-050,363565.689,6591692.856,196.194,195.444,5,4.5,0.841126,32.938638,70.208404,15.208365,0.618952
pattern_1,1-H-050,363565.689,6591692.856,195.444,194.694,6,5.25,0.836757,34.100931,70.683921,16.64518,0.696532
pattern_1,1-H-050,363565.689,6591692.856,194.694,193.944,7,6,0.854277,36.430843,69.514552,17.077389,0.674719
pattern_1,1-H-050,363565.689,6591692.856,193.944,193.194,8,6.75,0.863228,33.855206,72.870671,16.966441,0.640403
pattern_1,1-H-050,363565.689,6591692.856,193.194,192.444,9,7.5,0.865522,37.555814,69.093002,15.163661,0.682974
pattern_1,1-H-050,363565.689,6591692.856,192.444,191.694,10,8.25,0.783159,33.014548,71.915041,17.154444,0.655576
pattern_1,1-H-050,363565.689,6591692.856,191.694,190.944,11,9,0.815241,36.609478,68.575883,17.834658,0.698862
pattern_1,1-H-050,363565.689,6591692.856,190.944,190.194,12,9.75,0.845065,36.072723,70.756372,18.580565,0.72007
pattern_1,1-H-050,363565.689,6591692.856,190.194,189.444,13,10.5,0.767744,35.234026,71.560935,17.278583,0.723178
pattern_1,1-H-050,363565.689,6591692.856,189.444,188.694,14,11.25,0.812642,36.882049,68.762891,16.01492,0.755208
pattern_1,1-H-050,363565.689,6591692.856,188.694,187.944,15,12,0.761578,33.189928,68.807787,18.190065,0.74704
pattern_1,1-H-050,363565.689,6591692.856,187.944,187.194,16,12.75,0.763118,37.58629,68.255349,17.904829,0.773826
pattern_1,1-H-050,363565.689,6591692.856,187.194,186.444,17,13.5,0.814105,37.102743,68.930635,16.674735,0.793387
pattern_1,1-H-050,363565.689,6591692.856,186.444,185.694,18,14.25,0.753792,38.958472,68.783058,16.933713,0.82301
pattern_1,1-H-050,363565.689,6591692.856,185.694,185.508,19,14.436,0.779144,37.252832,68.138929,18.83533,0.809
pattern_1,1-H-051,363558.002,6591693.868,200.019,199.269,0,0.75,0.88378,31.414662,71.212559,15.79466,0.576861
pattern_1,1-H-051,363558.002,6591693.868,199.269,198.519,1,1.5,0.878831,32.815434,71.024436,16.754705,0.557296
pattern_1,1-H-051,363558.002,6591693.868,198.519,197.769,2,2.25,0.853686,33.280312,72.347925,17.004241,0.603886
pattern_1,1-H-051,363558.002,6591693.868,197.769,197.019,3,3,0.85223,33.840275,72.115718,15.203986,0.608091
pattern_1,1-H-051,363558.002,6591693.868,197.019,196.269,4,3.75,0.853443,32.061444,72.77663,16.864567,0.611601
pattern_1,1-H-051,363558.002,6591693.868,196.269,195.519,5,4.5,0.876805,35.605091,70.063859,16.028332,0.589418
pattern_1,1-H-051,363558.002,6591693.868,195.519,194.769,6,5.25,0.839066,33.156138,71.289599,16.682653,0.63844
pattern_1,1-H-051,363558.002,6591693.868,194.769,194.019,7,6,0.848021,32.574759,71.495564,16.282487,0.62794
pattern_1,1-H-051,363558.002,6591693.868,194.019,193.269,8,6.75,0.873302,33.382673,68.451056,16.416378,0.650366
pattern_1,1-H-051,363558.002,6591693.868,193.269,192.519,9,7.5,0.802943,33.029286,70.407267,17.238327,0.671242
pattern_1,1-H-051,363558.002,6591693.868,192.519,191.769,10,8.25,0.788164,37.114661,68.2287,17.18317,0.701216
pattern_1,1-H-051,363558.002,6591693.868,191.769,191.019,11,9,0.809668,34.969398,70.754211,15.847758,0.691477
pattern_1,1-H-051,363558.002,6591693.868,191.019,190.269,12,9.75,0.832043,35.473043,70.666409,17.240183,0.691609
pattern_1,1-H-051,363558.002,6591693.868,190.269,189.519,13,10.5,0.821673,36.079449,71.189727,19.371734,0.721067
pattern_1,1-H-051,363558.002,6591693.868,189.519,188.769,14,11.25,0.814693,34.039334,71.267634,17.455965,0.745937
pattern_1,1-H-051,363558.002,6591693.868,188.769,188.019,15,12,0.844022,34.915166,69.986033,17.695805,0.706236
pattern_1,1-H-051,363558.002,6591693.868,188.019,187.269,16,12.75,0.778777,35.749805,70.179668,17.371212,0.78458
pattern_1,1-H-051,363558.002,6591693.868,187.269,186.519,17,13.5,0.741719,35.351306,70.125317,18.616739,0.760218
pattern_1,1-H-051,363558.002,6591693.868,186.519,185.769,18,14.25,0.79024,36.933053,69.332737,18.485267,0.775925
pattern_1,1-H-051,363558.002,6591693.868,185.769,185.019,19,15,0.750326,37.13951,68.841437,18.075527,0.820358
pattern_1,1-H-051,363558.002,6591693.868,185.019,184.713,20,15.306,0.772696,38.195029,66.975374,18.463918,0.793666
pattern_1,1-H-052,363641.761,6591689.192,199.957,199.207,0,0.75,0.888171,31.311002,72.917951,12.695184,0.475423
pattern_1,1-H-052,363641.761,6591689.192,199.207,198.457,1,1.5,0.926888,32.241613,72.567143,15.230628,0.530435
pattern_1,1-H-052,363641.761,6591689.192,198.457,197.707,2,2.25,0.890193,32.037932,73.046033,16.168024,0.568508
pattern_1,1-H-052,363641.761,6591689.192,197.707,196.957,3,3,0.876318,32.256494,72.08389,14.967313,0.558203
pattern_1,1-H-052,363641.761,6591689.192,196.957,196.207,4,3.75,0.899954,33.871588,72.107777,16.031925,0.592727
pattern_1,1-H-052,363641.761,6591689.192,196.207,195.457,5,4.5,0.800974,33.840003,70.933118,16.453592,0.656042
pattern_1,1-H-052,363641.761,6591689.192,195.457,194.707,6,5.25,0.848237,36.410288,71.517104,16.731266,0.676399
pattern_1,1-H-052,363641.761,6591689.192,194.707,193.957,7,6,0.859214,34.785505,70.93413,16.015847,0.673326
pattern_1,1-H-052,363641.761,6591689.192,193.957,193.207,8,6.75,0.791214,34.71752,67.355737,16.117972,0.693327
pattern_1,1-H-052,363641.761,6591689.192,193.207,192.986,9,6.971,0.810904,36.013757,68.232679,16.144067,0.70937
pattern_1,1-H-053,363633.921,6591690.172,199.912,199.162,0,0.75,0.914177,31.276816,74.563102,13.795184,0.522024
pattern_1,1-H-053,363633.921,6591690.172,199.162,198.412,1,1.5,0.915216,30.602082,70.842217,15.786941,0.537683
pattern_1,1-H-053,363633.921,6591690.172,198.412,197.662,2,2.25,0.86598,33.194965,69.375744,15.567669,0.573961
pattern_1,1-H-053,363633.921,6591690.172,197.662,196.912,3,3,0.858926,33.876108,72.725103,16.74343,0.621746
pattern_1,1-H-053,363633.921,6591690.172,196.912,196.162,4,3.75,0.87265,33.825269,70.521663,15.32419,0.617478
pattern_1,1-H-053,363633.921,6591690.172,196.162,195.412,5,4.5,0.832718,34.460916,70.706208,15.20075,0.613006
pattern_1,1-H-053,363633.921,6591690.172,195.412,194.662,6,5.25,0.812681,32.951489,69.703086,17.696333,0.6505
pattern_1,1-H-053,363633.921,6591690.172,194.662,193.912,7,6,0.848623,34.329284,69.119473,16.836924,0.657793
pattern_1,1-H-053,363633.921,6591690.172,193.912,193.162,8,6.75,0.827159,37.691529,70.25767,17.333039,0.728773
pattern_1,1-H-053,363633.921,6591690.172,193.162,192.412,9,7.5,0.753506,36.828314,70.502918,17.205088,0.743069
pattern_1,1-H-053,363633.921,6591690.172,192.412,192.105,10,7.807,0.789691,36.293753,68.892651,18.891525,0.702027
pattern_1,1-H-054,363626.077,6591691.237,200.012,199.262,0,0.75,0.917365,31.798853,74.151455,14.032759,0.513614
pattern_1,1-H-054,363626.077,6591691.237,199.262,198.512,1,1.5,0.911955,30.172154,72.397224,13.748365,0.518073
pattern_1,1-H-054,363626.077,6591691.237,198.512,197.762,2,2.25,0.913646,32.211651,72.960394,15.738079,0.543575
pattern_1,1-H-054,363626.077,6591691.237,197.762,197.012,3,3,0.844948,33.120096,71.650228,14.307698,0.605198
pattern_1,1-H-054,363626.077,6591691.237,197.012,196.262,4,3.75,0.877264,33.677863,71.969266,15.884577,0.562201
pattern_1,1-H-054,363626.077,6591691.237,196.262,195.512,5,4.5,0.851799,31.71233,70.776334,15.320124,0.593829
pattern_1,1-H-054,363626.077,6591691.237,195.512,194.762,6,5.25,0.867977,32.053185,72.446912,19.44221,0.641473
pattern_1,1-H-054,363626.077,6591691.237,194.762,194.012,7,6,0.816456,35.007102,69.811359,15.7946,0.673946
pattern_1,1-H-054,363626.077,6591691.237,194.012,193.262,8,6.75,0.861611,33.494364,70.424373,14.888843,0.679509
pattern_1,1-H-054,363626.077,6591691.237,193.262,192.512,9,7.5,0.811093,34.927374,70.649037,17.527171,0.725258
pattern_1,1-H-054,363626.077,6591691.237,192.512,191.762,10,8.25,0.825979,36.61274,70.030326,17.64082,0.717162
pattern_1,1-H-054,363626.077,6591691.237,191.762,191.322,11,8.69,0.739864,35.541958,70.677284,17.342836,0.77414
